feature_path,emotion,split
features_logmel\train\0.npy,happy,train
features_logmel\train\1.npy,sad,train
features_logmel\train\2.npy,neutral,train
features_logmel\train\3.npy,sad,train
features_logmel\train\4.npy,happy,train
features_logmel\train\5.npy,sad,train
features_logmel\train\6.npy,sad,train
features_logmel\train\7.npy,sad,train
features_logmel\train\8.npy,neutral,train
features_logmel\train\9.npy,angry,train
features_logmel\train\10.npy,angry,train
features_logmel\train\11.npy,angry,train
features_logmel\train\12.npy,happy,train
features_logmel\train\13.npy,sad,train
features_logmel\train\14.npy,happy,train
features_logmel\train\15.npy,neutral,train
features_logmel\train\16.npy,angry,train
features_logmel\train\17.npy,neutral,train
features_logmel\train\18.npy,angry,train
features_logmel\train\19.npy,neutral,train
features_logmel\train\20.npy,sad,train
features_logmel\train\21.npy,neutral,train
features_logmel\train\22.npy,neutral,train
features_logmel\train\23.npy,angry,train
features_logmel\train\24.npy,happy,train
features_logmel\train\25.npy,neutral,train
features_logmel\train\26.npy,neutral,train
features_logmel\train\27.npy,neutral,train
features_logmel\train\28.npy,sad,train
features_logmel\train\29.npy,neutral,train
features_logmel\train\30.npy,neutral,train
features_logmel\train\31.npy,neutral,train
features_logmel\train\32.npy,angry,train
features_logmel\train\33.npy,angry,train
features_logmel\train\34.npy,neutral,train
features_logmel\train\35.npy,neutral,train
features_logmel\train\36.npy,sad,train
features_logmel\train\37.npy,sad,train
features_logmel\train\38.npy,sad,train
features_logmel\train\39.npy,happy,train
features_logmel\train\40.npy,neutral,train
features_logmel\train\41.npy,angry,train
features_logmel\train\42.npy,sad,train
features_logmel\train\43.npy,angry,train
features_logmel\train\44.npy,sad,train
features_logmel\train\45.npy,sad,train
features_logmel\train\46.npy,neutral,train
features_logmel\train\47.npy,neutral,train
features_logmel\train\48.npy,happy,train
features_logmel\train\49.npy,neutral,train
features_logmel\train\50.npy,angry,train
features_logmel\train\51.npy,neutral,train
features_logmel\train\52.npy,angry,train
features_logmel\train\53.npy,happy,train
features_logmel\train\54.npy,happy,train
features_logmel\train\55.npy,sad,train
features_logmel\train\56.npy,angry,train
features_logmel\train\57.npy,happy,train
features_logmel\train\58.npy,happy,train
features_logmel\train\59.npy,neutral,train
features_logmel\train\60.npy,sad,train
features_logmel\train\61.npy,neutral,train
features_logmel\train\62.npy,sad,train
features_logmel\train\63.npy,sad,train
features_logmel\train\64.npy,neutral,train
features_logmel\train\65.npy,neutral,train
features_logmel\train\66.npy,happy,train
features_logmel\train\67.npy,angry,train
features_logmel\train\68.npy,sad,train
features_logmel\train\69.npy,neutral,train
features_logmel\train\70.npy,angry,train
features_logmel\train\71.npy,happy,train
features_logmel\train\72.npy,neutral,train
features_logmel\train\73.npy,neutral,train
features_logmel\train\74.npy,happy,train
features_logmel\train\75.npy,happy,train
features_logmel\train\76.npy,angry,train
features_logmel\train\77.npy,angry,train
features_logmel\train\78.npy,happy,train
features_logmel\train\79.npy,sad,train
features_logmel\train\80.npy,angry,train
features_logmel\train\81.npy,sad,train
features_logmel\train\82.npy,angry,train
features_logmel\train\83.npy,neutral,train
features_logmel\train\84.npy,neutral,train
features_logmel\train\85.npy,neutral,train
features_logmel\train\86.npy,happy,train
features_logmel\train\87.npy,sad,train
features_logmel\train\88.npy,sad,train
features_logmel\train\89.npy,neutral,train
features_logmel\train\90.npy,angry,train
features_logmel\train\91.npy,sad,train
features_logmel\train\92.npy,sad,train
features_logmel\train\93.npy,angry,train
features_logmel\train\94.npy,happy,train
features_logmel\train\95.npy,sad,train
features_logmel\train\96.npy,neutral,train
features_logmel\train\97.npy,neutral,train
features_logmel\train\98.npy,neutral,train
features_logmel\train\99.npy,angry,train
features_logmel\train\100.npy,angry,train
features_logmel\train\101.npy,neutral,train
features_logmel\train\102.npy,happy,train
features_logmel\train\103.npy,sad,train
features_logmel\train\104.npy,neutral,train
features_logmel\train\105.npy,angry,train
features_logmel\train\106.npy,sad,train
features_logmel\train\107.npy,sad,train
features_logmel\train\108.npy,neutral,train
features_logmel\train\109.npy,happy,train
features_logmel\train\110.npy,neutral,train
features_logmel\train\111.npy,happy,train
features_logmel\train\112.npy,angry,train
features_logmel\train\113.npy,neutral,train
features_logmel\train\114.npy,angry,train
features_logmel\train\115.npy,angry,train
features_logmel\train\116.npy,angry,train
features_logmel\train\117.npy,neutral,train
features_logmel\train\118.npy,sad,train
features_logmel\train\119.npy,angry,train
features_logmel\train\120.npy,neutral,train
features_logmel\train\121.npy,neutral,train
features_logmel\train\122.npy,sad,train
features_logmel\train\123.npy,sad,train
features_logmel\train\124.npy,happy,train
features_logmel\train\125.npy,angry,train
features_logmel\train\126.npy,angry,train
features_logmel\train\127.npy,sad,train
features_logmel\train\128.npy,happy,train
features_logmel\train\129.npy,sad,train
features_logmel\train\130.npy,neutral,train
features_logmel\train\131.npy,angry,train
features_logmel\train\132.npy,neutral,train
features_logmel\train\133.npy,happy,train
features_logmel\train\134.npy,sad,train
features_logmel\train\135.npy,neutral,train
features_logmel\train\136.npy,angry,train
features_logmel\train\137.npy,sad,train
features_logmel\train\138.npy,happy,train
features_logmel\train\139.npy,neutral,train
features_logmel\train\140.npy,neutral,train
features_logmel\train\141.npy,neutral,train
features_logmel\train\142.npy,happy,train
features_logmel\train\143.npy,sad,train
features_logmel\train\144.npy,neutral,train
features_logmel\train\145.npy,happy,train
features_logmel\train\146.npy,neutral,train
features_logmel\train\147.npy,sad,train
features_logmel\train\148.npy,neutral,train
features_logmel\train\149.npy,sad,train
features_logmel\train\150.npy,angry,train
features_logmel\train\151.npy,happy,train
features_logmel\train\152.npy,neutral,train
features_logmel\train\153.npy,neutral,train
features_logmel\train\154.npy,sad,train
features_logmel\train\155.npy,neutral,train
features_logmel\train\156.npy,happy,train
features_logmel\train\157.npy,neutral,train
features_logmel\train\158.npy,sad,train
features_logmel\train\159.npy,happy,train
features_logmel\train\160.npy,happy,train
features_logmel\train\161.npy,neutral,train
features_logmel\train\162.npy,angry,train
features_logmel\train\163.npy,happy,train
features_logmel\train\164.npy,sad,train
features_logmel\train\165.npy,angry,train
features_logmel\train\166.npy,neutral,train
features_logmel\train\167.npy,sad,train
features_logmel\train\168.npy,sad,train
features_logmel\train\169.npy,angry,train
features_logmel\train\170.npy,sad,train
features_logmel\train\171.npy,angry,train
features_logmel\train\172.npy,happy,train
features_logmel\train\173.npy,sad,train
features_logmel\train\174.npy,neutral,train
features_logmel\train\175.npy,sad,train
features_logmel\train\176.npy,happy,train
features_logmel\train\177.npy,neutral,train
features_logmel\train\178.npy,sad,train
features_logmel\train\179.npy,sad,train
features_logmel\train\180.npy,sad,train
features_logmel\train\181.npy,happy,train
features_logmel\train\182.npy,sad,train
features_logmel\train\183.npy,happy,train
features_logmel\train\184.npy,neutral,train
features_logmel\train\185.npy,angry,train
features_logmel\train\186.npy,sad,train
features_logmel\train\187.npy,angry,train
features_logmel\train\188.npy,angry,train
features_logmel\train\189.npy,neutral,train
features_logmel\train\190.npy,neutral,train
features_logmel\train\191.npy,neutral,train
features_logmel\train\192.npy,sad,train
features_logmel\train\193.npy,sad,train
features_logmel\train\194.npy,sad,train
features_logmel\train\195.npy,happy,train
features_logmel\train\196.npy,angry,train
features_logmel\train\197.npy,sad,train
features_logmel\train\198.npy,angry,train
features_logmel\train\199.npy,neutral,train
features_logmel\train\200.npy,angry,train
features_logmel\train\201.npy,angry,train
features_logmel\train\202.npy,happy,train
features_logmel\train\203.npy,angry,train
features_logmel\train\204.npy,neutral,train
features_logmel\train\205.npy,sad,train
features_logmel\train\206.npy,neutral,train
features_logmel\train\207.npy,neutral,train
features_logmel\train\208.npy,happy,train
features_logmel\train\209.npy,neutral,train
features_logmel\train\210.npy,neutral,train
features_logmel\train\211.npy,happy,train
features_logmel\train\212.npy,sad,train
features_logmel\train\213.npy,sad,train
features_logmel\train\214.npy,happy,train
features_logmel\train\215.npy,angry,train
features_logmel\train\216.npy,happy,train
features_logmel\train\217.npy,neutral,train
features_logmel\train\218.npy,sad,train
features_logmel\train\219.npy,sad,train
features_logmel\train\220.npy,angry,train
features_logmel\train\221.npy,neutral,train
features_logmel\train\222.npy,happy,train
features_logmel\train\223.npy,happy,train
features_logmel\train\224.npy,angry,train
features_logmel\train\225.npy,sad,train
features_logmel\train\226.npy,happy,train
features_logmel\train\227.npy,neutral,train
features_logmel\train\228.npy,sad,train
features_logmel\train\229.npy,neutral,train
features_logmel\train\230.npy,angry,train
features_logmel\train\231.npy,neutral,train
features_logmel\train\232.npy,sad,train
features_logmel\train\233.npy,angry,train
features_logmel\train\234.npy,happy,train
features_logmel\train\235.npy,neutral,train
features_logmel\train\236.npy,sad,train
features_logmel\train\237.npy,neutral,train
features_logmel\train\238.npy,happy,train
features_logmel\train\239.npy,happy,train
features_logmel\train\240.npy,neutral,train
features_logmel\train\241.npy,neutral,train
features_logmel\train\242.npy,angry,train
features_logmel\train\243.npy,happy,train
features_logmel\train\244.npy,happy,train
features_logmel\train\245.npy,sad,train
features_logmel\train\246.npy,neutral,train
features_logmel\train\247.npy,happy,train
features_logmel\train\248.npy,neutral,train
features_logmel\train\249.npy,angry,train
features_logmel\train\250.npy,sad,train
features_logmel\train\251.npy,neutral,train
features_logmel\train\252.npy,neutral,train
features_logmel\train\253.npy,angry,train
features_logmel\train\254.npy,happy,train
features_logmel\train\255.npy,happy,train
features_logmel\train\256.npy,happy,train
features_logmel\train\257.npy,happy,train
features_logmel\train\258.npy,angry,train
features_logmel\train\259.npy,sad,train
features_logmel\train\260.npy,neutral,train
features_logmel\train\261.npy,happy,train
features_logmel\train\262.npy,sad,train
features_logmel\train\263.npy,sad,train
features_logmel\train\264.npy,neutral,train
features_logmel\train\265.npy,neutral,train
features_logmel\train\266.npy,neutral,train
features_logmel\train\267.npy,neutral,train
features_logmel\train\268.npy,happy,train
features_logmel\train\269.npy,sad,train
features_logmel\train\270.npy,neutral,train
features_logmel\train\271.npy,neutral,train
features_logmel\train\272.npy,neutral,train
features_logmel\train\273.npy,happy,train
features_logmel\train\274.npy,sad,train
features_logmel\train\275.npy,neutral,train
features_logmel\train\276.npy,neutral,train
features_logmel\train\277.npy,neutral,train
features_logmel\train\278.npy,happy,train
features_logmel\train\279.npy,happy,train
features_logmel\train\280.npy,neutral,train
features_logmel\train\281.npy,happy,train
features_logmel\train\282.npy,angry,train
features_logmel\train\283.npy,angry,train
features_logmel\train\284.npy,neutral,train
features_logmel\train\285.npy,neutral,train
features_logmel\train\286.npy,neutral,train
features_logmel\train\287.npy,sad,train
features_logmel\train\288.npy,sad,train
features_logmel\train\289.npy,happy,train
features_logmel\train\290.npy,happy,train
features_logmel\train\291.npy,angry,train
features_logmel\train\292.npy,happy,train
features_logmel\train\293.npy,neutral,train
features_logmel\train\294.npy,neutral,train
features_logmel\train\295.npy,neutral,train
features_logmel\train\296.npy,happy,train
features_logmel\train\297.npy,angry,train
features_logmel\train\298.npy,sad,train
features_logmel\train\299.npy,angry,train
features_logmel\train\300.npy,neutral,train
features_logmel\train\301.npy,neutral,train
features_logmel\train\302.npy,angry,train
features_logmel\train\303.npy,sad,train
features_logmel\train\304.npy,neutral,train
features_logmel\train\305.npy,sad,train
features_logmel\train\306.npy,angry,train
features_logmel\train\307.npy,sad,train
features_logmel\train\308.npy,happy,train
features_logmel\train\309.npy,neutral,train
features_logmel\train\310.npy,happy,train
features_logmel\train\311.npy,happy,train
features_logmel\train\312.npy,neutral,train
features_logmel\train\313.npy,angry,train
features_logmel\train\314.npy,happy,train
features_logmel\train\315.npy,neutral,train
features_logmel\train\316.npy,happy,train
features_logmel\train\317.npy,neutral,train
features_logmel\train\318.npy,neutral,train
features_logmel\train\319.npy,neutral,train
features_logmel\train\320.npy,sad,train
features_logmel\train\321.npy,happy,train
features_logmel\train\322.npy,angry,train
features_logmel\train\323.npy,neutral,train
features_logmel\train\324.npy,angry,train
features_logmel\train\325.npy,neutral,train
features_logmel\train\326.npy,angry,train
features_logmel\train\327.npy,neutral,train
features_logmel\train\328.npy,neutral,train
features_logmel\train\329.npy,neutral,train
features_logmel\train\330.npy,neutral,train
features_logmel\train\331.npy,neutral,train
features_logmel\train\332.npy,sad,train
features_logmel\train\333.npy,neutral,train
features_logmel\train\334.npy,happy,train
features_logmel\train\335.npy,angry,train
features_logmel\train\336.npy,sad,train
features_logmel\train\337.npy,angry,train
features_logmel\train\338.npy,happy,train
features_logmel\train\339.npy,happy,train
features_logmel\train\340.npy,neutral,train
features_logmel\train\341.npy,happy,train
features_logmel\train\342.npy,happy,train
features_logmel\train\343.npy,neutral,train
features_logmel\train\344.npy,sad,train
features_logmel\train\345.npy,angry,train
features_logmel\train\346.npy,neutral,train
features_logmel\train\347.npy,neutral,train
features_logmel\train\348.npy,angry,train
features_logmel\train\349.npy,sad,train
features_logmel\train\350.npy,sad,train
features_logmel\train\351.npy,happy,train
features_logmel\train\352.npy,happy,train
features_logmel\train\353.npy,angry,train
features_logmel\train\354.npy,sad,train
features_logmel\train\355.npy,neutral,train
features_logmel\train\356.npy,sad,train
features_logmel\train\357.npy,sad,train
features_logmel\train\358.npy,sad,train
features_logmel\train\359.npy,sad,train
features_logmel\train\360.npy,angry,train
features_logmel\train\361.npy,neutral,train
features_logmel\train\362.npy,sad,train
features_logmel\train\363.npy,sad,train
features_logmel\train\364.npy,neutral,train
features_logmel\train\365.npy,angry,train
features_logmel\train\366.npy,neutral,train
features_logmel\train\367.npy,neutral,train
features_logmel\train\368.npy,neutral,train
features_logmel\train\369.npy,neutral,train
features_logmel\train\370.npy,neutral,train
features_logmel\train\371.npy,happy,train
features_logmel\train\372.npy,happy,train
features_logmel\train\373.npy,neutral,train
features_logmel\train\374.npy,neutral,train
features_logmel\train\375.npy,happy,train
features_logmel\train\376.npy,happy,train
features_logmel\train\377.npy,happy,train
features_logmel\train\378.npy,sad,train
features_logmel\train\379.npy,neutral,train
features_logmel\train\380.npy,angry,train
features_logmel\train\381.npy,happy,train
features_logmel\train\382.npy,angry,train
features_logmel\train\383.npy,neutral,train
features_logmel\train\384.npy,happy,train
features_logmel\train\385.npy,angry,train
features_logmel\train\386.npy,sad,train
features_logmel\train\387.npy,neutral,train
features_logmel\train\388.npy,sad,train
features_logmel\train\389.npy,neutral,train
features_logmel\train\390.npy,happy,train
features_logmel\train\391.npy,happy,train
features_logmel\train\392.npy,neutral,train
features_logmel\train\393.npy,happy,train
features_logmel\train\394.npy,neutral,train
features_logmel\train\395.npy,angry,train
features_logmel\train\396.npy,sad,train
features_logmel\train\397.npy,sad,train
features_logmel\train\398.npy,neutral,train
features_logmel\train\399.npy,neutral,train
features_logmel\train\400.npy,angry,train
features_logmel\train\401.npy,angry,train
features_logmel\train\402.npy,sad,train
features_logmel\train\403.npy,angry,train
features_logmel\train\404.npy,happy,train
features_logmel\train\405.npy,sad,train
features_logmel\train\406.npy,happy,train
features_logmel\train\407.npy,sad,train
features_logmel\train\408.npy,angry,train
features_logmel\train\409.npy,sad,train
features_logmel\train\410.npy,sad,train
features_logmel\train\411.npy,sad,train
features_logmel\train\412.npy,happy,train
features_logmel\train\413.npy,neutral,train
features_logmel\train\414.npy,neutral,train
features_logmel\train\415.npy,neutral,train
features_logmel\train\416.npy,sad,train
features_logmel\train\417.npy,happy,train
features_logmel\train\418.npy,neutral,train
features_logmel\train\419.npy,happy,train
features_logmel\train\420.npy,neutral,train
features_logmel\train\421.npy,happy,train
features_logmel\train\422.npy,neutral,train
features_logmel\train\423.npy,happy,train
features_logmel\train\424.npy,happy,train
features_logmel\train\425.npy,happy,train
features_logmel\train\426.npy,neutral,train
features_logmel\train\427.npy,neutral,train
features_logmel\train\428.npy,sad,train
features_logmel\train\429.npy,angry,train
features_logmel\train\430.npy,neutral,train
features_logmel\train\431.npy,happy,train
features_logmel\train\432.npy,angry,train
features_logmel\train\433.npy,happy,train
features_logmel\train\434.npy,angry,train
features_logmel\train\435.npy,happy,train
features_logmel\train\436.npy,happy,train
features_logmel\train\437.npy,neutral,train
features_logmel\train\438.npy,sad,train
features_logmel\train\439.npy,angry,train
features_logmel\train\440.npy,happy,train
features_logmel\train\441.npy,neutral,train
features_logmel\train\442.npy,happy,train
features_logmel\train\443.npy,neutral,train
features_logmel\train\444.npy,happy,train
features_logmel\train\445.npy,sad,train
features_logmel\train\446.npy,angry,train
features_logmel\train\447.npy,happy,train
features_logmel\train\448.npy,neutral,train
features_logmel\train\449.npy,angry,train
features_logmel\train\450.npy,angry,train
features_logmel\train\451.npy,angry,train
features_logmel\train\452.npy,sad,train
features_logmel\train\453.npy,happy,train
features_logmel\train\454.npy,happy,train
features_logmel\train\455.npy,neutral,train
features_logmel\train\456.npy,sad,train
features_logmel\train\457.npy,happy,train
features_logmel\train\458.npy,angry,train
features_logmel\train\459.npy,neutral,train
features_logmel\train\460.npy,happy,train
features_logmel\train\461.npy,neutral,train
features_logmel\train\462.npy,angry,train
features_logmel\train\463.npy,sad,train
features_logmel\train\464.npy,happy,train
features_logmel\train\465.npy,neutral,train
features_logmel\train\466.npy,happy,train
features_logmel\train\467.npy,happy,train
features_logmel\train\468.npy,sad,train
features_logmel\train\469.npy,happy,train
features_logmel\train\470.npy,happy,train
features_logmel\train\471.npy,neutral,train
features_logmel\train\472.npy,sad,train
features_logmel\train\473.npy,happy,train
features_logmel\train\474.npy,sad,train
features_logmel\train\475.npy,neutral,train
features_logmel\train\476.npy,angry,train
features_logmel\train\477.npy,sad,train
features_logmel\train\478.npy,happy,train
features_logmel\train\479.npy,neutral,train
features_logmel\train\480.npy,sad,train
features_logmel\train\481.npy,happy,train
features_logmel\train\482.npy,neutral,train
features_logmel\train\483.npy,happy,train
features_logmel\train\484.npy,neutral,train
features_logmel\train\485.npy,happy,train
features_logmel\train\486.npy,neutral,train
features_logmel\train\487.npy,happy,train
features_logmel\train\488.npy,neutral,train
features_logmel\train\489.npy,sad,train
features_logmel\train\490.npy,happy,train
features_logmel\train\491.npy,happy,train
features_logmel\train\492.npy,neutral,train
features_logmel\train\493.npy,angry,train
features_logmel\train\494.npy,angry,train
features_logmel\train\495.npy,happy,train
features_logmel\train\496.npy,neutral,train
features_logmel\train\497.npy,neutral,train
features_logmel\train\498.npy,neutral,train
features_logmel\train\499.npy,angry,train
features_logmel\train\500.npy,neutral,train
features_logmel\train\501.npy,sad,train
features_logmel\train\502.npy,sad,train
features_logmel\train\503.npy,angry,train
features_logmel\train\504.npy,happy,train
features_logmel\train\505.npy,happy,train
features_logmel\train\506.npy,happy,train
features_logmel\train\507.npy,neutral,train
features_logmel\train\508.npy,happy,train
features_logmel\train\509.npy,happy,train
features_logmel\train\510.npy,sad,train
features_logmel\train\511.npy,happy,train
features_logmel\train\512.npy,happy,train
features_logmel\train\513.npy,neutral,train
features_logmel\train\514.npy,neutral,train
features_logmel\train\515.npy,neutral,train
features_logmel\train\516.npy,happy,train
features_logmel\train\517.npy,sad,train
features_logmel\train\518.npy,happy,train
features_logmel\train\519.npy,angry,train
features_logmel\train\520.npy,sad,train
features_logmel\train\521.npy,neutral,train
features_logmel\train\522.npy,neutral,train
features_logmel\train\523.npy,happy,train
features_logmel\train\524.npy,angry,train
features_logmel\train\525.npy,sad,train
features_logmel\train\526.npy,happy,train
features_logmel\train\527.npy,angry,train
features_logmel\train\528.npy,sad,train
features_logmel\train\529.npy,neutral,train
features_logmel\train\530.npy,happy,train
features_logmel\train\531.npy,happy,train
features_logmel\train\532.npy,neutral,train
features_logmel\train\533.npy,happy,train
features_logmel\train\534.npy,neutral,train
features_logmel\train\535.npy,happy,train
features_logmel\train\536.npy,sad,train
features_logmel\train\537.npy,neutral,train
features_logmel\train\538.npy,happy,train
features_logmel\train\539.npy,angry,train
features_logmel\train\540.npy,angry,train
features_logmel\train\541.npy,sad,train
features_logmel\train\542.npy,neutral,train
features_logmel\train\543.npy,happy,train
features_logmel\train\544.npy,neutral,train
features_logmel\train\545.npy,happy,train
features_logmel\train\546.npy,happy,train
features_logmel\train\547.npy,neutral,train
features_logmel\train\548.npy,angry,train
features_logmel\train\549.npy,neutral,train
features_logmel\train\550.npy,sad,train
features_logmel\train\551.npy,angry,train
features_logmel\train\552.npy,sad,train
features_logmel\train\553.npy,neutral,train
features_logmel\train\554.npy,happy,train
features_logmel\train\555.npy,angry,train
features_logmel\train\556.npy,happy,train
features_logmel\train\557.npy,angry,train
features_logmel\train\558.npy,angry,train
features_logmel\train\559.npy,neutral,train
features_logmel\train\560.npy,angry,train
features_logmel\train\561.npy,neutral,train
features_logmel\train\562.npy,happy,train
features_logmel\train\563.npy,neutral,train
features_logmel\train\564.npy,happy,train
features_logmel\train\565.npy,sad,train
features_logmel\train\566.npy,happy,train
features_logmel\train\567.npy,happy,train
features_logmel\train\568.npy,angry,train
features_logmel\train\569.npy,happy,train
features_logmel\train\570.npy,neutral,train
features_logmel\train\571.npy,happy,train
features_logmel\train\572.npy,happy,train
features_logmel\train\573.npy,angry,train
features_logmel\train\574.npy,sad,train
features_logmel\train\575.npy,angry,train
features_logmel\train\576.npy,neutral,train
features_logmel\train\577.npy,happy,train
features_logmel\train\578.npy,sad,train
features_logmel\train\579.npy,happy,train
features_logmel\train\580.npy,neutral,train
features_logmel\train\581.npy,sad,train
features_logmel\train\582.npy,neutral,train
features_logmel\train\583.npy,happy,train
features_logmel\train\584.npy,sad,train
features_logmel\train\585.npy,neutral,train
features_logmel\train\586.npy,sad,train
features_logmel\train\587.npy,sad,train
features_logmel\train\588.npy,happy,train
features_logmel\train\589.npy,sad,train
features_logmel\train\590.npy,happy,train
features_logmel\train\591.npy,sad,train
features_logmel\train\592.npy,angry,train
features_logmel\train\593.npy,sad,train
features_logmel\train\594.npy,angry,train
features_logmel\train\595.npy,angry,train
features_logmel\train\596.npy,sad,train
features_logmel\train\597.npy,sad,train
features_logmel\train\598.npy,neutral,train
features_logmel\train\599.npy,neutral,train
features_logmel\train\600.npy,angry,train
features_logmel\train\601.npy,happy,train
features_logmel\train\602.npy,sad,train
features_logmel\train\603.npy,neutral,train
features_logmel\train\604.npy,happy,train
features_logmel\train\605.npy,happy,train
features_logmel\train\606.npy,neutral,train
features_logmel\train\607.npy,happy,train
features_logmel\train\608.npy,angry,train
features_logmel\train\609.npy,neutral,train
features_logmel\train\610.npy,angry,train
features_logmel\train\611.npy,angry,train
features_logmel\train\612.npy,angry,train
features_logmel\train\613.npy,happy,train
features_logmel\train\614.npy,angry,train
features_logmel\train\615.npy,happy,train
features_logmel\train\616.npy,angry,train
features_logmel\train\617.npy,angry,train
features_logmel\train\618.npy,neutral,train
features_logmel\train\619.npy,happy,train
features_logmel\train\620.npy,happy,train
features_logmel\train\621.npy,sad,train
features_logmel\train\622.npy,neutral,train
features_logmel\train\623.npy,sad,train
features_logmel\train\624.npy,angry,train
features_logmel\train\625.npy,angry,train
features_logmel\train\626.npy,happy,train
features_logmel\train\627.npy,happy,train
features_logmel\train\628.npy,happy,train
features_logmel\train\629.npy,happy,train
features_logmel\train\630.npy,neutral,train
features_logmel\train\631.npy,angry,train
features_logmel\train\632.npy,happy,train
features_logmel\train\633.npy,sad,train
features_logmel\train\634.npy,angry,train
features_logmel\train\635.npy,angry,train
features_logmel\train\636.npy,neutral,train
features_logmel\train\637.npy,sad,train
features_logmel\train\638.npy,sad,train
features_logmel\train\639.npy,sad,train
features_logmel\train\640.npy,happy,train
features_logmel\train\641.npy,neutral,train
features_logmel\train\642.npy,neutral,train
features_logmel\train\643.npy,happy,train
features_logmel\train\644.npy,sad,train
features_logmel\train\645.npy,neutral,train
features_logmel\train\646.npy,sad,train
features_logmel\train\647.npy,angry,train
features_logmel\train\648.npy,neutral,train
features_logmel\train\649.npy,neutral,train
features_logmel\train\650.npy,happy,train
features_logmel\train\651.npy,neutral,train
features_logmel\train\652.npy,neutral,train
features_logmel\train\653.npy,happy,train
features_logmel\train\654.npy,happy,train
features_logmel\train\655.npy,neutral,train
features_logmel\train\656.npy,angry,train
features_logmel\train\657.npy,sad,train
features_logmel\train\658.npy,angry,train
features_logmel\train\659.npy,angry,train
features_logmel\train\660.npy,sad,train
features_logmel\train\661.npy,happy,train
features_logmel\train\662.npy,neutral,train
features_logmel\train\663.npy,sad,train
features_logmel\train\664.npy,sad,train
features_logmel\train\665.npy,sad,train
features_logmel\train\666.npy,sad,train
features_logmel\train\667.npy,neutral,train
features_logmel\train\668.npy,neutral,train
features_logmel\train\669.npy,angry,train
features_logmel\train\670.npy,happy,train
features_logmel\train\671.npy,neutral,train
features_logmel\train\672.npy,happy,train
features_logmel\train\673.npy,angry,train
features_logmel\train\674.npy,sad,train
features_logmel\train\675.npy,happy,train
features_logmel\train\676.npy,happy,train
features_logmel\train\677.npy,happy,train
features_logmel\train\678.npy,happy,train
features_logmel\train\679.npy,neutral,train
features_logmel\train\680.npy,happy,train
features_logmel\train\681.npy,happy,train
features_logmel\train\682.npy,happy,train
features_logmel\train\683.npy,neutral,train
features_logmel\train\684.npy,sad,train
features_logmel\train\685.npy,happy,train
features_logmel\train\686.npy,neutral,train
features_logmel\train\687.npy,angry,train
features_logmel\train\688.npy,neutral,train
features_logmel\train\689.npy,angry,train
features_logmel\train\690.npy,happy,train
features_logmel\train\691.npy,happy,train
features_logmel\train\692.npy,sad,train
features_logmel\train\693.npy,happy,train
features_logmel\train\694.npy,angry,train
features_logmel\train\695.npy,neutral,train
features_logmel\train\696.npy,happy,train
features_logmel\train\697.npy,happy,train
features_logmel\train\698.npy,sad,train
features_logmel\train\699.npy,angry,train
features_logmel\train\700.npy,sad,train
features_logmel\train\701.npy,neutral,train
features_logmel\train\702.npy,sad,train
features_logmel\train\703.npy,happy,train
features_logmel\train\704.npy,happy,train
features_logmel\train\705.npy,sad,train
features_logmel\train\706.npy,happy,train
features_logmel\train\707.npy,sad,train
features_logmel\train\708.npy,angry,train
features_logmel\train\709.npy,neutral,train
features_logmel\train\710.npy,sad,train
features_logmel\train\711.npy,happy,train
features_logmel\train\712.npy,happy,train
features_logmel\train\713.npy,sad,train
features_logmel\train\714.npy,angry,train
features_logmel\train\715.npy,happy,train
features_logmel\train\716.npy,neutral,train
features_logmel\train\717.npy,neutral,train
features_logmel\train\718.npy,sad,train
features_logmel\train\719.npy,happy,train
features_logmel\train\720.npy,angry,train
features_logmel\train\721.npy,sad,train
features_logmel\train\722.npy,neutral,train
features_logmel\train\723.npy,neutral,train
features_logmel\train\724.npy,happy,train
features_logmel\train\725.npy,angry,train
features_logmel\train\726.npy,sad,train
features_logmel\train\727.npy,angry,train
features_logmel\train\728.npy,angry,train
features_logmel\train\729.npy,sad,train
features_logmel\train\730.npy,angry,train
features_logmel\train\731.npy,neutral,train
features_logmel\train\732.npy,angry,train
features_logmel\train\733.npy,happy,train
features_logmel\train\734.npy,neutral,train
features_logmel\train\735.npy,sad,train
features_logmel\train\736.npy,sad,train
features_logmel\train\737.npy,sad,train
features_logmel\train\738.npy,sad,train
features_logmel\train\739.npy,happy,train
features_logmel\train\740.npy,sad,train
features_logmel\train\741.npy,happy,train
features_logmel\train\742.npy,happy,train
features_logmel\train\743.npy,happy,train
features_logmel\train\744.npy,angry,train
features_logmel\train\745.npy,angry,train
features_logmel\train\746.npy,angry,train
features_logmel\train\747.npy,neutral,train
features_logmel\train\748.npy,sad,train
features_logmel\train\749.npy,sad,train
features_logmel\train\750.npy,sad,train
features_logmel\train\751.npy,neutral,train
features_logmel\train\752.npy,sad,train
features_logmel\train\753.npy,happy,train
features_logmel\train\754.npy,angry,train
features_logmel\train\755.npy,happy,train
features_logmel\train\756.npy,angry,train
features_logmel\train\757.npy,happy,train
features_logmel\train\758.npy,sad,train
features_logmel\train\759.npy,angry,train
features_logmel\train\760.npy,neutral,train
features_logmel\train\761.npy,sad,train
features_logmel\train\762.npy,angry,train
features_logmel\train\763.npy,angry,train
features_logmel\train\764.npy,neutral,train
features_logmel\train\765.npy,sad,train
features_logmel\train\766.npy,sad,train
features_logmel\train\767.npy,happy,train
features_logmel\train\768.npy,happy,train
features_logmel\train\769.npy,sad,train
features_logmel\train\770.npy,happy,train
features_logmel\train\771.npy,sad,train
features_logmel\train\772.npy,happy,train
features_logmel\train\773.npy,angry,train
features_logmel\train\774.npy,neutral,train
features_logmel\train\775.npy,happy,train
features_logmel\train\776.npy,angry,train
features_logmel\train\777.npy,happy,train
features_logmel\train\778.npy,happy,train
features_logmel\train\779.npy,neutral,train
features_logmel\train\780.npy,angry,train
features_logmel\train\781.npy,happy,train
features_logmel\train\782.npy,happy,train
features_logmel\train\783.npy,happy,train
features_logmel\train\784.npy,happy,train
features_logmel\train\785.npy,happy,train
features_logmel\train\786.npy,neutral,train
features_logmel\train\787.npy,angry,train
features_logmel\train\788.npy,neutral,train
features_logmel\train\789.npy,neutral,train
features_logmel\train\790.npy,neutral,train
features_logmel\train\791.npy,sad,train
features_logmel\train\792.npy,happy,train
features_logmel\train\793.npy,angry,train
features_logmel\train\794.npy,happy,train
features_logmel\train\795.npy,sad,train
features_logmel\train\796.npy,sad,train
features_logmel\train\797.npy,happy,train
features_logmel\train\798.npy,happy,train
features_logmel\train\799.npy,neutral,train
features_logmel\train\800.npy,happy,train
features_logmel\train\801.npy,neutral,train
features_logmel\train\802.npy,neutral,train
features_logmel\train\803.npy,neutral,train
features_logmel\train\804.npy,sad,train
features_logmel\train\805.npy,neutral,train
features_logmel\train\806.npy,neutral,train
features_logmel\train\807.npy,angry,train
features_logmel\train\808.npy,happy,train
features_logmel\train\809.npy,neutral,train
features_logmel\train\810.npy,happy,train
features_logmel\train\811.npy,happy,train
features_logmel\train\812.npy,sad,train
features_logmel\train\813.npy,angry,train
features_logmel\train\814.npy,sad,train
features_logmel\train\815.npy,neutral,train
features_logmel\train\816.npy,sad,train
features_logmel\train\817.npy,happy,train
features_logmel\train\818.npy,sad,train
features_logmel\train\819.npy,angry,train
features_logmel\train\820.npy,happy,train
features_logmel\train\821.npy,neutral,train
features_logmel\train\822.npy,happy,train
features_logmel\train\823.npy,neutral,train
features_logmel\train\824.npy,sad,train
features_logmel\train\825.npy,sad,train
features_logmel\train\826.npy,sad,train
features_logmel\train\827.npy,happy,train
features_logmel\train\828.npy,neutral,train
features_logmel\train\829.npy,sad,train
features_logmel\train\830.npy,angry,train
features_logmel\train\831.npy,angry,train
features_logmel\train\832.npy,sad,train
features_logmel\train\833.npy,sad,train
features_logmel\train\834.npy,sad,train
features_logmel\train\835.npy,happy,train
features_logmel\train\836.npy,angry,train
features_logmel\train\837.npy,neutral,train
features_logmel\train\838.npy,neutral,train
features_logmel\train\839.npy,sad,train
features_logmel\train\840.npy,angry,train
features_logmel\train\841.npy,neutral,train
features_logmel\train\842.npy,happy,train
features_logmel\train\843.npy,neutral,train
features_logmel\train\844.npy,happy,train
features_logmel\train\845.npy,neutral,train
features_logmel\train\846.npy,angry,train
features_logmel\train\847.npy,sad,train
features_logmel\train\848.npy,sad,train
features_logmel\train\849.npy,neutral,train
features_logmel\train\850.npy,happy,train
features_logmel\train\851.npy,angry,train
features_logmel\train\852.npy,neutral,train
features_logmel\train\853.npy,neutral,train
features_logmel\train\854.npy,sad,train
features_logmel\train\855.npy,happy,train
features_logmel\train\856.npy,happy,train
features_logmel\train\857.npy,happy,train
features_logmel\train\858.npy,sad,train
features_logmel\train\859.npy,happy,train
features_logmel\train\860.npy,neutral,train
features_logmel\train\861.npy,sad,train
features_logmel\train\862.npy,neutral,train
features_logmel\train\863.npy,sad,train
features_logmel\train\864.npy,angry,train
features_logmel\train\865.npy,neutral,train
features_logmel\train\866.npy,neutral,train
features_logmel\train\867.npy,angry,train
features_logmel\train\868.npy,angry,train
features_logmel\train\869.npy,sad,train
features_logmel\train\870.npy,neutral,train
features_logmel\train\871.npy,angry,train
features_logmel\train\872.npy,angry,train
features_logmel\train\873.npy,happy,train
features_logmel\train\874.npy,angry,train
features_logmel\train\875.npy,neutral,train
features_logmel\train\876.npy,happy,train
features_logmel\train\877.npy,angry,train
features_logmel\train\878.npy,sad,train
features_logmel\train\879.npy,happy,train
features_logmel\train\880.npy,neutral,train
features_logmel\train\881.npy,angry,train
features_logmel\train\882.npy,angry,train
features_logmel\train\883.npy,neutral,train
features_logmel\train\884.npy,happy,train
features_logmel\train\885.npy,happy,train
features_logmel\train\886.npy,sad,train
features_logmel\train\887.npy,angry,train
features_logmel\train\888.npy,happy,train
features_logmel\train\889.npy,happy,train
features_logmel\train\890.npy,happy,train
features_logmel\train\891.npy,neutral,train
features_logmel\train\892.npy,neutral,train
features_logmel\train\893.npy,neutral,train
features_logmel\train\894.npy,angry,train
features_logmel\train\895.npy,neutral,train
features_logmel\train\896.npy,happy,train
features_logmel\train\897.npy,happy,train
features_logmel\train\898.npy,neutral,train
features_logmel\train\899.npy,angry,train
features_logmel\train\900.npy,happy,train
features_logmel\train\901.npy,neutral,train
features_logmel\train\902.npy,neutral,train
features_logmel\train\903.npy,happy,train
features_logmel\train\904.npy,neutral,train
features_logmel\train\905.npy,neutral,train
features_logmel\train\906.npy,neutral,train
features_logmel\train\907.npy,sad,train
features_logmel\train\908.npy,neutral,train
features_logmel\train\909.npy,happy,train
features_logmel\train\910.npy,angry,train
features_logmel\train\911.npy,neutral,train
features_logmel\train\912.npy,neutral,train
features_logmel\train\913.npy,happy,train
features_logmel\train\914.npy,happy,train
features_logmel\train\915.npy,angry,train
features_logmel\train\916.npy,angry,train
features_logmel\train\917.npy,neutral,train
features_logmel\train\918.npy,neutral,train
features_logmel\train\919.npy,sad,train
features_logmel\train\920.npy,sad,train
features_logmel\train\921.npy,happy,train
features_logmel\train\922.npy,angry,train
features_logmel\train\923.npy,happy,train
features_logmel\train\924.npy,angry,train
features_logmel\train\925.npy,sad,train
features_logmel\train\926.npy,angry,train
features_logmel\train\927.npy,sad,train
features_logmel\train\928.npy,happy,train
features_logmel\train\929.npy,sad,train
features_logmel\train\930.npy,sad,train
features_logmel\train\931.npy,neutral,train
features_logmel\train\932.npy,sad,train
features_logmel\train\933.npy,angry,train
features_logmel\train\934.npy,happy,train
features_logmel\train\935.npy,neutral,train
features_logmel\train\936.npy,happy,train
features_logmel\train\937.npy,sad,train
features_logmel\train\938.npy,angry,train
features_logmel\train\939.npy,happy,train
features_logmel\train\940.npy,angry,train
features_logmel\train\941.npy,sad,train
features_logmel\train\942.npy,angry,train
features_logmel\train\943.npy,sad,train
features_logmel\train\944.npy,happy,train
features_logmel\train\945.npy,angry,train
features_logmel\train\946.npy,angry,train
features_logmel\train\947.npy,sad,train
features_logmel\train\948.npy,angry,train
features_logmel\train\949.npy,happy,train
features_logmel\train\950.npy,angry,train
features_logmel\train\951.npy,angry,train
features_logmel\train\952.npy,happy,train
features_logmel\train\953.npy,happy,train
features_logmel\train\954.npy,happy,train
features_logmel\train\955.npy,angry,train
features_logmel\train\956.npy,neutral,train
features_logmel\train\957.npy,neutral,train
features_logmel\train\958.npy,sad,train
features_logmel\train\959.npy,sad,train
features_logmel\train\960.npy,angry,train
features_logmel\train\961.npy,sad,train
features_logmel\train\962.npy,sad,train
features_logmel\train\963.npy,angry,train
features_logmel\train\964.npy,sad,train
features_logmel\train\965.npy,happy,train
features_logmel\train\966.npy,angry,train
features_logmel\train\967.npy,angry,train
features_logmel\train\968.npy,sad,train
features_logmel\train\969.npy,happy,train
features_logmel\train\970.npy,sad,train
features_logmel\train\971.npy,happy,train
features_logmel\train\972.npy,happy,train
features_logmel\train\973.npy,happy,train
features_logmel\train\974.npy,sad,train
features_logmel\train\975.npy,happy,train
features_logmel\train\976.npy,happy,train
features_logmel\train\977.npy,angry,train
features_logmel\train\978.npy,neutral,train
features_logmel\train\979.npy,angry,train
features_logmel\train\980.npy,neutral,train
features_logmel\train\981.npy,neutral,train
features_logmel\train\982.npy,sad,train
features_logmel\train\983.npy,sad,train
features_logmel\train\984.npy,angry,train
features_logmel\train\985.npy,angry,train
features_logmel\train\986.npy,happy,train
features_logmel\train\987.npy,neutral,train
features_logmel\train\988.npy,happy,train
features_logmel\train\989.npy,neutral,train
features_logmel\train\990.npy,sad,train
features_logmel\train\991.npy,happy,train
features_logmel\train\992.npy,neutral,train
features_logmel\train\993.npy,sad,train
features_logmel\train\994.npy,happy,train
features_logmel\train\995.npy,happy,train
features_logmel\train\996.npy,angry,train
features_logmel\train\997.npy,angry,train
features_logmel\train\998.npy,neutral,train
features_logmel\train\999.npy,sad,train
features_logmel\train\1000.npy,neutral,train
features_logmel\train\1001.npy,happy,train
features_logmel\train\1002.npy,neutral,train
features_logmel\train\1003.npy,neutral,train
features_logmel\train\1004.npy,neutral,train
features_logmel\train\1005.npy,happy,train
features_logmel\train\1006.npy,angry,train
features_logmel\train\1007.npy,sad,train
features_logmel\train\1008.npy,neutral,train
features_logmel\train\1009.npy,angry,train
features_logmel\train\1010.npy,sad,train
features_logmel\train\1011.npy,sad,train
features_logmel\train\1012.npy,happy,train
features_logmel\train\1013.npy,angry,train
features_logmel\train\1014.npy,neutral,train
features_logmel\train\1015.npy,sad,train
features_logmel\train\1016.npy,happy,train
features_logmel\train\1017.npy,neutral,train
features_logmel\train\1018.npy,angry,train
features_logmel\train\1019.npy,neutral,train
features_logmel\train\1020.npy,sad,train
features_logmel\train\1021.npy,angry,train
features_logmel\train\1022.npy,happy,train
features_logmel\train\1023.npy,happy,train
features_logmel\train\1024.npy,angry,train
features_logmel\train\1025.npy,angry,train
features_logmel\train\1026.npy,neutral,train
features_logmel\train\1027.npy,angry,train
features_logmel\train\1028.npy,sad,train
features_logmel\train\1029.npy,angry,train
features_logmel\train\1030.npy,angry,train
features_logmel\train\1031.npy,neutral,train
features_logmel\train\1032.npy,happy,train
features_logmel\train\1033.npy,sad,train
features_logmel\train\1034.npy,neutral,train
features_logmel\train\1035.npy,angry,train
features_logmel\train\1036.npy,sad,train
features_logmel\train\1037.npy,angry,train
features_logmel\train\1038.npy,sad,train
features_logmel\train\1039.npy,sad,train
features_logmel\train\1040.npy,angry,train
features_logmel\train\1041.npy,happy,train
features_logmel\train\1042.npy,neutral,train
features_logmel\train\1043.npy,neutral,train
features_logmel\train\1044.npy,neutral,train
features_logmel\train\1045.npy,happy,train
features_logmel\train\1046.npy,happy,train
features_logmel\train\1047.npy,sad,train
features_logmel\train\1048.npy,neutral,train
features_logmel\train\1049.npy,sad,train
features_logmel\train\1050.npy,sad,train
features_logmel\train\1051.npy,happy,train
features_logmel\train\1052.npy,happy,train
features_logmel\train\1053.npy,angry,train
features_logmel\train\1054.npy,happy,train
features_logmel\train\1055.npy,neutral,train
features_logmel\train\1056.npy,neutral,train
features_logmel\train\1057.npy,happy,train
features_logmel\train\1058.npy,sad,train
features_logmel\train\1059.npy,sad,train
features_logmel\train\1060.npy,angry,train
features_logmel\train\1061.npy,happy,train
features_logmel\train\1062.npy,neutral,train
features_logmel\train\1063.npy,angry,train
features_logmel\train\1064.npy,sad,train
features_logmel\train\1065.npy,happy,train
features_logmel\train\1066.npy,happy,train
features_logmel\train\1067.npy,neutral,train
features_logmel\train\1068.npy,angry,train
features_logmel\train\1069.npy,happy,train
features_logmel\train\1070.npy,neutral,train
features_logmel\train\1071.npy,angry,train
features_logmel\train\1072.npy,happy,train
features_logmel\train\1073.npy,happy,train
features_logmel\train\1074.npy,neutral,train
features_logmel\train\1075.npy,angry,train
features_logmel\train\1076.npy,neutral,train
features_logmel\train\1077.npy,neutral,train
features_logmel\train\1078.npy,neutral,train
features_logmel\train\1079.npy,neutral,train
features_logmel\train\1080.npy,neutral,train
features_logmel\train\1081.npy,sad,train
features_logmel\train\1082.npy,neutral,train
features_logmel\train\1083.npy,happy,train
features_logmel\train\1084.npy,angry,train
features_logmel\train\1085.npy,sad,train
features_logmel\train\1086.npy,sad,train
features_logmel\train\1087.npy,sad,train
features_logmel\train\1088.npy,neutral,train
features_logmel\train\1089.npy,happy,train
features_logmel\train\1090.npy,neutral,train
features_logmel\train\1091.npy,neutral,train
features_logmel\train\1092.npy,angry,train
features_logmel\train\1093.npy,neutral,train
features_logmel\train\1094.npy,sad,train
features_logmel\train\1095.npy,angry,train
features_logmel\train\1096.npy,neutral,train
features_logmel\train\1097.npy,happy,train
features_logmel\train\1098.npy,happy,train
features_logmel\train\1099.npy,neutral,train
features_logmel\train\1100.npy,sad,train
features_logmel\train\1101.npy,angry,train
features_logmel\train\1102.npy,neutral,train
features_logmel\train\1103.npy,angry,train
features_logmel\train\1104.npy,neutral,train
features_logmel\train\1105.npy,happy,train
features_logmel\train\1106.npy,neutral,train
features_logmel\train\1107.npy,sad,train
features_logmel\train\1108.npy,happy,train
features_logmel\train\1109.npy,angry,train
features_logmel\train\1110.npy,neutral,train
features_logmel\train\1111.npy,neutral,train
features_logmel\train\1112.npy,neutral,train
features_logmel\train\1113.npy,angry,train
features_logmel\train\1114.npy,neutral,train
features_logmel\train\1115.npy,angry,train
features_logmel\train\1116.npy,happy,train
features_logmel\train\1117.npy,angry,train
features_logmel\train\1118.npy,happy,train
features_logmel\train\1119.npy,happy,train
features_logmel\train\1120.npy,happy,train
features_logmel\train\1121.npy,sad,train
features_logmel\train\1122.npy,sad,train
features_logmel\train\1123.npy,neutral,train
features_logmel\train\1124.npy,angry,train
features_logmel\train\1125.npy,sad,train
features_logmel\train\1126.npy,angry,train
features_logmel\train\1127.npy,neutral,train
features_logmel\train\1128.npy,happy,train
features_logmel\train\1129.npy,neutral,train
features_logmel\train\1130.npy,sad,train
features_logmel\train\1131.npy,happy,train
features_logmel\train\1132.npy,happy,train
features_logmel\train\1133.npy,angry,train
features_logmel\train\1134.npy,neutral,train
features_logmel\train\1135.npy,happy,train
features_logmel\train\1136.npy,neutral,train
features_logmel\train\1137.npy,sad,train
features_logmel\train\1138.npy,sad,train
features_logmel\train\1139.npy,neutral,train
features_logmel\train\1140.npy,sad,train
features_logmel\train\1141.npy,happy,train
features_logmel\train\1142.npy,neutral,train
features_logmel\train\1143.npy,happy,train
features_logmel\train\1144.npy,neutral,train
features_logmel\train\1145.npy,happy,train
features_logmel\train\1146.npy,sad,train
features_logmel\train\1147.npy,happy,train
features_logmel\train\1148.npy,happy,train
features_logmel\train\1149.npy,happy,train
features_logmel\train\1150.npy,happy,train
features_logmel\train\1151.npy,angry,train
features_logmel\train\1152.npy,happy,train
features_logmel\train\1153.npy,neutral,train
features_logmel\train\1154.npy,sad,train
features_logmel\train\1155.npy,happy,train
features_logmel\train\1156.npy,sad,train
features_logmel\train\1157.npy,happy,train
features_logmel\train\1158.npy,angry,train
features_logmel\train\1159.npy,sad,train
features_logmel\train\1160.npy,happy,train
features_logmel\train\1161.npy,happy,train
features_logmel\train\1162.npy,sad,train
features_logmel\train\1163.npy,neutral,train
features_logmel\train\1164.npy,sad,train
features_logmel\train\1165.npy,neutral,train
features_logmel\train\1166.npy,neutral,train
features_logmel\train\1167.npy,happy,train
features_logmel\train\1168.npy,happy,train
features_logmel\train\1169.npy,neutral,train
features_logmel\train\1170.npy,sad,train
features_logmel\train\1171.npy,angry,train
features_logmel\train\1172.npy,angry,train
features_logmel\train\1173.npy,happy,train
features_logmel\train\1174.npy,angry,train
features_logmel\train\1175.npy,neutral,train
features_logmel\train\1176.npy,happy,train
features_logmel\train\1177.npy,happy,train
features_logmel\train\1178.npy,neutral,train
features_logmel\train\1179.npy,angry,train
features_logmel\train\1180.npy,sad,train
features_logmel\train\1181.npy,sad,train
features_logmel\train\1182.npy,happy,train
features_logmel\train\1183.npy,neutral,train
features_logmel\train\1184.npy,happy,train
features_logmel\train\1185.npy,sad,train
features_logmel\train\1186.npy,neutral,train
features_logmel\train\1187.npy,angry,train
features_logmel\train\1188.npy,happy,train
features_logmel\train\1189.npy,happy,train
features_logmel\train\1190.npy,angry,train
features_logmel\train\1191.npy,happy,train
features_logmel\train\1192.npy,angry,train
features_logmel\train\1193.npy,happy,train
features_logmel\train\1194.npy,happy,train
features_logmel\train\1195.npy,happy,train
features_logmel\train\1196.npy,angry,train
features_logmel\train\1197.npy,neutral,train
features_logmel\train\1198.npy,sad,train
features_logmel\train\1199.npy,happy,train
features_logmel\train\1200.npy,neutral,train
features_logmel\train\1201.npy,neutral,train
features_logmel\train\1202.npy,happy,train
features_logmel\train\1203.npy,happy,train
features_logmel\train\1204.npy,angry,train
features_logmel\train\1205.npy,sad,train
features_logmel\train\1206.npy,sad,train
features_logmel\train\1207.npy,happy,train
features_logmel\train\1208.npy,neutral,train
features_logmel\train\1209.npy,happy,train
features_logmel\train\1210.npy,sad,train
features_logmel\train\1211.npy,neutral,train
features_logmel\train\1212.npy,happy,train
features_logmel\train\1213.npy,neutral,train
features_logmel\train\1214.npy,angry,train
features_logmel\train\1215.npy,neutral,train
features_logmel\train\1216.npy,happy,train
features_logmel\train\1217.npy,happy,train
features_logmel\train\1218.npy,happy,train
features_logmel\train\1219.npy,angry,train
features_logmel\train\1220.npy,neutral,train
features_logmel\train\1221.npy,happy,train
features_logmel\train\1222.npy,angry,train
features_logmel\train\1223.npy,angry,train
features_logmel\train\1224.npy,neutral,train
features_logmel\train\1225.npy,neutral,train
features_logmel\train\1226.npy,angry,train
features_logmel\train\1227.npy,angry,train
features_logmel\train\1228.npy,angry,train
features_logmel\train\1229.npy,happy,train
features_logmel\train\1230.npy,happy,train
features_logmel\train\1231.npy,neutral,train
features_logmel\train\1232.npy,angry,train
features_logmel\train\1233.npy,happy,train
features_logmel\train\1234.npy,happy,train
features_logmel\train\1235.npy,neutral,train
features_logmel\train\1236.npy,sad,train
features_logmel\train\1237.npy,neutral,train
features_logmel\train\1238.npy,happy,train
features_logmel\train\1239.npy,happy,train
features_logmel\train\1240.npy,angry,train
features_logmel\train\1241.npy,angry,train
features_logmel\train\1242.npy,happy,train
features_logmel\train\1243.npy,sad,train
features_logmel\train\1244.npy,happy,train
features_logmel\train\1245.npy,neutral,train
features_logmel\train\1246.npy,happy,train
features_logmel\train\1247.npy,happy,train
features_logmel\train\1248.npy,happy,train
features_logmel\train\1249.npy,neutral,train
features_logmel\train\1250.npy,happy,train
features_logmel\train\1251.npy,angry,train
features_logmel\train\1252.npy,neutral,train
features_logmel\train\1253.npy,angry,train
features_logmel\train\1254.npy,neutral,train
features_logmel\train\1255.npy,sad,train
features_logmel\train\1256.npy,angry,train
features_logmel\train\1257.npy,happy,train
features_logmel\train\1258.npy,sad,train
features_logmel\train\1259.npy,sad,train
features_logmel\train\1260.npy,angry,train
features_logmel\train\1261.npy,happy,train
features_logmel\train\1262.npy,neutral,train
features_logmel\train\1263.npy,sad,train
features_logmel\train\1264.npy,neutral,train
features_logmel\train\1265.npy,happy,train
features_logmel\train\1266.npy,sad,train
features_logmel\train\1267.npy,angry,train
features_logmel\train\1268.npy,neutral,train
features_logmel\train\1269.npy,angry,train
features_logmel\train\1270.npy,neutral,train
features_logmel\train\1271.npy,neutral,train
features_logmel\train\1272.npy,happy,train
features_logmel\train\1273.npy,angry,train
features_logmel\train\1274.npy,neutral,train
features_logmel\train\1275.npy,angry,train
features_logmel\train\1276.npy,sad,train
features_logmel\train\1277.npy,neutral,train
features_logmel\train\1278.npy,happy,train
features_logmel\train\1279.npy,neutral,train
features_logmel\train\1280.npy,neutral,train
features_logmel\train\1281.npy,angry,train
features_logmel\train\1282.npy,happy,train
features_logmel\train\1283.npy,sad,train
features_logmel\train\1284.npy,happy,train
features_logmel\train\1285.npy,happy,train
features_logmel\train\1286.npy,sad,train
features_logmel\train\1287.npy,neutral,train
features_logmel\train\1288.npy,happy,train
features_logmel\train\1289.npy,happy,train
features_logmel\train\1290.npy,happy,train
features_logmel\train\1291.npy,neutral,train
features_logmel\train\1292.npy,sad,train
features_logmel\train\1293.npy,sad,train
features_logmel\train\1294.npy,sad,train
features_logmel\train\1295.npy,angry,train
features_logmel\train\1296.npy,sad,train
features_logmel\train\1297.npy,sad,train
features_logmel\train\1298.npy,angry,train
features_logmel\train\1299.npy,sad,train
features_logmel\train\1300.npy,angry,train
features_logmel\train\1301.npy,neutral,train
features_logmel\train\1302.npy,angry,train
features_logmel\train\1303.npy,angry,train
features_logmel\train\1304.npy,happy,train
features_logmel\train\1305.npy,happy,train
features_logmel\train\1306.npy,angry,train
features_logmel\train\1307.npy,neutral,train
features_logmel\train\1308.npy,sad,train
features_logmel\train\1309.npy,angry,train
features_logmel\train\1310.npy,happy,train
features_logmel\train\1311.npy,neutral,train
features_logmel\train\1312.npy,neutral,train
features_logmel\train\1313.npy,neutral,train
features_logmel\train\1314.npy,sad,train
features_logmel\train\1315.npy,happy,train
features_logmel\train\1316.npy,angry,train
features_logmel\train\1317.npy,sad,train
features_logmel\train\1318.npy,angry,train
features_logmel\train\1319.npy,happy,train
features_logmel\train\1320.npy,angry,train
features_logmel\train\1321.npy,happy,train
features_logmel\train\1322.npy,sad,train
features_logmel\train\1323.npy,angry,train
features_logmel\train\1324.npy,angry,train
features_logmel\train\1325.npy,sad,train
features_logmel\train\1326.npy,neutral,train
features_logmel\train\1327.npy,happy,train
features_logmel\train\1328.npy,angry,train
features_logmel\train\1329.npy,angry,train
features_logmel\train\1330.npy,angry,train
features_logmel\train\1331.npy,neutral,train
features_logmel\train\1332.npy,happy,train
features_logmel\train\1333.npy,neutral,train
features_logmel\train\1334.npy,happy,train
features_logmel\train\1335.npy,angry,train
features_logmel\train\1336.npy,neutral,train
features_logmel\train\1337.npy,sad,train
features_logmel\train\1338.npy,angry,train
features_logmel\train\1339.npy,neutral,train
features_logmel\train\1340.npy,angry,train
features_logmel\train\1341.npy,angry,train
features_logmel\train\1342.npy,happy,train
features_logmel\train\1343.npy,neutral,train
features_logmel\train\1344.npy,neutral,train
features_logmel\train\1345.npy,happy,train
features_logmel\train\1346.npy,sad,train
features_logmel\train\1347.npy,happy,train
features_logmel\train\1348.npy,sad,train
features_logmel\train\1349.npy,sad,train
features_logmel\train\1350.npy,angry,train
features_logmel\train\1351.npy,sad,train
features_logmel\train\1352.npy,sad,train
features_logmel\train\1353.npy,happy,train
features_logmel\train\1354.npy,happy,train
features_logmel\train\1355.npy,angry,train
features_logmel\train\1356.npy,happy,train
features_logmel\train\1357.npy,happy,train
features_logmel\train\1358.npy,angry,train
features_logmel\train\1359.npy,neutral,train
features_logmel\train\1360.npy,angry,train
features_logmel\train\1361.npy,angry,train
features_logmel\train\1362.npy,happy,train
features_logmel\train\1363.npy,happy,train
features_logmel\train\1364.npy,neutral,train
features_logmel\train\1365.npy,angry,train
features_logmel\train\1366.npy,angry,train
features_logmel\train\1367.npy,happy,train
features_logmel\train\1368.npy,sad,train
features_logmel\train\1369.npy,happy,train
features_logmel\train\1370.npy,sad,train
features_logmel\train\1371.npy,happy,train
features_logmel\train\1372.npy,sad,train
features_logmel\train\1373.npy,sad,train
features_logmel\train\1374.npy,sad,train
features_logmel\train\1375.npy,angry,train
features_logmel\train\1376.npy,sad,train
features_logmel\train\1377.npy,angry,train
features_logmel\train\1378.npy,angry,train
features_logmel\train\1379.npy,angry,train
features_logmel\train\1380.npy,sad,train
features_logmel\train\1381.npy,angry,train
features_logmel\train\1382.npy,neutral,train
features_logmel\train\1383.npy,neutral,train
features_logmel\train\1384.npy,happy,train
features_logmel\train\1385.npy,happy,train
features_logmel\train\1386.npy,sad,train
features_logmel\train\1387.npy,sad,train
features_logmel\train\1388.npy,happy,train
features_logmel\train\1389.npy,neutral,train
features_logmel\train\1390.npy,sad,train
features_logmel\train\1391.npy,neutral,train
features_logmel\train\1392.npy,neutral,train
features_logmel\train\1393.npy,neutral,train
features_logmel\train\1394.npy,neutral,train
features_logmel\train\1395.npy,neutral,train
features_logmel\train\1396.npy,happy,train
features_logmel\train\1397.npy,angry,train
features_logmel\train\1398.npy,sad,train
features_logmel\train\1399.npy,neutral,train
features_logmel\train\1400.npy,angry,train
features_logmel\train\1401.npy,sad,train
features_logmel\train\1402.npy,sad,train
features_logmel\train\1403.npy,happy,train
features_logmel\train\1404.npy,sad,train
features_logmel\train\1405.npy,happy,train
features_logmel\train\1406.npy,neutral,train
features_logmel\train\1407.npy,happy,train
features_logmel\train\1408.npy,sad,train
features_logmel\train\1409.npy,angry,train
features_logmel\train\1410.npy,neutral,train
features_logmel\train\1411.npy,neutral,train
features_logmel\train\1412.npy,sad,train
features_logmel\train\1413.npy,sad,train
features_logmel\train\1414.npy,happy,train
features_logmel\train\1415.npy,neutral,train
features_logmel\train\1416.npy,sad,train
features_logmel\train\1417.npy,happy,train
features_logmel\train\1418.npy,happy,train
features_logmel\train\1419.npy,sad,train
features_logmel\train\1420.npy,sad,train
features_logmel\train\1421.npy,sad,train
features_logmel\train\1422.npy,neutral,train
features_logmel\train\1423.npy,sad,train
features_logmel\train\1424.npy,sad,train
features_logmel\train\1425.npy,sad,train
features_logmel\train\1426.npy,happy,train
features_logmel\train\1427.npy,angry,train
features_logmel\train\1428.npy,happy,train
features_logmel\train\1429.npy,sad,train
features_logmel\train\1430.npy,happy,train
features_logmel\train\1431.npy,neutral,train
features_logmel\train\1432.npy,angry,train
features_logmel\train\1433.npy,happy,train
features_logmel\train\1434.npy,happy,train
features_logmel\train\1435.npy,neutral,train
features_logmel\train\1436.npy,happy,train
features_logmel\train\1437.npy,neutral,train
features_logmel\train\1438.npy,sad,train
features_logmel\train\1439.npy,happy,train
features_logmel\train\1440.npy,happy,train
features_logmel\train\1441.npy,angry,train
features_logmel\train\1442.npy,neutral,train
features_logmel\train\1443.npy,neutral,train
features_logmel\train\1444.npy,sad,train
features_logmel\train\1445.npy,happy,train
features_logmel\train\1446.npy,sad,train
features_logmel\train\1447.npy,neutral,train
features_logmel\train\1448.npy,angry,train
features_logmel\train\1449.npy,happy,train
features_logmel\train\1450.npy,neutral,train
features_logmel\train\1451.npy,sad,train
features_logmel\train\1452.npy,neutral,train
features_logmel\train\1453.npy,happy,train
features_logmel\train\1454.npy,angry,train
features_logmel\train\1455.npy,neutral,train
features_logmel\train\1456.npy,happy,train
features_logmel\train\1457.npy,sad,train
features_logmel\train\1458.npy,happy,train
features_logmel\train\1459.npy,happy,train
features_logmel\train\1460.npy,neutral,train
features_logmel\train\1461.npy,sad,train
features_logmel\train\1462.npy,angry,train
features_logmel\train\1463.npy,neutral,train
features_logmel\train\1464.npy,happy,train
features_logmel\train\1465.npy,angry,train
features_logmel\train\1466.npy,sad,train
features_logmel\train\1467.npy,sad,train
features_logmel\train\1468.npy,sad,train
features_logmel\train\1469.npy,happy,train
features_logmel\train\1470.npy,angry,train
features_logmel\train\1471.npy,sad,train
features_logmel\train\1472.npy,angry,train
features_logmel\train\1473.npy,angry,train
features_logmel\train\1474.npy,happy,train
features_logmel\train\1475.npy,happy,train
features_logmel\train\1476.npy,happy,train
features_logmel\train\1477.npy,happy,train
features_logmel\train\1478.npy,angry,train
features_logmel\train\1479.npy,neutral,train
features_logmel\train\1480.npy,sad,train
features_logmel\train\1481.npy,sad,train
features_logmel\train\1482.npy,sad,train
features_logmel\train\1483.npy,angry,train
features_logmel\train\1484.npy,sad,train
features_logmel\train\1485.npy,neutral,train
features_logmel\train\1486.npy,angry,train
features_logmel\train\1487.npy,angry,train
features_logmel\train\1488.npy,angry,train
features_logmel\train\1489.npy,angry,train
features_logmel\train\1490.npy,sad,train
features_logmel\train\1491.npy,sad,train
features_logmel\train\1492.npy,happy,train
features_logmel\train\1493.npy,angry,train
features_logmel\train\1494.npy,neutral,train
features_logmel\train\1495.npy,neutral,train
features_logmel\train\1496.npy,neutral,train
features_logmel\train\1497.npy,sad,train
features_logmel\train\1498.npy,neutral,train
features_logmel\train\1499.npy,sad,train
features_logmel\train\1500.npy,neutral,train
features_logmel\train\1501.npy,neutral,train
features_logmel\train\1502.npy,sad,train
features_logmel\train\1503.npy,happy,train
features_logmel\train\1504.npy,neutral,train
features_logmel\train\1505.npy,neutral,train
features_logmel\train\1506.npy,neutral,train
features_logmel\train\1507.npy,happy,train
features_logmel\train\1508.npy,happy,train
features_logmel\train\1509.npy,sad,train
features_logmel\train\1510.npy,happy,train
features_logmel\train\1511.npy,happy,train
features_logmel\train\1512.npy,neutral,train
features_logmel\train\1513.npy,happy,train
features_logmel\train\1514.npy,happy,train
features_logmel\train\1515.npy,happy,train
features_logmel\train\1516.npy,sad,train
features_logmel\train\1517.npy,sad,train
features_logmel\train\1518.npy,neutral,train
features_logmel\train\1519.npy,happy,train
features_logmel\train\1520.npy,happy,train
features_logmel\train\1521.npy,neutral,train
features_logmel\train\1522.npy,angry,train
features_logmel\train\1523.npy,happy,train
features_logmel\train\1524.npy,neutral,train
features_logmel\train\1525.npy,sad,train
features_logmel\train\1526.npy,angry,train
features_logmel\train\1527.npy,neutral,train
features_logmel\train\1528.npy,angry,train
features_logmel\train\1529.npy,happy,train
features_logmel\train\1530.npy,happy,train
features_logmel\train\1531.npy,sad,train
features_logmel\train\1532.npy,sad,train
features_logmel\train\1533.npy,angry,train
features_logmel\train\1534.npy,neutral,train
features_logmel\train\1535.npy,neutral,train
features_logmel\train\1536.npy,happy,train
features_logmel\train\1537.npy,angry,train
features_logmel\train\1538.npy,neutral,train
features_logmel\train\1539.npy,neutral,train
features_logmel\train\1540.npy,sad,train
features_logmel\train\1541.npy,angry,train
features_logmel\train\1542.npy,neutral,train
features_logmel\train\1543.npy,angry,train
features_logmel\train\1544.npy,neutral,train
features_logmel\train\1545.npy,angry,train
features_logmel\train\1546.npy,sad,train
features_logmel\train\1547.npy,neutral,train
features_logmel\train\1548.npy,sad,train
features_logmel\train\1549.npy,happy,train
features_logmel\train\1550.npy,happy,train
features_logmel\train\1551.npy,sad,train
features_logmel\train\1552.npy,happy,train
features_logmel\train\1553.npy,happy,train
features_logmel\train\1554.npy,neutral,train
features_logmel\train\1555.npy,angry,train
features_logmel\train\1556.npy,sad,train
features_logmel\train\1557.npy,angry,train
features_logmel\train\1558.npy,neutral,train
features_logmel\train\1559.npy,happy,train
features_logmel\train\1560.npy,angry,train
features_logmel\train\1561.npy,neutral,train
features_logmel\train\1562.npy,sad,train
features_logmel\train\1563.npy,angry,train
features_logmel\train\1564.npy,happy,train
features_logmel\train\1565.npy,angry,train
features_logmel\train\1566.npy,happy,train
features_logmel\train\1567.npy,happy,train
features_logmel\train\1568.npy,neutral,train
features_logmel\train\1569.npy,neutral,train
features_logmel\train\1570.npy,angry,train
features_logmel\train\1571.npy,happy,train
features_logmel\train\1572.npy,angry,train
features_logmel\train\1573.npy,sad,train
features_logmel\train\1574.npy,happy,train
features_logmel\train\1575.npy,happy,train
features_logmel\train\1576.npy,angry,train
features_logmel\train\1577.npy,happy,train
features_logmel\train\1578.npy,happy,train
features_logmel\train\1579.npy,angry,train
features_logmel\train\1580.npy,sad,train
features_logmel\train\1581.npy,happy,train
features_logmel\train\1582.npy,sad,train
features_logmel\train\1583.npy,angry,train
features_logmel\train\1584.npy,sad,train
features_logmel\train\1585.npy,happy,train
features_logmel\train\1586.npy,sad,train
features_logmel\train\1587.npy,sad,train
features_logmel\train\1588.npy,angry,train
features_logmel\train\1589.npy,angry,train
features_logmel\train\1590.npy,angry,train
features_logmel\train\1591.npy,neutral,train
features_logmel\train\1592.npy,neutral,train
features_logmel\train\1593.npy,neutral,train
features_logmel\train\1594.npy,sad,train
features_logmel\train\1595.npy,sad,train
features_logmel\train\1596.npy,sad,train
features_logmel\train\1597.npy,happy,train
features_logmel\train\1598.npy,neutral,train
features_logmel\train\1599.npy,neutral,train
features_logmel\train\1600.npy,angry,train
features_logmel\train\1601.npy,angry,train
features_logmel\train\1602.npy,neutral,train
features_logmel\train\1603.npy,neutral,train
features_logmel\train\1604.npy,sad,train
features_logmel\train\1605.npy,happy,train
features_logmel\train\1606.npy,sad,train
features_logmel\train\1607.npy,happy,train
features_logmel\train\1608.npy,angry,train
features_logmel\train\1609.npy,happy,train
features_logmel\train\1610.npy,neutral,train
features_logmel\train\1611.npy,angry,train
features_logmel\train\1612.npy,neutral,train
features_logmel\train\1613.npy,happy,train
features_logmel\train\1614.npy,sad,train
features_logmel\train\1615.npy,sad,train
features_logmel\train\1616.npy,sad,train
features_logmel\train\1617.npy,happy,train
features_logmel\train\1618.npy,happy,train
features_logmel\train\1619.npy,sad,train
features_logmel\train\1620.npy,sad,train
features_logmel\train\1621.npy,sad,train
features_logmel\train\1622.npy,happy,train
features_logmel\train\1623.npy,happy,train
features_logmel\train\1624.npy,sad,train
features_logmel\train\1625.npy,neutral,train
features_logmel\train\1626.npy,neutral,train
features_logmel\train\1627.npy,sad,train
features_logmel\train\1628.npy,happy,train
features_logmel\train\1629.npy,angry,train
features_logmel\train\1630.npy,neutral,train
features_logmel\train\1631.npy,happy,train
features_logmel\train\1632.npy,angry,train
features_logmel\train\1633.npy,sad,train
features_logmel\train\1634.npy,neutral,train
features_logmel\train\1635.npy,sad,train
features_logmel\train\1636.npy,happy,train
features_logmel\train\1637.npy,neutral,train
features_logmel\train\1638.npy,neutral,train
features_logmel\train\1639.npy,happy,train
features_logmel\train\1640.npy,angry,train
features_logmel\train\1641.npy,sad,train
features_logmel\train\1642.npy,sad,train
features_logmel\train\1643.npy,neutral,train
features_logmel\train\1644.npy,neutral,train
features_logmel\train\1645.npy,angry,train
features_logmel\train\1646.npy,happy,train
features_logmel\train\1647.npy,neutral,train
features_logmel\train\1648.npy,happy,train
features_logmel\train\1649.npy,sad,train
features_logmel\train\1650.npy,neutral,train
features_logmel\train\1651.npy,sad,train
features_logmel\train\1652.npy,happy,train
features_logmel\train\1653.npy,happy,train
features_logmel\train\1654.npy,happy,train
features_logmel\train\1655.npy,happy,train
features_logmel\train\1656.npy,neutral,train
features_logmel\train\1657.npy,sad,train
features_logmel\train\1658.npy,neutral,train
features_logmel\train\1659.npy,sad,train
features_logmel\train\1660.npy,angry,train
features_logmel\train\1661.npy,neutral,train
features_logmel\train\1662.npy,neutral,train
features_logmel\train\1663.npy,angry,train
features_logmel\train\1664.npy,sad,train
features_logmel\train\1665.npy,neutral,train
features_logmel\train\1666.npy,happy,train
features_logmel\train\1667.npy,happy,train
features_logmel\train\1668.npy,neutral,train
features_logmel\train\1669.npy,angry,train
features_logmel\train\1670.npy,happy,train
features_logmel\train\1671.npy,happy,train
features_logmel\train\1672.npy,sad,train
features_logmel\train\1673.npy,sad,train
features_logmel\train\1674.npy,happy,train
features_logmel\train\1675.npy,angry,train
features_logmel\train\1676.npy,sad,train
features_logmel\train\1677.npy,sad,train
features_logmel\train\1678.npy,neutral,train
features_logmel\train\1679.npy,sad,train
features_logmel\train\1680.npy,neutral,train
features_logmel\train\1681.npy,happy,train
features_logmel\train\1682.npy,happy,train
features_logmel\train\1683.npy,sad,train
features_logmel\train\1684.npy,sad,train
features_logmel\train\1685.npy,sad,train
features_logmel\train\1686.npy,happy,train
features_logmel\train\1687.npy,angry,train
features_logmel\train\1688.npy,neutral,train
features_logmel\train\1689.npy,neutral,train
features_logmel\train\1690.npy,angry,train
features_logmel\train\1691.npy,happy,train
features_logmel\train\1692.npy,angry,train
features_logmel\train\1693.npy,happy,train
features_logmel\train\1694.npy,neutral,train
features_logmel\train\1695.npy,neutral,train
features_logmel\train\1696.npy,angry,train
features_logmel\train\1697.npy,happy,train
features_logmel\train\1698.npy,happy,train
features_logmel\train\1699.npy,angry,train
features_logmel\train\1700.npy,sad,train
features_logmel\train\1701.npy,neutral,train
features_logmel\train\1702.npy,neutral,train
features_logmel\train\1703.npy,sad,train
features_logmel\train\1704.npy,sad,train
features_logmel\train\1705.npy,angry,train
features_logmel\train\1706.npy,sad,train
features_logmel\train\1707.npy,sad,train
features_logmel\train\1708.npy,happy,train
features_logmel\train\1709.npy,neutral,train
features_logmel\train\1710.npy,happy,train
features_logmel\train\1711.npy,sad,train
features_logmel\train\1712.npy,angry,train
features_logmel\train\1713.npy,sad,train
features_logmel\train\1714.npy,angry,train
features_logmel\train\1715.npy,neutral,train
features_logmel\train\1716.npy,happy,train
features_logmel\train\1717.npy,neutral,train
features_logmel\train\1718.npy,angry,train
features_logmel\train\1719.npy,happy,train
features_logmel\train\1720.npy,angry,train
features_logmel\train\1721.npy,neutral,train
features_logmel\train\1722.npy,sad,train
features_logmel\train\1723.npy,happy,train
features_logmel\train\1724.npy,sad,train
features_logmel\train\1725.npy,neutral,train
features_logmel\train\1726.npy,angry,train
features_logmel\train\1727.npy,sad,train
features_logmel\train\1728.npy,angry,train
features_logmel\train\1729.npy,sad,train
features_logmel\train\1730.npy,sad,train
features_logmel\train\1731.npy,happy,train
features_logmel\train\1732.npy,neutral,train
features_logmel\train\1733.npy,sad,train
features_logmel\train\1734.npy,neutral,train
features_logmel\train\1735.npy,happy,train
features_logmel\train\1736.npy,angry,train
features_logmel\train\1737.npy,neutral,train
features_logmel\train\1738.npy,neutral,train
features_logmel\train\1739.npy,neutral,train
features_logmel\train\1740.npy,angry,train
features_logmel\train\1741.npy,angry,train
features_logmel\train\1742.npy,happy,train
features_logmel\train\1743.npy,neutral,train
features_logmel\train\1744.npy,happy,train
features_logmel\train\1745.npy,sad,train
features_logmel\train\1746.npy,sad,train
features_logmel\train\1747.npy,angry,train
features_logmel\train\1748.npy,happy,train
features_logmel\train\1749.npy,neutral,train
features_logmel\train\1750.npy,happy,train
features_logmel\train\1751.npy,angry,train
features_logmel\train\1752.npy,angry,train
features_logmel\train\1753.npy,neutral,train
features_logmel\train\1754.npy,happy,train
features_logmel\train\1755.npy,happy,train
features_logmel\train\1756.npy,happy,train
features_logmel\train\1757.npy,sad,train
features_logmel\train\1758.npy,sad,train
features_logmel\train\1759.npy,sad,train
features_logmel\train\1760.npy,angry,train
features_logmel\train\1761.npy,happy,train
features_logmel\train\1762.npy,sad,train
features_logmel\train\1763.npy,sad,train
features_logmel\train\1764.npy,sad,train
features_logmel\train\1765.npy,neutral,train
features_logmel\train\1766.npy,angry,train
features_logmel\train\1767.npy,angry,train
features_logmel\train\1768.npy,happy,train
features_logmel\train\1769.npy,sad,train
features_logmel\train\1770.npy,happy,train
features_logmel\train\1771.npy,angry,train
features_logmel\train\1772.npy,neutral,train
features_logmel\train\1773.npy,neutral,train
features_logmel\train\1774.npy,sad,train
features_logmel\train\1775.npy,neutral,train
features_logmel\train\1776.npy,happy,train
features_logmel\train\1777.npy,sad,train
features_logmel\train\1778.npy,angry,train
features_logmel\train\1779.npy,sad,train
features_logmel\train\1780.npy,neutral,train
features_logmel\train\1781.npy,sad,train
features_logmel\train\1782.npy,sad,train
features_logmel\train\1783.npy,happy,train
features_logmel\train\1784.npy,happy,train
features_logmel\train\1785.npy,happy,train
features_logmel\train\1786.npy,sad,train
features_logmel\train\1787.npy,angry,train
features_logmel\train\1788.npy,angry,train
features_logmel\train\1789.npy,angry,train
features_logmel\train\1790.npy,sad,train
features_logmel\train\1791.npy,neutral,train
features_logmel\train\1792.npy,happy,train
features_logmel\train\1793.npy,sad,train
features_logmel\train\1794.npy,angry,train
features_logmel\train\1795.npy,angry,train
features_logmel\train\1796.npy,neutral,train
features_logmel\train\1797.npy,angry,train
features_logmel\train\1798.npy,happy,train
features_logmel\train\1799.npy,angry,train
features_logmel\train\1800.npy,happy,train
features_logmel\train\1801.npy,neutral,train
features_logmel\train\1802.npy,neutral,train
features_logmel\train\1803.npy,angry,train
features_logmel\train\1804.npy,angry,train
features_logmel\train\1805.npy,sad,train
features_logmel\train\1806.npy,sad,train
features_logmel\train\1807.npy,angry,train
features_logmel\train\1808.npy,happy,train
features_logmel\train\1809.npy,sad,train
features_logmel\train\1810.npy,angry,train
features_logmel\train\1811.npy,angry,train
features_logmel\train\1812.npy,happy,train
features_logmel\train\1813.npy,sad,train
features_logmel\train\1814.npy,neutral,train
features_logmel\train\1815.npy,angry,train
features_logmel\train\1816.npy,happy,train
features_logmel\train\1817.npy,neutral,train
features_logmel\train\1818.npy,neutral,train
features_logmel\train\1819.npy,happy,train
features_logmel\train\1820.npy,neutral,train
features_logmel\train\1821.npy,happy,train
features_logmel\train\1822.npy,angry,train
features_logmel\train\1823.npy,happy,train
features_logmel\train\1824.npy,neutral,train
features_logmel\train\1825.npy,happy,train
features_logmel\train\1826.npy,happy,train
features_logmel\train\1827.npy,sad,train
features_logmel\train\1828.npy,sad,train
features_logmel\train\1829.npy,sad,train
features_logmel\train\1830.npy,sad,train
features_logmel\train\1831.npy,neutral,train
features_logmel\train\1832.npy,angry,train
features_logmel\train\1833.npy,neutral,train
features_logmel\train\1834.npy,neutral,train
features_logmel\train\1835.npy,neutral,train
features_logmel\train\1836.npy,sad,train
features_logmel\train\1837.npy,angry,train
features_logmel\train\1838.npy,angry,train
features_logmel\train\1839.npy,angry,train
features_logmel\train\1840.npy,neutral,train
features_logmel\train\1841.npy,neutral,train
features_logmel\train\1842.npy,angry,train
features_logmel\train\1843.npy,angry,train
features_logmel\train\1844.npy,neutral,train
features_logmel\train\1845.npy,angry,train
features_logmel\train\1846.npy,happy,train
features_logmel\train\1847.npy,happy,train
features_logmel\train\1848.npy,happy,train
features_logmel\train\1849.npy,neutral,train
features_logmel\train\1850.npy,angry,train
features_logmel\train\1851.npy,neutral,train
features_logmel\train\1852.npy,angry,train
features_logmel\train\1853.npy,happy,train
features_logmel\train\1854.npy,sad,train
features_logmel\train\1855.npy,sad,train
features_logmel\train\1856.npy,neutral,train
features_logmel\train\1857.npy,sad,train
features_logmel\train\1858.npy,neutral,train
features_logmel\train\1859.npy,sad,train
features_logmel\train\1860.npy,sad,train
features_logmel\train\1861.npy,neutral,train
features_logmel\train\1862.npy,sad,train
features_logmel\train\1863.npy,angry,train
features_logmel\train\1864.npy,happy,train
features_logmel\train\1865.npy,happy,train
features_logmel\train\1866.npy,happy,train
features_logmel\train\1867.npy,sad,train
features_logmel\train\1868.npy,angry,train
features_logmel\train\1869.npy,angry,train
features_logmel\train\1870.npy,happy,train
features_logmel\train\1871.npy,angry,train
features_logmel\train\1872.npy,angry,train
features_logmel\train\1873.npy,happy,train
features_logmel\train\1874.npy,sad,train
features_logmel\train\1875.npy,neutral,train
features_logmel\train\1876.npy,sad,train
features_logmel\train\1877.npy,neutral,train
features_logmel\train\1878.npy,happy,train
features_logmel\train\1879.npy,angry,train
features_logmel\train\1880.npy,sad,train
features_logmel\train\1881.npy,angry,train
features_logmel\train\1882.npy,happy,train
features_logmel\train\1883.npy,neutral,train
features_logmel\train\1884.npy,angry,train
features_logmel\train\1885.npy,angry,train
features_logmel\train\1886.npy,sad,train
features_logmel\train\1887.npy,angry,train
features_logmel\train\1888.npy,neutral,train
features_logmel\train\1889.npy,sad,train
features_logmel\train\1890.npy,sad,train
features_logmel\train\1891.npy,sad,train
features_logmel\train\1892.npy,neutral,train
features_logmel\train\1893.npy,sad,train
features_logmel\train\1894.npy,happy,train
features_logmel\train\1895.npy,neutral,train
features_logmel\train\1896.npy,sad,train
features_logmel\train\1897.npy,angry,train
features_logmel\train\1898.npy,sad,train
features_logmel\train\1899.npy,neutral,train
features_logmel\train\1900.npy,happy,train
features_logmel\train\1901.npy,happy,train
features_logmel\train\1902.npy,neutral,train
features_logmel\train\1903.npy,happy,train
features_logmel\train\1904.npy,neutral,train
features_logmel\train\1905.npy,happy,train
features_logmel\train\1906.npy,neutral,train
features_logmel\train\1907.npy,neutral,train
features_logmel\train\1908.npy,angry,train
features_logmel\train\1909.npy,neutral,train
features_logmel\train\1910.npy,angry,train
features_logmel\train\1911.npy,angry,train
features_logmel\train\1912.npy,happy,train
features_logmel\train\1913.npy,neutral,train
features_logmel\train\1914.npy,happy,train
features_logmel\train\1915.npy,sad,train
features_logmel\train\1916.npy,angry,train
features_logmel\train\1917.npy,sad,train
features_logmel\train\1918.npy,happy,train
features_logmel\train\1919.npy,angry,train
features_logmel\train\1920.npy,happy,train
features_logmel\train\1921.npy,neutral,train
features_logmel\train\1922.npy,happy,train
features_logmel\train\1923.npy,neutral,train
features_logmel\train\1924.npy,happy,train
features_logmel\train\1925.npy,angry,train
features_logmel\train\1926.npy,happy,train
features_logmel\train\1927.npy,angry,train
features_logmel\train\1928.npy,happy,train
features_logmel\train\1929.npy,sad,train
features_logmel\train\1930.npy,angry,train
features_logmel\train\1931.npy,neutral,train
features_logmel\train\1932.npy,angry,train
features_logmel\train\1933.npy,angry,train
features_logmel\train\1934.npy,sad,train
features_logmel\train\1935.npy,neutral,train
features_logmel\train\1936.npy,neutral,train
features_logmel\train\1937.npy,happy,train
features_logmel\train\1938.npy,neutral,train
features_logmel\train\1939.npy,neutral,train
features_logmel\train\1940.npy,angry,train
features_logmel\train\1941.npy,happy,train
features_logmel\train\1942.npy,happy,train
features_logmel\train\1943.npy,neutral,train
features_logmel\train\1944.npy,happy,train
features_logmel\train\1945.npy,happy,train
features_logmel\train\1946.npy,angry,train
features_logmel\train\1947.npy,happy,train
features_logmel\train\1948.npy,sad,train
features_logmel\train\1949.npy,angry,train
features_logmel\train\1950.npy,neutral,train
features_logmel\train\1951.npy,sad,train
features_logmel\train\1952.npy,happy,train
features_logmel\train\1953.npy,sad,train
features_logmel\train\1954.npy,neutral,train
features_logmel\train\1955.npy,neutral,train
features_logmel\train\1956.npy,happy,train
features_logmel\train\1957.npy,neutral,train
features_logmel\train\1958.npy,angry,train
features_logmel\train\1959.npy,angry,train
features_logmel\train\1960.npy,happy,train
features_logmel\train\1961.npy,happy,train
features_logmel\train\1962.npy,sad,train
features_logmel\train\1963.npy,angry,train
features_logmel\train\1964.npy,neutral,train
features_logmel\train\1965.npy,sad,train
features_logmel\train\1966.npy,neutral,train
features_logmel\train\1967.npy,happy,train
features_logmel\train\1968.npy,neutral,train
features_logmel\train\1969.npy,angry,train
features_logmel\train\1970.npy,angry,train
features_logmel\train\1971.npy,neutral,train
features_logmel\train\1972.npy,happy,train
features_logmel\train\1973.npy,sad,train
features_logmel\train\1974.npy,sad,train
features_logmel\train\1975.npy,angry,train
features_logmel\train\1976.npy,neutral,train
features_logmel\train\1977.npy,sad,train
features_logmel\train\1978.npy,angry,train
features_logmel\train\1979.npy,neutral,train
features_logmel\train\1980.npy,angry,train
features_logmel\train\1981.npy,sad,train
features_logmel\train\1982.npy,happy,train
features_logmel\train\1983.npy,neutral,train
features_logmel\train\1984.npy,happy,train
features_logmel\train\1985.npy,happy,train
features_logmel\train\1986.npy,happy,train
features_logmel\train\1987.npy,sad,train
features_logmel\train\1988.npy,sad,train
features_logmel\train\1989.npy,angry,train
features_logmel\train\1990.npy,angry,train
features_logmel\train\1991.npy,neutral,train
features_logmel\train\1992.npy,angry,train
features_logmel\train\1993.npy,sad,train
features_logmel\train\1994.npy,neutral,train
features_logmel\train\1995.npy,sad,train
features_logmel\train\1996.npy,sad,train
features_logmel\train\1997.npy,happy,train
features_logmel\train\1998.npy,neutral,train
features_logmel\train\1999.npy,neutral,train
features_logmel\train\2000.npy,neutral,train
features_logmel\train\2001.npy,happy,train
features_logmel\train\2002.npy,happy,train
features_logmel\train\2003.npy,angry,train
features_logmel\train\2004.npy,angry,train
features_logmel\train\2005.npy,angry,train
features_logmel\train\2006.npy,neutral,train
features_logmel\train\2007.npy,angry,train
features_logmel\train\2008.npy,sad,train
features_logmel\train\2009.npy,sad,train
features_logmel\train\2010.npy,sad,train
features_logmel\train\2011.npy,angry,train
features_logmel\train\2012.npy,happy,train
features_logmel\train\2013.npy,neutral,train
features_logmel\train\2014.npy,sad,train
features_logmel\train\2015.npy,happy,train
features_logmel\train\2016.npy,happy,train
features_logmel\train\2017.npy,sad,train
features_logmel\train\2018.npy,angry,train
features_logmel\train\2019.npy,angry,train
features_logmel\train\2020.npy,neutral,train
features_logmel\train\2021.npy,angry,train
features_logmel\train\2022.npy,happy,train
features_logmel\train\2023.npy,happy,train
features_logmel\train\2024.npy,neutral,train
features_logmel\train\2025.npy,sad,train
features_logmel\train\2026.npy,neutral,train
features_logmel\train\2027.npy,neutral,train
features_logmel\train\2028.npy,neutral,train
features_logmel\train\2029.npy,sad,train
features_logmel\train\2030.npy,neutral,train
features_logmel\train\2031.npy,neutral,train
features_logmel\train\2032.npy,happy,train
features_logmel\train\2033.npy,sad,train
features_logmel\train\2034.npy,angry,train
features_logmel\train\2035.npy,neutral,train
features_logmel\train\2036.npy,angry,train
features_logmel\train\2037.npy,sad,train
features_logmel\train\2038.npy,happy,train
features_logmel\train\2039.npy,neutral,train
features_logmel\train\2040.npy,happy,train
features_logmel\train\2041.npy,sad,train
features_logmel\train\2042.npy,happy,train
features_logmel\train\2043.npy,neutral,train
features_logmel\train\2044.npy,happy,train
features_logmel\train\2045.npy,sad,train
features_logmel\train\2046.npy,sad,train
features_logmel\train\2047.npy,neutral,train
features_logmel\train\2048.npy,neutral,train
features_logmel\train\2049.npy,neutral,train
features_logmel\train\2050.npy,happy,train
features_logmel\train\2051.npy,happy,train
features_logmel\train\2052.npy,happy,train
features_logmel\train\2053.npy,neutral,train
features_logmel\train\2054.npy,neutral,train
features_logmel\train\2055.npy,happy,train
features_logmel\train\2056.npy,neutral,train
features_logmel\train\2057.npy,neutral,train
features_logmel\train\2058.npy,happy,train
features_logmel\train\2059.npy,neutral,train
features_logmel\train\2060.npy,happy,train
features_logmel\train\2061.npy,neutral,train
features_logmel\train\2062.npy,neutral,train
features_logmel\train\2063.npy,neutral,train
features_logmel\train\2064.npy,happy,train
features_logmel\train\2065.npy,angry,train
features_logmel\train\2066.npy,happy,train
features_logmel\train\2067.npy,happy,train
features_logmel\train\2068.npy,angry,train
features_logmel\train\2069.npy,sad,train
features_logmel\train\2070.npy,happy,train
features_logmel\train\2071.npy,angry,train
features_logmel\train\2072.npy,neutral,train
features_logmel\train\2073.npy,neutral,train
features_logmel\train\2074.npy,neutral,train
features_logmel\train\2075.npy,sad,train
features_logmel\train\2076.npy,happy,train
features_logmel\train\2077.npy,sad,train
features_logmel\train\2078.npy,sad,train
features_logmel\train\2079.npy,sad,train
features_logmel\train\2080.npy,angry,train
features_logmel\train\2081.npy,happy,train
features_logmel\train\2082.npy,angry,train
features_logmel\train\2083.npy,sad,train
features_logmel\train\2084.npy,neutral,train
features_logmel\train\2085.npy,neutral,train
features_logmel\train\2086.npy,neutral,train
features_logmel\train\2087.npy,sad,train
features_logmel\train\2088.npy,neutral,train
features_logmel\train\2089.npy,neutral,train
features_logmel\train\2090.npy,angry,train
features_logmel\train\2091.npy,happy,train
features_logmel\train\2092.npy,neutral,train
features_logmel\train\2093.npy,sad,train
features_logmel\train\2094.npy,angry,train
features_logmel\train\2095.npy,happy,train
features_logmel\train\2096.npy,angry,train
features_logmel\train\2097.npy,neutral,train
features_logmel\train\2098.npy,angry,train
features_logmel\train\2099.npy,angry,train
features_logmel\train\2100.npy,happy,train
features_logmel\train\2101.npy,neutral,train
features_logmel\train\2102.npy,happy,train
features_logmel\train\2103.npy,angry,train
features_logmel\train\2104.npy,angry,train
features_logmel\train\2105.npy,neutral,train
features_logmel\train\2106.npy,happy,train
features_logmel\train\2107.npy,angry,train
features_logmel\train\2108.npy,angry,train
features_logmel\train\2109.npy,sad,train
features_logmel\train\2110.npy,angry,train
features_logmel\train\2111.npy,sad,train
features_logmel\train\2112.npy,neutral,train
features_logmel\train\2113.npy,angry,train
features_logmel\train\2114.npy,happy,train
features_logmel\train\2115.npy,angry,train
features_logmel\train\2116.npy,neutral,train
features_logmel\train\2117.npy,happy,train
features_logmel\train\2118.npy,sad,train
features_logmel\train\2119.npy,sad,train
features_logmel\train\2120.npy,angry,train
features_logmel\train\2121.npy,angry,train
features_logmel\train\2122.npy,neutral,train
features_logmel\train\2123.npy,sad,train
features_logmel\train\2124.npy,sad,train
features_logmel\train\2125.npy,angry,train
features_logmel\train\2126.npy,sad,train
features_logmel\train\2127.npy,happy,train
features_logmel\train\2128.npy,happy,train
features_logmel\train\2129.npy,sad,train
features_logmel\train\2130.npy,angry,train
features_logmel\train\2131.npy,happy,train
features_logmel\train\2132.npy,neutral,train
features_logmel\train\2133.npy,happy,train
features_logmel\train\2134.npy,neutral,train
features_logmel\train\2135.npy,happy,train
features_logmel\train\2136.npy,sad,train
features_logmel\train\2137.npy,angry,train
features_logmel\train\2138.npy,neutral,train
features_logmel\train\2139.npy,sad,train
features_logmel\train\2140.npy,neutral,train
features_logmel\train\2141.npy,neutral,train
features_logmel\train\2142.npy,angry,train
features_logmel\train\2143.npy,neutral,train
features_logmel\train\2144.npy,sad,train
features_logmel\train\2145.npy,angry,train
features_logmel\train\2146.npy,sad,train
features_logmel\train\2147.npy,happy,train
features_logmel\train\2148.npy,sad,train
features_logmel\train\2149.npy,sad,train
features_logmel\train\2150.npy,neutral,train
features_logmel\train\2151.npy,sad,train
features_logmel\train\2152.npy,angry,train
features_logmel\train\2153.npy,neutral,train
features_logmel\train\2154.npy,happy,train
features_logmel\train\2155.npy,neutral,train
features_logmel\train\2156.npy,neutral,train
features_logmel\train\2157.npy,happy,train
features_logmel\train\2158.npy,sad,train
features_logmel\train\2159.npy,angry,train
features_logmel\train\2160.npy,neutral,train
features_logmel\train\2161.npy,sad,train
features_logmel\train\2162.npy,sad,train
features_logmel\train\2163.npy,sad,train
features_logmel\train\2164.npy,sad,train
features_logmel\train\2165.npy,happy,train
features_logmel\train\2166.npy,neutral,train
features_logmel\train\2167.npy,neutral,train
features_logmel\train\2168.npy,angry,train
features_logmel\train\2169.npy,happy,train
features_logmel\train\2170.npy,angry,train
features_logmel\train\2171.npy,angry,train
features_logmel\train\2172.npy,happy,train
features_logmel\train\2173.npy,happy,train
features_logmel\train\2174.npy,angry,train
features_logmel\train\2175.npy,neutral,train
features_logmel\train\2176.npy,happy,train
features_logmel\train\2177.npy,happy,train
features_logmel\train\2178.npy,happy,train
features_logmel\train\2179.npy,neutral,train
features_logmel\train\2180.npy,sad,train
features_logmel\train\2181.npy,happy,train
features_logmel\train\2182.npy,neutral,train
features_logmel\train\2183.npy,neutral,train
features_logmel\train\2184.npy,neutral,train
features_logmel\train\2185.npy,neutral,train
features_logmel\train\2186.npy,neutral,train
features_logmel\train\2187.npy,happy,train
features_logmel\train\2188.npy,angry,train
features_logmel\train\2189.npy,angry,train
features_logmel\train\2190.npy,happy,train
features_logmel\train\2191.npy,sad,train
features_logmel\train\2192.npy,neutral,train
features_logmel\train\2193.npy,neutral,train
features_logmel\train\2194.npy,neutral,train
features_logmel\train\2195.npy,angry,train
features_logmel\train\2196.npy,sad,train
features_logmel\train\2197.npy,angry,train
features_logmel\train\2198.npy,neutral,train
features_logmel\train\2199.npy,happy,train
features_logmel\train\2200.npy,happy,train
features_logmel\train\2201.npy,sad,train
features_logmel\train\2202.npy,neutral,train
features_logmel\train\2203.npy,sad,train
features_logmel\train\2204.npy,neutral,train
features_logmel\train\2205.npy,neutral,train
features_logmel\train\2206.npy,neutral,train
features_logmel\train\2207.npy,angry,train
features_logmel\train\2208.npy,happy,train
features_logmel\train\2209.npy,neutral,train
features_logmel\train\2210.npy,neutral,train
features_logmel\train\2211.npy,angry,train
features_logmel\train\2212.npy,happy,train
features_logmel\train\2213.npy,neutral,train
features_logmel\train\2214.npy,happy,train
features_logmel\train\2215.npy,neutral,train
features_logmel\train\2216.npy,happy,train
features_logmel\train\2217.npy,angry,train
features_logmel\train\2218.npy,happy,train
features_logmel\train\2219.npy,neutral,train
features_logmel\train\2220.npy,happy,train
features_logmel\train\2221.npy,happy,train
features_logmel\train\2222.npy,neutral,train
features_logmel\train\2223.npy,neutral,train
features_logmel\train\2224.npy,happy,train
features_logmel\train\2225.npy,angry,train
features_logmel\train\2226.npy,angry,train
features_logmel\train\2227.npy,sad,train
features_logmel\train\2228.npy,neutral,train
features_logmel\train\2229.npy,neutral,train
features_logmel\train\2230.npy,happy,train
features_logmel\train\2231.npy,sad,train
features_logmel\train\2232.npy,sad,train
features_logmel\train\2233.npy,sad,train
features_logmel\train\2234.npy,happy,train
features_logmel\train\2235.npy,angry,train
features_logmel\train\2236.npy,neutral,train
features_logmel\train\2237.npy,sad,train
features_logmel\train\2238.npy,neutral,train
features_logmel\train\2239.npy,angry,train
features_logmel\train\2240.npy,sad,train
features_logmel\train\2241.npy,angry,train
features_logmel\train\2242.npy,angry,train
features_logmel\train\2243.npy,neutral,train
features_logmel\train\2244.npy,neutral,train
features_logmel\train\2245.npy,neutral,train
features_logmel\train\2246.npy,sad,train
features_logmel\train\2247.npy,happy,train
features_logmel\train\2248.npy,sad,train
features_logmel\train\2249.npy,sad,train
features_logmel\train\2250.npy,sad,train
features_logmel\train\2251.npy,angry,train
features_logmel\train\2252.npy,sad,train
features_logmel\train\2253.npy,neutral,train
features_logmel\train\2254.npy,neutral,train
features_logmel\train\2255.npy,neutral,train
features_logmel\train\2256.npy,angry,train
features_logmel\train\2257.npy,neutral,train
features_logmel\train\2258.npy,happy,train
features_logmel\train\2259.npy,neutral,train
features_logmel\train\2260.npy,happy,train
features_logmel\train\2261.npy,neutral,train
features_logmel\train\2262.npy,neutral,train
features_logmel\train\2263.npy,sad,train
features_logmel\train\2264.npy,angry,train
features_logmel\train\2265.npy,neutral,train
features_logmel\train\2266.npy,neutral,train
features_logmel\train\2267.npy,sad,train
features_logmel\train\2268.npy,sad,train
features_logmel\train\2269.npy,sad,train
features_logmel\train\2270.npy,sad,train
features_logmel\train\2271.npy,sad,train
features_logmel\train\2272.npy,happy,train
features_logmel\train\2273.npy,happy,train
features_logmel\train\2274.npy,angry,train
features_logmel\train\2275.npy,happy,train
features_logmel\train\2276.npy,sad,train
features_logmel\train\2277.npy,neutral,train
features_logmel\train\2278.npy,neutral,train
features_logmel\train\2279.npy,happy,train
features_logmel\train\2280.npy,happy,train
features_logmel\train\2281.npy,neutral,train
features_logmel\train\2282.npy,sad,train
features_logmel\train\2283.npy,neutral,train
features_logmel\train\2284.npy,angry,train
features_logmel\train\2285.npy,angry,train
features_logmel\train\2286.npy,neutral,train
features_logmel\train\2287.npy,sad,train
features_logmel\train\2288.npy,angry,train
features_logmel\train\2289.npy,neutral,train
features_logmel\train\2290.npy,neutral,train
features_logmel\train\2291.npy,angry,train
features_logmel\train\2292.npy,angry,train
features_logmel\train\2293.npy,happy,train
features_logmel\train\2294.npy,sad,train
features_logmel\train\2295.npy,sad,train
features_logmel\train\2296.npy,neutral,train
features_logmel\train\2297.npy,happy,train
features_logmel\train\2298.npy,happy,train
features_logmel\train\2299.npy,neutral,train
features_logmel\train\2300.npy,sad,train
features_logmel\train\2301.npy,sad,train
features_logmel\train\2302.npy,angry,train
features_logmel\train\2303.npy,neutral,train
features_logmel\train\2304.npy,happy,train
features_logmel\train\2305.npy,sad,train
features_logmel\train\2306.npy,neutral,train
features_logmel\train\2307.npy,happy,train
features_logmel\train\2308.npy,happy,train
features_logmel\train\2309.npy,happy,train
features_logmel\train\2310.npy,neutral,train
features_logmel\train\2311.npy,sad,train
features_logmel\train\2312.npy,happy,train
features_logmel\train\2313.npy,neutral,train
features_logmel\train\2314.npy,neutral,train
features_logmel\train\2315.npy,angry,train
features_logmel\train\2316.npy,happy,train
features_logmel\train\2317.npy,neutral,train
features_logmel\train\2318.npy,angry,train
features_logmel\train\2319.npy,happy,train
features_logmel\train\2320.npy,happy,train
features_logmel\train\2321.npy,sad,train
features_logmel\train\2322.npy,angry,train
features_logmel\train\2323.npy,angry,train
features_logmel\train\2324.npy,neutral,train
features_logmel\train\2325.npy,happy,train
features_logmel\train\2326.npy,neutral,train
features_logmel\train\2327.npy,happy,train
features_logmel\train\2328.npy,neutral,train
features_logmel\train\2329.npy,happy,train
features_logmel\train\2330.npy,sad,train
features_logmel\train\2331.npy,happy,train
features_logmel\train\2332.npy,neutral,train
features_logmel\train\2333.npy,neutral,train
features_logmel\train\2334.npy,neutral,train
features_logmel\train\2335.npy,happy,train
features_logmel\train\2336.npy,angry,train
features_logmel\train\2337.npy,sad,train
features_logmel\train\2338.npy,neutral,train
features_logmel\train\2339.npy,happy,train
features_logmel\train\2340.npy,neutral,train
features_logmel\train\2341.npy,neutral,train
features_logmel\train\2342.npy,angry,train
features_logmel\train\2343.npy,happy,train
features_logmel\train\2344.npy,sad,train
features_logmel\train\2345.npy,happy,train
features_logmel\train\2346.npy,happy,train
features_logmel\train\2347.npy,neutral,train
features_logmel\train\2348.npy,neutral,train
features_logmel\train\2349.npy,sad,train
features_logmel\train\2350.npy,neutral,train
features_logmel\train\2351.npy,neutral,train
features_logmel\train\2352.npy,happy,train
features_logmel\train\2353.npy,sad,train
features_logmel\train\2354.npy,sad,train
features_logmel\train\2355.npy,happy,train
features_logmel\train\2356.npy,angry,train
features_logmel\train\2357.npy,sad,train
features_logmel\train\2358.npy,happy,train
features_logmel\train\2359.npy,sad,train
features_logmel\train\2360.npy,neutral,train
features_logmel\train\2361.npy,sad,train
features_logmel\train\2362.npy,neutral,train
features_logmel\train\2363.npy,happy,train
features_logmel\train\2364.npy,happy,train
features_logmel\train\2365.npy,neutral,train
features_logmel\train\2366.npy,neutral,train
features_logmel\train\2367.npy,neutral,train
features_logmel\train\2368.npy,neutral,train
features_logmel\train\2369.npy,angry,train
features_logmel\train\2370.npy,angry,train
features_logmel\train\2371.npy,neutral,train
features_logmel\train\2372.npy,happy,train
features_logmel\train\2373.npy,sad,train
features_logmel\train\2374.npy,happy,train
features_logmel\train\2375.npy,angry,train
features_logmel\train\2376.npy,angry,train
features_logmel\train\2377.npy,neutral,train
features_logmel\train\2378.npy,happy,train
features_logmel\train\2379.npy,happy,train
features_logmel\train\2380.npy,happy,train
features_logmel\train\2381.npy,neutral,train
features_logmel\train\2382.npy,sad,train
features_logmel\train\2383.npy,sad,train
features_logmel\train\2384.npy,sad,train
features_logmel\train\2385.npy,neutral,train
features_logmel\train\2386.npy,angry,train
features_logmel\train\2387.npy,neutral,train
features_logmel\train\2388.npy,neutral,train
features_logmel\train\2389.npy,neutral,train
features_logmel\train\2390.npy,sad,train
features_logmel\train\2391.npy,neutral,train
features_logmel\train\2392.npy,sad,train
features_logmel\train\2393.npy,happy,train
features_logmel\train\2394.npy,happy,train
features_logmel\train\2395.npy,happy,train
features_logmel\train\2396.npy,happy,train
features_logmel\train\2397.npy,sad,train
features_logmel\train\2398.npy,angry,train
features_logmel\train\2399.npy,neutral,train
features_logmel\train\2400.npy,neutral,train
features_logmel\train\2401.npy,angry,train
features_logmel\train\2402.npy,angry,train
features_logmel\train\2403.npy,neutral,train
features_logmel\train\2404.npy,sad,train
features_logmel\train\2405.npy,sad,train
features_logmel\train\2406.npy,neutral,train
features_logmel\train\2407.npy,angry,train
features_logmel\train\2408.npy,happy,train
features_logmel\train\2409.npy,sad,train
features_logmel\train\2410.npy,neutral,train
features_logmel\train\2411.npy,happy,train
features_logmel\train\2412.npy,sad,train
features_logmel\train\2413.npy,happy,train
features_logmel\train\2414.npy,neutral,train
features_logmel\train\2415.npy,neutral,train
features_logmel\train\2416.npy,sad,train
features_logmel\train\2417.npy,neutral,train
features_logmel\train\2418.npy,neutral,train
features_logmel\train\2419.npy,angry,train
features_logmel\train\2420.npy,neutral,train
features_logmel\train\2421.npy,neutral,train
features_logmel\train\2422.npy,angry,train
features_logmel\train\2423.npy,angry,train
features_logmel\train\2424.npy,sad,train
features_logmel\train\2425.npy,angry,train
features_logmel\train\2426.npy,neutral,train
features_logmel\train\2427.npy,angry,train
features_logmel\train\2428.npy,neutral,train
features_logmel\train\2429.npy,neutral,train
features_logmel\train\2430.npy,happy,train
features_logmel\train\2431.npy,sad,train
features_logmel\train\2432.npy,happy,train
features_logmel\train\2433.npy,neutral,train
features_logmel\train\2434.npy,sad,train
features_logmel\train\2435.npy,neutral,train
features_logmel\train\2436.npy,neutral,train
features_logmel\train\2437.npy,neutral,train
features_logmel\train\2438.npy,angry,train
features_logmel\train\2439.npy,sad,train
features_logmel\train\2440.npy,angry,train
features_logmel\train\2441.npy,happy,train
features_logmel\train\2442.npy,sad,train
features_logmel\train\2443.npy,angry,train
features_logmel\train\2444.npy,angry,train
features_logmel\train\2445.npy,happy,train
features_logmel\train\2446.npy,happy,train
features_logmel\train\2447.npy,neutral,train
features_logmel\train\2448.npy,happy,train
features_logmel\train\2449.npy,happy,train
features_logmel\train\2450.npy,happy,train
features_logmel\train\2451.npy,sad,train
features_logmel\train\2452.npy,neutral,train
features_logmel\train\2453.npy,sad,train
features_logmel\train\2454.npy,angry,train
features_logmel\train\2455.npy,angry,train
features_logmel\train\2456.npy,sad,train
features_logmel\train\2457.npy,sad,train
features_logmel\train\2458.npy,neutral,train
features_logmel\train\2459.npy,neutral,train
features_logmel\train\2460.npy,happy,train
features_logmel\train\2461.npy,neutral,train
features_logmel\train\2462.npy,happy,train
features_logmel\train\2463.npy,sad,train
features_logmel\train\2464.npy,angry,train
features_logmel\train\2465.npy,sad,train
features_logmel\train\2466.npy,neutral,train
features_logmel\train\2467.npy,sad,train
features_logmel\train\2468.npy,neutral,train
features_logmel\train\2469.npy,happy,train
features_logmel\train\2470.npy,angry,train
features_logmel\train\2471.npy,happy,train
features_logmel\train\2472.npy,sad,train
features_logmel\train\2473.npy,sad,train
features_logmel\train\2474.npy,angry,train
features_logmel\train\2475.npy,happy,train
features_logmel\train\2476.npy,angry,train
features_logmel\train\2477.npy,neutral,train
features_logmel\train\2478.npy,happy,train
features_logmel\train\2479.npy,angry,train
features_logmel\train\2480.npy,sad,train
features_logmel\train\2481.npy,happy,train
features_logmel\train\2482.npy,neutral,train
features_logmel\train\2483.npy,neutral,train
features_logmel\train\2484.npy,happy,train
features_logmel\train\2485.npy,sad,train
features_logmel\train\2486.npy,neutral,train
features_logmel\train\2487.npy,happy,train
features_logmel\train\2488.npy,neutral,train
features_logmel\train\2489.npy,sad,train
features_logmel\train\2490.npy,happy,train
features_logmel\train\2491.npy,sad,train
features_logmel\train\2492.npy,sad,train
features_logmel\train\2493.npy,angry,train
features_logmel\train\2494.npy,happy,train
features_logmel\train\2495.npy,angry,train
features_logmel\train\2496.npy,angry,train
features_logmel\train\2497.npy,neutral,train
features_logmel\train\2498.npy,neutral,train
features_logmel\train\2499.npy,sad,train
features_logmel\train\2500.npy,happy,train
features_logmel\train\2501.npy,angry,train
features_logmel\train\2502.npy,happy,train
features_logmel\train\2503.npy,sad,train
features_logmel\train\2504.npy,angry,train
features_logmel\train\2505.npy,happy,train
features_logmel\train\2506.npy,sad,train
features_logmel\train\2507.npy,happy,train
features_logmel\train\2508.npy,angry,train
features_logmel\train\2509.npy,angry,train
features_logmel\train\2510.npy,neutral,train
features_logmel\train\2511.npy,neutral,train
features_logmel\train\2512.npy,happy,train
features_logmel\train\2513.npy,sad,train
features_logmel\train\2514.npy,angry,train
features_logmel\train\2515.npy,happy,train
features_logmel\train\2516.npy,happy,train
features_logmel\train\2517.npy,neutral,train
features_logmel\train\2518.npy,neutral,train
features_logmel\train\2519.npy,sad,train
features_logmel\train\2520.npy,neutral,train
features_logmel\train\2521.npy,sad,train
features_logmel\train\2522.npy,neutral,train
features_logmel\train\2523.npy,sad,train
features_logmel\train\2524.npy,neutral,train
features_logmel\train\2525.npy,angry,train
features_logmel\train\2526.npy,happy,train
features_logmel\train\2527.npy,neutral,train
features_logmel\train\2528.npy,neutral,train
features_logmel\train\2529.npy,sad,train
features_logmel\train\2530.npy,sad,train
features_logmel\train\2531.npy,angry,train
features_logmel\train\2532.npy,neutral,train
features_logmel\train\2533.npy,neutral,train
features_logmel\train\2534.npy,neutral,train
features_logmel\train\2535.npy,happy,train
features_logmel\train\2536.npy,angry,train
features_logmel\train\2537.npy,sad,train
features_logmel\train\2538.npy,sad,train
features_logmel\train\2539.npy,happy,train
features_logmel\train\2540.npy,angry,train
features_logmel\train\2541.npy,happy,train
features_logmel\train\2542.npy,angry,train
features_logmel\train\2543.npy,neutral,train
features_logmel\train\2544.npy,angry,train
features_logmel\train\2545.npy,angry,train
features_logmel\train\2546.npy,neutral,train
features_logmel\train\2547.npy,sad,train
features_logmel\train\2548.npy,neutral,train
features_logmel\train\2549.npy,happy,train
features_logmel\train\2550.npy,happy,train
features_logmel\train\2551.npy,sad,train
features_logmel\train\2552.npy,neutral,train
features_logmel\train\2553.npy,happy,train
features_logmel\train\2554.npy,angry,train
features_logmel\train\2555.npy,happy,train
features_logmel\train\2556.npy,happy,train
features_logmel\train\2557.npy,sad,train
features_logmel\train\2558.npy,happy,train
features_logmel\train\2559.npy,angry,train
features_logmel\train\2560.npy,angry,train
features_logmel\train\2561.npy,happy,train
features_logmel\train\2562.npy,happy,train
features_logmel\train\2563.npy,sad,train
features_logmel\train\2564.npy,happy,train
features_logmel\train\2565.npy,neutral,train
features_logmel\train\2566.npy,neutral,train
features_logmel\train\2567.npy,angry,train
features_logmel\train\2568.npy,happy,train
features_logmel\train\2569.npy,happy,train
features_logmel\train\2570.npy,sad,train
features_logmel\train\2571.npy,happy,train
features_logmel\train\2572.npy,sad,train
features_logmel\train\2573.npy,angry,train
features_logmel\train\2574.npy,angry,train
features_logmel\train\2575.npy,sad,train
features_logmel\train\2576.npy,neutral,train
features_logmel\train\2577.npy,sad,train
features_logmel\train\2578.npy,angry,train
features_logmel\train\2579.npy,neutral,train
features_logmel\train\2580.npy,angry,train
features_logmel\train\2581.npy,happy,train
features_logmel\train\2582.npy,happy,train
features_logmel\train\2583.npy,happy,train
features_logmel\train\2584.npy,happy,train
features_logmel\train\2585.npy,neutral,train
features_logmel\train\2586.npy,sad,train
features_logmel\train\2587.npy,happy,train
features_logmel\train\2588.npy,neutral,train
features_logmel\train\2589.npy,neutral,train
features_logmel\train\2590.npy,neutral,train
features_logmel\train\2591.npy,sad,train
features_logmel\train\2592.npy,neutral,train
features_logmel\train\2593.npy,sad,train
features_logmel\train\2594.npy,angry,train
features_logmel\train\2595.npy,happy,train
features_logmel\train\2596.npy,happy,train
features_logmel\train\2597.npy,happy,train
features_logmel\train\2598.npy,happy,train
features_logmel\train\2599.npy,happy,train
features_logmel\train\2600.npy,happy,train
features_logmel\train\2601.npy,neutral,train
features_logmel\train\2602.npy,neutral,train
features_logmel\train\2603.npy,sad,train
features_logmel\train\2604.npy,happy,train
features_logmel\train\2605.npy,sad,train
features_logmel\train\2606.npy,neutral,train
features_logmel\train\2607.npy,happy,train
features_logmel\train\2608.npy,angry,train
features_logmel\train\2609.npy,neutral,train
features_logmel\train\2610.npy,neutral,train
features_logmel\train\2611.npy,neutral,train
features_logmel\train\2612.npy,happy,train
features_logmel\train\2613.npy,sad,train
features_logmel\train\2614.npy,sad,train
features_logmel\train\2615.npy,sad,train
features_logmel\train\2616.npy,angry,train
features_logmel\train\2617.npy,happy,train
features_logmel\train\2618.npy,sad,train
features_logmel\train\2619.npy,neutral,train
features_logmel\train\2620.npy,sad,train
features_logmel\train\2621.npy,angry,train
features_logmel\train\2622.npy,angry,train
features_logmel\train\2623.npy,sad,train
features_logmel\train\2624.npy,happy,train
features_logmel\train\2625.npy,neutral,train
features_logmel\train\2626.npy,angry,train
features_logmel\train\2627.npy,happy,train
features_logmel\train\2628.npy,neutral,train
features_logmel\train\2629.npy,happy,train
features_logmel\train\2630.npy,angry,train
features_logmel\train\2631.npy,neutral,train
features_logmel\train\2632.npy,neutral,train
features_logmel\train\2633.npy,happy,train
features_logmel\train\2634.npy,happy,train
features_logmel\train\2635.npy,angry,train
features_logmel\train\2636.npy,angry,train
features_logmel\train\2637.npy,happy,train
features_logmel\train\2638.npy,angry,train
features_logmel\train\2639.npy,angry,train
features_logmel\train\2640.npy,happy,train
features_logmel\train\2641.npy,angry,train
features_logmel\train\2642.npy,neutral,train
features_logmel\train\2643.npy,neutral,train
features_logmel\train\2644.npy,neutral,train
features_logmel\train\2645.npy,happy,train
features_logmel\train\2646.npy,happy,train
features_logmel\train\2647.npy,neutral,train
features_logmel\train\2648.npy,happy,train
features_logmel\train\2649.npy,angry,train
features_logmel\train\2650.npy,neutral,train
features_logmel\train\2651.npy,sad,train
features_logmel\train\2652.npy,sad,train
features_logmel\train\2653.npy,neutral,train
features_logmel\train\2654.npy,happy,train
features_logmel\train\2655.npy,angry,train
features_logmel\train\2656.npy,angry,train
features_logmel\train\2657.npy,sad,train
features_logmel\train\2658.npy,happy,train
features_logmel\train\2659.npy,angry,train
features_logmel\train\2660.npy,sad,train
features_logmel\train\2661.npy,angry,train
features_logmel\train\2662.npy,angry,train
features_logmel\train\2663.npy,angry,train
features_logmel\train\2664.npy,sad,train
features_logmel\train\2665.npy,neutral,train
features_logmel\train\2666.npy,sad,train
features_logmel\train\2667.npy,angry,train
features_logmel\train\2668.npy,neutral,train
features_logmel\train\2669.npy,happy,train
features_logmel\train\2670.npy,neutral,train
features_logmel\train\2671.npy,neutral,train
features_logmel\train\2672.npy,happy,train
features_logmel\train\2673.npy,happy,train
features_logmel\train\2674.npy,neutral,train
features_logmel\train\2675.npy,sad,train
features_logmel\train\2676.npy,happy,train
features_logmel\train\2677.npy,neutral,train
features_logmel\train\2678.npy,angry,train
features_logmel\train\2679.npy,neutral,train
features_logmel\train\2680.npy,angry,train
features_logmel\train\2681.npy,happy,train
features_logmel\train\2682.npy,neutral,train
features_logmel\train\2683.npy,angry,train
features_logmel\train\2684.npy,sad,train
features_logmel\train\2685.npy,sad,train
features_logmel\train\2686.npy,neutral,train
features_logmel\train\2687.npy,happy,train
features_logmel\train\2688.npy,neutral,train
features_logmel\train\2689.npy,happy,train
features_logmel\train\2690.npy,neutral,train
features_logmel\train\2691.npy,happy,train
features_logmel\train\2692.npy,angry,train
features_logmel\train\2693.npy,sad,train
features_logmel\train\2694.npy,neutral,train
features_logmel\train\2695.npy,happy,train
features_logmel\train\2696.npy,sad,train
features_logmel\train\2697.npy,angry,train
features_logmel\train\2698.npy,angry,train
features_logmel\train\2699.npy,neutral,train
features_logmel\train\2700.npy,sad,train
features_logmel\train\2701.npy,neutral,train
features_logmel\train\2702.npy,neutral,train
features_logmel\train\2703.npy,happy,train
features_logmel\train\2704.npy,angry,train
features_logmel\train\2705.npy,sad,train
features_logmel\train\2706.npy,happy,train
features_logmel\train\2707.npy,sad,train
features_logmel\train\2708.npy,sad,train
features_logmel\train\2709.npy,neutral,train
features_logmel\train\2710.npy,sad,train
features_logmel\train\2711.npy,sad,train
features_logmel\train\2712.npy,neutral,train
features_logmel\train\2713.npy,sad,train
features_logmel\train\2714.npy,angry,train
features_logmel\train\2715.npy,happy,train
features_logmel\train\2716.npy,neutral,train
features_logmel\train\2717.npy,angry,train
features_logmel\train\2718.npy,happy,train
features_logmel\train\2719.npy,angry,train
features_logmel\train\2720.npy,happy,train
features_logmel\train\2721.npy,sad,train
features_logmel\train\2722.npy,sad,train
features_logmel\train\2723.npy,neutral,train
features_logmel\train\2724.npy,sad,train
features_logmel\train\2725.npy,sad,train
features_logmel\train\2726.npy,happy,train
features_logmel\train\2727.npy,happy,train
features_logmel\train\2728.npy,happy,train
features_logmel\train\2729.npy,sad,train
features_logmel\train\2730.npy,angry,train
features_logmel\train\2731.npy,sad,train
features_logmel\train\2732.npy,neutral,train
features_logmel\train\2733.npy,angry,train
features_logmel\train\2734.npy,neutral,train
features_logmel\train\2735.npy,neutral,train
features_logmel\train\2736.npy,happy,train
features_logmel\train\2737.npy,neutral,train
features_logmel\train\2738.npy,happy,train
features_logmel\train\2739.npy,sad,train
features_logmel\train\2740.npy,happy,train
features_logmel\train\2741.npy,angry,train
features_logmel\train\2742.npy,angry,train
features_logmel\train\2743.npy,neutral,train
features_logmel\train\2744.npy,angry,train
features_logmel\train\2745.npy,sad,train
features_logmel\train\2746.npy,angry,train
features_logmel\train\2747.npy,sad,train
features_logmel\train\2748.npy,happy,train
features_logmel\train\2749.npy,happy,train
features_logmel\train\2750.npy,happy,train
features_logmel\train\2751.npy,happy,train
features_logmel\train\2752.npy,happy,train
features_logmel\train\2753.npy,angry,train
features_logmel\train\2754.npy,happy,train
features_logmel\train\2755.npy,angry,train
features_logmel\train\2756.npy,neutral,train
features_logmel\train\2757.npy,sad,train
features_logmel\train\2758.npy,angry,train
features_logmel\train\2759.npy,sad,train
features_logmel\train\2760.npy,neutral,train
features_logmel\train\2761.npy,neutral,train
features_logmel\train\2762.npy,angry,train
features_logmel\train\2763.npy,angry,train
features_logmel\train\2764.npy,sad,train
features_logmel\train\2765.npy,neutral,train
features_logmel\train\2766.npy,neutral,train
features_logmel\train\2767.npy,sad,train
features_logmel\train\2768.npy,angry,train
features_logmel\train\2769.npy,neutral,train
features_logmel\train\2770.npy,angry,train
features_logmel\train\2771.npy,sad,train
features_logmel\train\2772.npy,happy,train
features_logmel\train\2773.npy,sad,train
features_logmel\train\2774.npy,sad,train
features_logmel\train\2775.npy,sad,train
features_logmel\train\2776.npy,sad,train
features_logmel\train\2777.npy,sad,train
features_logmel\train\2778.npy,happy,train
features_logmel\train\2779.npy,happy,train
features_logmel\train\2780.npy,happy,train
features_logmel\train\2781.npy,happy,train
features_logmel\train\2782.npy,happy,train
features_logmel\train\2783.npy,neutral,train
features_logmel\train\2784.npy,angry,train
features_logmel\train\2785.npy,neutral,train
features_logmel\train\2786.npy,angry,train
features_logmel\train\2787.npy,neutral,train
features_logmel\train\2788.npy,neutral,train
features_logmel\train\2789.npy,neutral,train
features_logmel\train\2790.npy,sad,train
features_logmel\train\2791.npy,angry,train
features_logmel\train\2792.npy,sad,train
features_logmel\train\2793.npy,neutral,train
features_logmel\train\2794.npy,happy,train
features_logmel\train\2795.npy,sad,train
features_logmel\train\2796.npy,sad,train
features_logmel\train\2797.npy,sad,train
features_logmel\train\2798.npy,happy,train
features_logmel\train\2799.npy,happy,train
features_logmel\train\2800.npy,happy,train
features_logmel\train\2801.npy,happy,train
features_logmel\train\2802.npy,angry,train
features_logmel\train\2803.npy,sad,train
features_logmel\train\2804.npy,angry,train
features_logmel\train\2805.npy,angry,train
features_logmel\train\2806.npy,happy,train
features_logmel\train\2807.npy,happy,train
features_logmel\train\2808.npy,happy,train
features_logmel\train\2809.npy,angry,train
features_logmel\train\2810.npy,neutral,train
features_logmel\train\2811.npy,happy,train
features_logmel\train\2812.npy,neutral,train
features_logmel\train\2813.npy,neutral,train
features_logmel\train\2814.npy,angry,train
features_logmel\train\2815.npy,angry,train
features_logmel\train\2816.npy,neutral,train
features_logmel\train\2817.npy,neutral,train
features_logmel\train\2818.npy,sad,train
features_logmel\train\2819.npy,sad,train
features_logmel\train\2820.npy,happy,train
features_logmel\train\2821.npy,sad,train
features_logmel\train\2822.npy,angry,train
features_logmel\train\2823.npy,happy,train
features_logmel\train\2824.npy,happy,train
features_logmel\train\2825.npy,angry,train
features_logmel\train\2826.npy,sad,train
features_logmel\train\2827.npy,happy,train
features_logmel\train\2828.npy,angry,train
features_logmel\train\2829.npy,sad,train
features_logmel\train\2830.npy,neutral,train
features_logmel\train\2831.npy,neutral,train
features_logmel\train\2832.npy,angry,train
features_logmel\train\2833.npy,angry,train
features_logmel\train\2834.npy,angry,train
features_logmel\train\2835.npy,happy,train
features_logmel\train\2836.npy,happy,train
features_logmel\train\2837.npy,angry,train
features_logmel\train\2838.npy,happy,train
features_logmel\train\2839.npy,angry,train
features_logmel\train\2840.npy,neutral,train
features_logmel\train\2841.npy,happy,train
features_logmel\train\2842.npy,neutral,train
features_logmel\train\2843.npy,angry,train
features_logmel\train\2844.npy,angry,train
features_logmel\train\2845.npy,happy,train
features_logmel\train\2846.npy,happy,train
features_logmel\train\2847.npy,sad,train
features_logmel\train\2848.npy,happy,train
features_logmel\train\2849.npy,angry,train
features_logmel\train\2850.npy,happy,train
features_logmel\train\2851.npy,angry,train
features_logmel\train\2852.npy,neutral,train
features_logmel\train\2853.npy,neutral,train
features_logmel\train\2854.npy,neutral,train
features_logmel\train\2855.npy,happy,train
features_logmel\train\2856.npy,sad,train
features_logmel\train\2857.npy,neutral,train
features_logmel\train\2858.npy,neutral,train
features_logmel\train\2859.npy,angry,train
features_logmel\train\2860.npy,happy,train
features_logmel\train\2861.npy,angry,train
features_logmel\train\2862.npy,angry,train
features_logmel\train\2863.npy,sad,train
features_logmel\train\2864.npy,neutral,train
features_logmel\train\2865.npy,happy,train
features_logmel\train\2866.npy,happy,train
features_logmel\train\2867.npy,sad,train
features_logmel\train\2868.npy,happy,train
features_logmel\train\2869.npy,neutral,train
features_logmel\train\2870.npy,sad,train
features_logmel\train\2871.npy,sad,train
features_logmel\train\2872.npy,neutral,train
features_logmel\train\2873.npy,happy,train
features_logmel\train\2874.npy,happy,train
features_logmel\train\2875.npy,angry,train
features_logmel\train\2876.npy,angry,train
features_logmel\train\2877.npy,happy,train
features_logmel\train\2878.npy,happy,train
features_logmel\train\2879.npy,angry,train
features_logmel\train\2880.npy,sad,train
features_logmel\train\2881.npy,happy,train
features_logmel\train\2882.npy,angry,train
features_logmel\train\2883.npy,angry,train
features_logmel\train\2884.npy,angry,train
features_logmel\train\2885.npy,sad,train
features_logmel\train\2886.npy,sad,train
features_logmel\train\2887.npy,happy,train
features_logmel\train\2888.npy,angry,train
features_logmel\train\2889.npy,neutral,train
features_logmel\train\2890.npy,neutral,train
features_logmel\train\2891.npy,happy,train
features_logmel\train\2892.npy,neutral,train
features_logmel\train\2893.npy,angry,train
features_logmel\train\2894.npy,angry,train
features_logmel\train\2895.npy,neutral,train
features_logmel\train\2896.npy,neutral,train
features_logmel\train\2897.npy,happy,train
features_logmel\train\2898.npy,neutral,train
features_logmel\train\2899.npy,angry,train
features_logmel\train\2900.npy,sad,train
features_logmel\train\2901.npy,sad,train
features_logmel\train\2902.npy,angry,train
features_logmel\train\2903.npy,happy,train
features_logmel\train\2904.npy,sad,train
features_logmel\train\2905.npy,sad,train
features_logmel\train\2906.npy,sad,train
features_logmel\train\2907.npy,sad,train
features_logmel\train\2908.npy,neutral,train
features_logmel\train\2909.npy,angry,train
features_logmel\train\2910.npy,angry,train
features_logmel\train\2911.npy,neutral,train
features_logmel\train\2912.npy,happy,train
features_logmel\train\2913.npy,neutral,train
features_logmel\train\2914.npy,sad,train
features_logmel\train\2915.npy,happy,train
features_logmel\train\2916.npy,happy,train
features_logmel\train\2917.npy,neutral,train
features_logmel\train\2918.npy,angry,train
features_logmel\train\2919.npy,neutral,train
features_logmel\train\2920.npy,neutral,train
features_logmel\train\2921.npy,happy,train
features_logmel\train\2922.npy,sad,train
features_logmel\train\2923.npy,neutral,train
features_logmel\train\2924.npy,angry,train
features_logmel\train\2925.npy,angry,train
features_logmel\train\2926.npy,angry,train
features_logmel\train\2927.npy,sad,train
features_logmel\train\2928.npy,sad,train
features_logmel\train\2929.npy,neutral,train
features_logmel\train\2930.npy,neutral,train
features_logmel\train\2931.npy,sad,train
features_logmel\train\2932.npy,neutral,train
features_logmel\train\2933.npy,angry,train
features_logmel\train\2934.npy,neutral,train
features_logmel\train\2935.npy,angry,train
features_logmel\train\2936.npy,sad,train
features_logmel\train\2937.npy,happy,train
features_logmel\train\2938.npy,happy,train
features_logmel\train\2939.npy,happy,train
features_logmel\train\2940.npy,neutral,train
features_logmel\train\2941.npy,neutral,train
features_logmel\train\2942.npy,happy,train
features_logmel\train\2943.npy,happy,train
features_logmel\train\2944.npy,angry,train
features_logmel\train\2945.npy,neutral,train
features_logmel\train\2946.npy,sad,train
features_logmel\train\2947.npy,happy,train
features_logmel\train\2948.npy,sad,train
features_logmel\train\2949.npy,angry,train
features_logmel\train\2950.npy,sad,train
features_logmel\train\2951.npy,happy,train
features_logmel\train\2952.npy,angry,train
features_logmel\train\2953.npy,sad,train
features_logmel\train\2954.npy,sad,train
features_logmel\train\2955.npy,neutral,train
features_logmel\train\2956.npy,sad,train
features_logmel\train\2957.npy,happy,train
features_logmel\train\2958.npy,neutral,train
features_logmel\train\2959.npy,neutral,train
features_logmel\train\2960.npy,happy,train
features_logmel\train\2961.npy,happy,train
features_logmel\train\2962.npy,angry,train
features_logmel\train\2963.npy,neutral,train
features_logmel\train\2964.npy,angry,train
features_logmel\train\2965.npy,happy,train
features_logmel\train\2966.npy,sad,train
features_logmel\train\2967.npy,neutral,train
features_logmel\train\2968.npy,happy,train
features_logmel\train\2969.npy,neutral,train
features_logmel\train\2970.npy,neutral,train
features_logmel\train\2971.npy,angry,train
features_logmel\train\2972.npy,sad,train
features_logmel\train\2973.npy,neutral,train
features_logmel\train\2974.npy,neutral,train
features_logmel\train\2975.npy,sad,train
features_logmel\train\2976.npy,happy,train
features_logmel\train\2977.npy,sad,train
features_logmel\train\2978.npy,angry,train
features_logmel\train\2979.npy,angry,train
features_logmel\train\2980.npy,angry,train
features_logmel\train\2981.npy,sad,train
features_logmel\train\2982.npy,neutral,train
features_logmel\train\2983.npy,angry,train
features_logmel\train\2984.npy,happy,train
features_logmel\train\2985.npy,neutral,train
features_logmel\train\2986.npy,happy,train
features_logmel\train\2987.npy,happy,train
features_logmel\train\2988.npy,happy,train
features_logmel\train\2989.npy,angry,train
features_logmel\train\2990.npy,neutral,train
features_logmel\train\2991.npy,sad,train
features_logmel\train\2992.npy,neutral,train
features_logmel\train\2993.npy,angry,train
features_logmel\train\2994.npy,sad,train
features_logmel\train\2995.npy,neutral,train
features_logmel\train\2996.npy,neutral,train
features_logmel\train\2997.npy,happy,train
features_logmel\train\2998.npy,happy,train
features_logmel\train\2999.npy,happy,train
features_logmel\train\3000.npy,angry,train
features_logmel\train\3001.npy,sad,train
features_logmel\train\3002.npy,sad,train
features_logmel\train\3003.npy,neutral,train
features_logmel\train\3004.npy,neutral,train
features_logmel\train\3005.npy,neutral,train
features_logmel\train\3006.npy,neutral,train
features_logmel\train\3007.npy,happy,train
features_logmel\train\3008.npy,neutral,train
features_logmel\train\3009.npy,neutral,train
features_logmel\train\3010.npy,angry,train
features_logmel\train\3011.npy,sad,train
features_logmel\train\3012.npy,sad,train
features_logmel\train\3013.npy,neutral,train
features_logmel\train\3014.npy,happy,train
features_logmel\train\3015.npy,neutral,train
features_logmel\train\3016.npy,sad,train
features_logmel\train\3017.npy,sad,train
features_logmel\train\3018.npy,neutral,train
features_logmel\train\3019.npy,happy,train
features_logmel\train\3020.npy,angry,train
features_logmel\train\3021.npy,neutral,train
features_logmel\train\3022.npy,angry,train
features_logmel\train\3023.npy,neutral,train
features_logmel\train\3024.npy,happy,train
features_logmel\train\3025.npy,happy,train
features_logmel\train\3026.npy,neutral,train
features_logmel\train\3027.npy,angry,train
features_logmel\train\3028.npy,angry,train
features_logmel\train\3029.npy,sad,train
features_logmel\train\3030.npy,neutral,train
features_logmel\train\3031.npy,happy,train
features_logmel\train\3032.npy,neutral,train
features_logmel\train\3033.npy,sad,train
features_logmel\train\3034.npy,neutral,train
features_logmel\train\3035.npy,angry,train
features_logmel\train\3036.npy,sad,train
features_logmel\train\3037.npy,angry,train
features_logmel\train\3038.npy,happy,train
features_logmel\train\3039.npy,angry,train
features_logmel\train\3040.npy,neutral,train
features_logmel\train\3041.npy,sad,train
features_logmel\train\3042.npy,sad,train
features_logmel\train\3043.npy,neutral,train
features_logmel\train\3044.npy,neutral,train
features_logmel\train\3045.npy,happy,train
features_logmel\train\3046.npy,sad,train
features_logmel\train\3047.npy,happy,train
features_logmel\train\3048.npy,angry,train
features_logmel\train\3049.npy,angry,train
features_logmel\train\3050.npy,neutral,train
features_logmel\train\3051.npy,happy,train
features_logmel\train\3052.npy,sad,train
features_logmel\train\3053.npy,angry,train
features_logmel\train\3054.npy,happy,train
features_logmel\train\3055.npy,angry,train
features_logmel\train\3056.npy,angry,train
features_logmel\train\3057.npy,happy,train
features_logmel\train\3058.npy,happy,train
features_logmel\train\3059.npy,happy,train
features_logmel\train\3060.npy,happy,train
features_logmel\train\3061.npy,happy,train
features_logmel\train\3062.npy,sad,train
features_logmel\train\3063.npy,angry,train
features_logmel\train\3064.npy,happy,train
features_logmel\train\3065.npy,angry,train
features_logmel\train\3066.npy,sad,train
features_logmel\train\3067.npy,neutral,train
features_logmel\train\3068.npy,neutral,train
features_logmel\train\3069.npy,angry,train
features_logmel\train\3070.npy,neutral,train
features_logmel\train\3071.npy,angry,train
features_logmel\train\3072.npy,happy,train
features_logmel\train\3073.npy,sad,train
features_logmel\train\3074.npy,angry,train
features_logmel\train\3075.npy,angry,train
features_logmel\train\3076.npy,neutral,train
features_logmel\train\3077.npy,angry,train
features_logmel\train\3078.npy,happy,train
features_logmel\train\3079.npy,angry,train
features_logmel\train\3080.npy,happy,train
features_logmel\train\3081.npy,happy,train
features_logmel\train\3082.npy,neutral,train
features_logmel\train\3083.npy,angry,train
features_logmel\train\3084.npy,happy,train
features_logmel\train\3085.npy,happy,train
features_logmel\train\3086.npy,sad,train
features_logmel\train\3087.npy,angry,train
features_logmel\train\3088.npy,neutral,train
features_logmel\train\3089.npy,neutral,train
features_logmel\train\3090.npy,happy,train
features_logmel\train\3091.npy,angry,train
features_logmel\train\3092.npy,happy,train
features_logmel\train\3093.npy,neutral,train
features_logmel\train\3094.npy,neutral,train
features_logmel\train\3095.npy,sad,train
features_logmel\train\3096.npy,angry,train
features_logmel\train\3097.npy,neutral,train
features_logmel\train\3098.npy,sad,train
features_logmel\train\3099.npy,neutral,train
features_logmel\train\3100.npy,sad,train
features_logmel\train\3101.npy,neutral,train
features_logmel\train\3102.npy,happy,train
features_logmel\train\3103.npy,sad,train
features_logmel\train\3104.npy,happy,train
features_logmel\train\3105.npy,happy,train
features_logmel\train\3106.npy,neutral,train
features_logmel\train\3107.npy,happy,train
features_logmel\train\3108.npy,angry,train
features_logmel\train\3109.npy,neutral,train
features_logmel\train\3110.npy,angry,train
features_logmel\train\3111.npy,neutral,train
features_logmel\train\3112.npy,sad,train
features_logmel\train\3113.npy,angry,train
features_logmel\train\3114.npy,happy,train
features_logmel\train\3115.npy,neutral,train
features_logmel\train\3116.npy,happy,train
features_logmel\train\3117.npy,happy,train
features_logmel\train\3118.npy,happy,train
features_logmel\train\3119.npy,neutral,train
features_logmel\train\3120.npy,angry,train
features_logmel\train\3121.npy,neutral,train
features_logmel\train\3122.npy,neutral,train
features_logmel\train\3123.npy,angry,train
features_logmel\train\3124.npy,angry,train
features_logmel\train\3125.npy,neutral,train
features_logmel\train\3126.npy,neutral,train
features_logmel\train\3127.npy,neutral,train
features_logmel\train\3128.npy,sad,train
features_logmel\train\3129.npy,happy,train
features_logmel\train\3130.npy,neutral,train
features_logmel\train\3131.npy,neutral,train
features_logmel\train\3132.npy,angry,train
features_logmel\train\3133.npy,neutral,train
features_logmel\train\3134.npy,happy,train
features_logmel\train\3135.npy,sad,train
features_logmel\train\3136.npy,angry,train
features_logmel\train\3137.npy,angry,train
features_logmel\train\3138.npy,neutral,train
features_logmel\train\3139.npy,neutral,train
features_logmel\train\3140.npy,happy,train
features_logmel\train\3141.npy,neutral,train
features_logmel\train\3142.npy,sad,train
features_logmel\train\3143.npy,neutral,train
features_logmel\train\3144.npy,angry,train
features_logmel\train\3145.npy,happy,train
features_logmel\train\3146.npy,happy,train
features_logmel\train\3147.npy,neutral,train
features_logmel\train\3148.npy,happy,train
features_logmel\train\3149.npy,sad,train
features_logmel\train\3150.npy,sad,train
features_logmel\train\3151.npy,neutral,train
features_logmel\train\3152.npy,neutral,train
features_logmel\train\3153.npy,neutral,train
features_logmel\train\3154.npy,angry,train
features_logmel\train\3155.npy,angry,train
features_logmel\train\3156.npy,happy,train
features_logmel\train\3157.npy,neutral,train
features_logmel\train\3158.npy,neutral,train
features_logmel\train\3159.npy,sad,train
features_logmel\train\3160.npy,angry,train
features_logmel\train\3161.npy,neutral,train
features_logmel\train\3162.npy,happy,train
features_logmel\train\3163.npy,sad,train
features_logmel\train\3164.npy,happy,train
features_logmel\train\3165.npy,happy,train
features_logmel\train\3166.npy,neutral,train
features_logmel\train\3167.npy,sad,train
features_logmel\train\3168.npy,neutral,train
features_logmel\train\3169.npy,neutral,train
features_logmel\train\3170.npy,sad,train
features_logmel\train\3171.npy,happy,train
features_logmel\train\3172.npy,happy,train
features_logmel\train\3173.npy,happy,train
features_logmel\train\3174.npy,neutral,train
features_logmel\train\3175.npy,happy,train
features_logmel\train\3176.npy,sad,train
features_logmel\train\3177.npy,happy,train
features_logmel\train\3178.npy,angry,train
features_logmel\train\3179.npy,happy,train
features_logmel\train\3180.npy,angry,train
features_logmel\train\3181.npy,happy,train
features_logmel\train\3182.npy,sad,train
features_logmel\train\3183.npy,angry,train
features_logmel\train\3184.npy,angry,train
features_logmel\train\3185.npy,sad,train
features_logmel\train\3186.npy,angry,train
features_logmel\train\3187.npy,angry,train
features_logmel\train\3188.npy,happy,train
features_logmel\train\3189.npy,sad,train
features_logmel\train\3190.npy,neutral,train
features_logmel\train\3191.npy,happy,train
features_logmel\train\3192.npy,angry,train
features_logmel\train\3193.npy,happy,train
features_logmel\train\3194.npy,happy,train
features_logmel\train\3195.npy,happy,train
features_logmel\train\3196.npy,happy,train
features_logmel\train\3197.npy,sad,train
features_logmel\train\3198.npy,angry,train
features_logmel\train\3199.npy,happy,train
features_logmel\train\3200.npy,neutral,train
features_logmel\train\3201.npy,angry,train
features_logmel\train\3202.npy,neutral,train
features_logmel\train\3203.npy,neutral,train
features_logmel\train\3204.npy,neutral,train
features_logmel\train\3205.npy,neutral,train
features_logmel\train\3206.npy,happy,train
features_logmel\train\3207.npy,sad,train
features_logmel\train\3208.npy,neutral,train
features_logmel\train\3209.npy,sad,train
features_logmel\train\3210.npy,sad,train
features_logmel\train\3211.npy,angry,train
features_logmel\train\3212.npy,angry,train
features_logmel\train\3213.npy,happy,train
features_logmel\train\3214.npy,happy,train
features_logmel\train\3215.npy,angry,train
features_logmel\train\3216.npy,sad,train
features_logmel\train\3217.npy,happy,train
features_logmel\train\3218.npy,angry,train
features_logmel\train\3219.npy,happy,train
features_logmel\train\3220.npy,sad,train
features_logmel\train\3221.npy,angry,train
features_logmel\train\3222.npy,happy,train
features_logmel\train\3223.npy,neutral,train
features_logmel\train\3224.npy,sad,train
features_logmel\train\3225.npy,neutral,train
features_logmel\train\3226.npy,neutral,train
features_logmel\train\3227.npy,neutral,train
features_logmel\train\3228.npy,neutral,train
features_logmel\train\3229.npy,angry,train
features_logmel\train\3230.npy,sad,train
features_logmel\train\3231.npy,angry,train
features_logmel\train\3232.npy,happy,train
features_logmel\train\3233.npy,sad,train
features_logmel\train\3234.npy,angry,train
features_logmel\train\3235.npy,happy,train
features_logmel\train\3236.npy,sad,train
features_logmel\train\3237.npy,happy,train
features_logmel\train\3238.npy,sad,train
features_logmel\train\3239.npy,neutral,train
features_logmel\train\3240.npy,neutral,train
features_logmel\train\3241.npy,neutral,train
features_logmel\train\3242.npy,happy,train
features_logmel\train\3243.npy,neutral,train
features_logmel\train\3244.npy,sad,train
features_logmel\train\3245.npy,angry,train
features_logmel\train\3246.npy,sad,train
features_logmel\train\3247.npy,happy,train
features_logmel\train\3248.npy,sad,train
features_logmel\train\3249.npy,happy,train
features_logmel\train\3250.npy,angry,train
features_logmel\train\3251.npy,neutral,train
features_logmel\train\3252.npy,sad,train
features_logmel\train\3253.npy,angry,train
features_logmel\train\3254.npy,happy,train
features_logmel\train\3255.npy,happy,train
features_logmel\train\3256.npy,sad,train
features_logmel\train\3257.npy,angry,train
features_logmel\train\3258.npy,angry,train
features_logmel\train\3259.npy,happy,train
features_logmel\train\3260.npy,happy,train
features_logmel\train\3261.npy,angry,train
features_logmel\train\3262.npy,sad,train
features_logmel\train\3263.npy,happy,train
features_logmel\train\3264.npy,sad,train
features_logmel\train\3265.npy,angry,train
features_logmel\train\3266.npy,happy,train
features_logmel\train\3267.npy,neutral,train
features_logmel\train\3268.npy,neutral,train
features_logmel\train\3269.npy,angry,train
features_logmel\train\3270.npy,happy,train
features_logmel\train\3271.npy,neutral,train
features_logmel\train\3272.npy,neutral,train
features_logmel\train\3273.npy,happy,train
features_logmel\train\3274.npy,happy,train
features_logmel\train\3275.npy,sad,train
features_logmel\train\3276.npy,sad,train
features_logmel\train\3277.npy,sad,train
features_logmel\train\3278.npy,sad,train
features_logmel\train\3279.npy,sad,train
features_logmel\train\3280.npy,neutral,train
features_logmel\train\3281.npy,sad,train
features_logmel\train\3282.npy,happy,train
features_logmel\train\3283.npy,angry,train
features_logmel\train\3284.npy,happy,train
features_logmel\train\3285.npy,sad,train
features_logmel\train\3286.npy,happy,train
features_logmel\train\3287.npy,angry,train
features_logmel\train\3288.npy,happy,train
features_logmel\train\3289.npy,happy,train
features_logmel\train\3290.npy,angry,train
features_logmel\train\3291.npy,angry,train
features_logmel\train\3292.npy,angry,train
features_logmel\train\3293.npy,neutral,train
features_logmel\train\3294.npy,happy,train
features_logmel\train\3295.npy,sad,train
features_logmel\train\3296.npy,neutral,train
features_logmel\train\3297.npy,neutral,train
features_logmel\train\3298.npy,neutral,train
features_logmel\train\3299.npy,angry,train
features_logmel\train\3300.npy,happy,train
features_logmel\train\3301.npy,happy,train
features_logmel\train\3302.npy,happy,train
features_logmel\train\3303.npy,neutral,train
features_logmel\train\3304.npy,neutral,train
features_logmel\train\3305.npy,sad,train
features_logmel\train\3306.npy,neutral,train
features_logmel\train\3307.npy,neutral,train
features_logmel\train\3308.npy,sad,train
features_logmel\train\3309.npy,sad,train
features_logmel\train\3310.npy,happy,train
features_logmel\train\3311.npy,sad,train
features_logmel\train\3312.npy,angry,train
features_logmel\train\3313.npy,happy,train
features_logmel\train\3314.npy,sad,train
features_logmel\train\3315.npy,neutral,train
features_logmel\train\3316.npy,angry,train
features_logmel\train\3317.npy,happy,train
features_logmel\train\3318.npy,neutral,train
features_logmel\train\3319.npy,angry,train
features_logmel\train\3320.npy,happy,train
features_logmel\train\3321.npy,sad,train
features_logmel\train\3322.npy,sad,train
features_logmel\train\3323.npy,angry,train
features_logmel\train\3324.npy,happy,train
features_logmel\train\3325.npy,happy,train
features_logmel\train\3326.npy,angry,train
features_logmel\train\3327.npy,sad,train
features_logmel\train\3328.npy,angry,train
features_logmel\train\3329.npy,neutral,train
features_logmel\train\3330.npy,sad,train
features_logmel\train\3331.npy,angry,train
features_logmel\train\3332.npy,angry,train
features_logmel\train\3333.npy,neutral,train
features_logmel\train\3334.npy,angry,train
features_logmel\train\3335.npy,happy,train
features_logmel\train\3336.npy,angry,train
features_logmel\train\3337.npy,happy,train
features_logmel\train\3338.npy,angry,train
features_logmel\train\3339.npy,angry,train
features_logmel\train\3340.npy,neutral,train
features_logmel\train\3341.npy,sad,train
features_logmel\train\3342.npy,angry,train
features_logmel\train\3343.npy,happy,train
features_logmel\train\3344.npy,sad,train
features_logmel\train\3345.npy,angry,train
features_logmel\train\3346.npy,neutral,train
features_logmel\train\3347.npy,neutral,train
features_logmel\train\3348.npy,sad,train
features_logmel\train\3349.npy,angry,train
features_logmel\train\3350.npy,happy,train
features_logmel\train\3351.npy,neutral,train
features_logmel\train\3352.npy,happy,train
features_logmel\train\3353.npy,sad,train
features_logmel\train\3354.npy,sad,train
features_logmel\train\3355.npy,angry,train
features_logmel\train\3356.npy,angry,train
features_logmel\train\3357.npy,neutral,train
features_logmel\train\3358.npy,sad,train
features_logmel\train\3359.npy,happy,train
features_logmel\train\3360.npy,happy,train
features_logmel\train\3361.npy,neutral,train
features_logmel\train\3362.npy,happy,train
features_logmel\train\3363.npy,sad,train
features_logmel\train\3364.npy,sad,train
features_logmel\train\3365.npy,sad,train
features_logmel\train\3366.npy,sad,train
features_logmel\train\3367.npy,happy,train
features_logmel\train\3368.npy,neutral,train
features_logmel\train\3369.npy,happy,train
features_logmel\train\3370.npy,neutral,train
features_logmel\train\3371.npy,happy,train
features_logmel\train\3372.npy,happy,train
features_logmel\train\3373.npy,angry,train
features_logmel\train\3374.npy,neutral,train
features_logmel\train\3375.npy,angry,train
features_logmel\train\3376.npy,angry,train
features_logmel\train\3377.npy,angry,train
features_logmel\train\3378.npy,sad,train
features_logmel\train\3379.npy,sad,train
features_logmel\train\3380.npy,sad,train
features_logmel\train\3381.npy,neutral,train
features_logmel\train\3382.npy,angry,train
features_logmel\train\3383.npy,happy,train
features_logmel\train\3384.npy,happy,train
features_logmel\train\3385.npy,sad,train
features_logmel\train\3386.npy,sad,train
features_logmel\train\3387.npy,neutral,train
features_logmel\train\3388.npy,neutral,train
features_logmel\train\3389.npy,angry,train
features_logmel\train\3390.npy,angry,train
features_logmel\train\3391.npy,angry,train
features_logmel\train\3392.npy,happy,train
features_logmel\train\3393.npy,neutral,train
features_logmel\train\3394.npy,neutral,train
features_logmel\train\3395.npy,neutral,train
features_logmel\train\3396.npy,sad,train
features_logmel\train\3397.npy,happy,train
features_logmel\train\3398.npy,angry,train
features_logmel\train\3399.npy,neutral,train
features_logmel\train\3400.npy,angry,train
features_logmel\train\3401.npy,angry,train
features_logmel\train\3402.npy,angry,train
features_logmel\train\3403.npy,angry,train
features_logmel\train\3404.npy,neutral,train
features_logmel\train\3405.npy,sad,train
features_logmel\train\3406.npy,neutral,train
features_logmel\train\3407.npy,angry,train
features_logmel\train\3408.npy,angry,train
features_logmel\train\3409.npy,happy,train
features_logmel\train\3410.npy,neutral,train
features_logmel\train\3411.npy,happy,train
features_logmel\train\3412.npy,angry,train
features_logmel\train\3413.npy,sad,train
features_logmel\train\3414.npy,neutral,train
features_logmel\train\3415.npy,happy,train
features_logmel\train\3416.npy,sad,train
features_logmel\train\3417.npy,neutral,train
features_logmel\train\3418.npy,happy,train
features_logmel\train\3419.npy,happy,train
features_logmel\train\3420.npy,angry,train
features_logmel\train\3421.npy,angry,train
features_logmel\train\3422.npy,sad,train
features_logmel\train\3423.npy,happy,train
features_logmel\train\3424.npy,happy,train
features_logmel\train\3425.npy,happy,train
features_logmel\train\3426.npy,neutral,train
features_logmel\train\3427.npy,happy,train
features_logmel\train\3428.npy,happy,train
features_logmel\train\3429.npy,happy,train
features_logmel\train\3430.npy,happy,train
features_logmel\train\3431.npy,happy,train
features_logmel\train\3432.npy,happy,train
features_logmel\train\3433.npy,happy,train
features_logmel\train\3434.npy,sad,train
features_logmel\train\3435.npy,neutral,train
features_logmel\train\3436.npy,neutral,train
features_logmel\train\3437.npy,happy,train
features_logmel\train\3438.npy,angry,train
features_logmel\train\3439.npy,happy,train
features_logmel\train\3440.npy,happy,train
features_logmel\train\3441.npy,happy,train
features_logmel\train\3442.npy,sad,train
features_logmel\train\3443.npy,angry,train
features_logmel\train\3444.npy,happy,train
features_logmel\train\3445.npy,angry,train
features_logmel\train\3446.npy,happy,train
features_logmel\train\3447.npy,happy,train
features_logmel\train\3448.npy,angry,train
features_logmel\train\3449.npy,happy,train
features_logmel\train\3450.npy,sad,train
features_logmel\train\3451.npy,happy,train
features_logmel\train\3452.npy,neutral,train
features_logmel\train\3453.npy,neutral,train
features_logmel\train\3454.npy,neutral,train
features_logmel\train\3455.npy,neutral,train
features_logmel\train\3456.npy,neutral,train
features_logmel\train\3457.npy,angry,train
features_logmel\train\3458.npy,angry,train
features_logmel\train\3459.npy,sad,train
features_logmel\train\3460.npy,angry,train
features_logmel\train\3461.npy,happy,train
features_logmel\train\3462.npy,angry,train
features_logmel\train\3463.npy,neutral,train
features_logmel\train\3464.npy,sad,train
features_logmel\train\3465.npy,angry,train
features_logmel\train\3466.npy,sad,train
features_logmel\train\3467.npy,angry,train
features_logmel\train\3468.npy,happy,train
features_logmel\train\3469.npy,sad,train
features_logmel\train\3470.npy,angry,train
features_logmel\train\3471.npy,sad,train
features_logmel\train\3472.npy,happy,train
features_logmel\train\3473.npy,neutral,train
features_logmel\train\3474.npy,neutral,train
features_logmel\train\3475.npy,neutral,train
features_logmel\train\3476.npy,sad,train
features_logmel\train\3477.npy,neutral,train
features_logmel\train\3478.npy,neutral,train
features_logmel\train\3479.npy,angry,train
features_logmel\train\3480.npy,happy,train
features_logmel\train\3481.npy,sad,train
features_logmel\train\3482.npy,sad,train
features_logmel\train\3483.npy,sad,train
features_logmel\train\3484.npy,happy,train
features_logmel\train\3485.npy,angry,train
features_logmel\train\3486.npy,happy,train
features_logmel\train\3487.npy,happy,train
features_logmel\train\3488.npy,neutral,train
features_logmel\train\3489.npy,happy,train
features_logmel\train\3490.npy,angry,train
features_logmel\train\3491.npy,neutral,train
features_logmel\train\3492.npy,sad,train
features_logmel\train\3493.npy,happy,train
features_logmel\train\3494.npy,angry,train
features_logmel\train\3495.npy,neutral,train
features_logmel\train\3496.npy,neutral,train
features_logmel\train\3497.npy,neutral,train
features_logmel\train\3498.npy,angry,train
features_logmel\train\3499.npy,happy,train
features_logmel\train\3500.npy,neutral,train
features_logmel\train\3501.npy,neutral,train
features_logmel\train\3502.npy,happy,train
features_logmel\train\3503.npy,angry,train
features_logmel\train\3504.npy,angry,train
features_logmel\train\3505.npy,happy,train
features_logmel\train\3506.npy,happy,train
features_logmel\train\3507.npy,sad,train
features_logmel\train\3508.npy,neutral,train
features_logmel\train\3509.npy,neutral,train
features_logmel\train\3510.npy,neutral,train
features_logmel\train\3511.npy,happy,train
features_logmel\train\3512.npy,angry,train
features_logmel\train\3513.npy,sad,train
features_logmel\train\3514.npy,happy,train
features_logmel\train\3515.npy,angry,train
features_logmel\train\3516.npy,angry,train
features_logmel\train\3517.npy,happy,train
features_logmel\train\3518.npy,neutral,train
features_logmel\train\3519.npy,sad,train
features_logmel\train\3520.npy,happy,train
features_logmel\train\3521.npy,neutral,train
features_logmel\train\3522.npy,neutral,train
features_logmel\train\3523.npy,angry,train
features_logmel\train\3524.npy,neutral,train
features_logmel\train\3525.npy,angry,train
features_logmel\train\3526.npy,angry,train
features_logmel\train\3527.npy,angry,train
features_logmel\train\3528.npy,angry,train
features_logmel\train\3529.npy,happy,train
features_logmel\train\3530.npy,angry,train
features_logmel\train\3531.npy,happy,train
features_logmel\train\3532.npy,sad,train
features_logmel\train\3533.npy,neutral,train
features_logmel\train\3534.npy,angry,train
features_logmel\train\3535.npy,happy,train
features_logmel\train\3536.npy,neutral,train
features_logmel\train\3537.npy,sad,train
features_logmel\train\3538.npy,neutral,train
features_logmel\train\3539.npy,sad,train
features_logmel\train\3540.npy,sad,train
features_logmel\train\3541.npy,happy,train
features_logmel\train\3542.npy,neutral,train
features_logmel\train\3543.npy,happy,train
features_logmel\train\3544.npy,angry,train
features_logmel\train\3545.npy,happy,train
features_logmel\train\3546.npy,happy,train
features_logmel\train\3547.npy,neutral,train
features_logmel\train\3548.npy,happy,train
features_logmel\train\3549.npy,angry,train
features_logmel\train\3550.npy,angry,train
features_logmel\train\3551.npy,neutral,train
features_logmel\train\3552.npy,sad,train
features_logmel\train\3553.npy,neutral,train
features_logmel\train\3554.npy,happy,train
features_logmel\train\3555.npy,angry,train
features_logmel\train\3556.npy,happy,train
features_logmel\train\3557.npy,happy,train
features_logmel\train\3558.npy,happy,train
features_logmel\train\3559.npy,angry,train
features_logmel\train\3560.npy,happy,train
features_logmel\train\3561.npy,angry,train
features_logmel\train\3562.npy,neutral,train
features_logmel\train\3563.npy,happy,train
features_logmel\train\3564.npy,angry,train
features_logmel\train\3565.npy,neutral,train
features_logmel\train\3566.npy,angry,train
features_logmel\train\3567.npy,sad,train
features_logmel\train\3568.npy,angry,train
features_logmel\train\3569.npy,neutral,train
features_logmel\train\3570.npy,happy,train
features_logmel\train\3571.npy,angry,train
features_logmel\train\3572.npy,happy,train
features_logmel\train\3573.npy,neutral,train
features_logmel\train\3574.npy,sad,train
features_logmel\train\3575.npy,angry,train
features_logmel\train\3576.npy,neutral,train
features_logmel\train\3577.npy,neutral,train
features_logmel\train\3578.npy,sad,train
features_logmel\train\3579.npy,neutral,train
features_logmel\train\3580.npy,sad,train
features_logmel\train\3581.npy,angry,train
features_logmel\train\3582.npy,happy,train
features_logmel\train\3583.npy,sad,train
features_logmel\train\3584.npy,happy,train
features_logmel\train\3585.npy,angry,train
features_logmel\train\3586.npy,sad,train
features_logmel\train\3587.npy,neutral,train
features_logmel\train\3588.npy,neutral,train
features_logmel\train\3589.npy,angry,train
features_logmel\train\3590.npy,neutral,train
features_logmel\train\3591.npy,sad,train
features_logmel\train\3592.npy,neutral,train
features_logmel\train\3593.npy,happy,train
features_logmel\train\3594.npy,angry,train
features_logmel\train\3595.npy,happy,train
features_logmel\train\3596.npy,sad,train
features_logmel\train\3597.npy,neutral,train
features_logmel\train\3598.npy,angry,train
features_logmel\train\3599.npy,happy,train
features_logmel\train\3600.npy,sad,train
features_logmel\train\3601.npy,angry,train
features_logmel\train\3602.npy,neutral,train
features_logmel\train\3603.npy,happy,train
features_logmel\train\3604.npy,happy,train
features_logmel\train\3605.npy,neutral,train
features_logmel\train\3606.npy,happy,train
features_logmel\train\3607.npy,neutral,train
features_logmel\train\3608.npy,neutral,train
features_logmel\train\3609.npy,happy,train
features_logmel\train\3610.npy,angry,train
features_logmel\train\3611.npy,sad,train
features_logmel\train\3612.npy,sad,train
features_logmel\train\3613.npy,happy,train
features_logmel\train\3614.npy,sad,train
features_logmel\train\3615.npy,happy,train
features_logmel\train\3616.npy,sad,train
features_logmel\train\3617.npy,neutral,train
features_logmel\train\3618.npy,neutral,train
features_logmel\train\3619.npy,happy,train
features_logmel\train\3620.npy,happy,train
features_logmel\train\3621.npy,sad,train
features_logmel\train\3622.npy,neutral,train
features_logmel\train\3623.npy,neutral,train
features_logmel\train\3624.npy,happy,train
features_logmel\train\3625.npy,neutral,train
features_logmel\train\3626.npy,happy,train
features_logmel\train\3627.npy,neutral,train
features_logmel\train\3628.npy,angry,train
features_logmel\train\3629.npy,neutral,train
features_logmel\train\3630.npy,neutral,train
features_logmel\train\3631.npy,neutral,train
features_logmel\train\3632.npy,sad,train
features_logmel\train\3633.npy,neutral,train
features_logmel\train\3634.npy,sad,train
features_logmel\train\3635.npy,sad,train
features_logmel\train\3636.npy,neutral,train
features_logmel\train\3637.npy,sad,train
features_logmel\train\3638.npy,neutral,train
features_logmel\train\3639.npy,neutral,train
features_logmel\train\3640.npy,angry,train
features_logmel\train\3641.npy,sad,train
features_logmel\train\3642.npy,happy,train
features_logmel\train\3643.npy,happy,train
features_logmel\train\3644.npy,neutral,train
features_logmel\train\3645.npy,neutral,train
features_logmel\train\3646.npy,sad,train
features_logmel\train\3647.npy,neutral,train
features_logmel\train\3648.npy,happy,train
features_logmel\train\3649.npy,neutral,train
features_logmel\train\3650.npy,sad,train
features_logmel\train\3651.npy,neutral,train
features_logmel\train\3652.npy,neutral,train
features_logmel\train\3653.npy,angry,train
features_logmel\train\3654.npy,neutral,train
features_logmel\train\3655.npy,sad,train
features_logmel\train\3656.npy,sad,train
features_logmel\train\3657.npy,neutral,train
features_logmel\train\3658.npy,sad,train
features_logmel\train\3659.npy,sad,train
features_logmel\train\3660.npy,neutral,train
features_logmel\train\3661.npy,angry,train
features_logmel\train\3662.npy,sad,train
features_logmel\train\3663.npy,sad,train
features_logmel\train\3664.npy,sad,train
features_logmel\train\3665.npy,happy,train
features_logmel\train\3666.npy,angry,train
features_logmel\train\3667.npy,sad,train
features_logmel\train\3668.npy,happy,train
features_logmel\train\3669.npy,angry,train
features_logmel\train\3670.npy,sad,train
features_logmel\train\3671.npy,angry,train
features_logmel\train\3672.npy,neutral,train
features_logmel\train\3673.npy,happy,train
features_logmel\train\3674.npy,sad,train
features_logmel\train\3675.npy,angry,train
features_logmel\train\3676.npy,angry,train
features_logmel\train\3677.npy,happy,train
features_logmel\train\3678.npy,happy,train
features_logmel\train\3679.npy,sad,train
features_logmel\train\3680.npy,angry,train
features_logmel\train\3681.npy,angry,train
features_logmel\train\3682.npy,sad,train
features_logmel\train\3683.npy,sad,train
features_logmel\train\3684.npy,happy,train
features_logmel\train\3685.npy,happy,train
features_logmel\train\3686.npy,neutral,train
features_logmel\train\3687.npy,happy,train
features_logmel\train\3688.npy,neutral,train
features_logmel\train\3689.npy,neutral,train
features_logmel\train\3690.npy,sad,train
features_logmel\train\3691.npy,sad,train
features_logmel\train\3692.npy,neutral,train
features_logmel\train\3693.npy,sad,train
features_logmel\train\3694.npy,angry,train
features_logmel\train\3695.npy,sad,train
features_logmel\train\3696.npy,sad,train
features_logmel\train\3697.npy,sad,train
features_logmel\train\3698.npy,neutral,train
features_logmel\train\3699.npy,happy,train
features_logmel\train\3700.npy,happy,train
features_logmel\train\3701.npy,sad,train
features_logmel\train\3702.npy,neutral,train
features_logmel\train\3703.npy,neutral,train
features_logmel\train\3704.npy,angry,train
features_logmel\train\3705.npy,angry,train
features_logmel\train\3706.npy,angry,train
features_logmel\train\3707.npy,happy,train
features_logmel\train\3708.npy,angry,train
features_logmel\train\3709.npy,neutral,train
features_logmel\train\3710.npy,happy,train
features_logmel\train\3711.npy,neutral,train
features_logmel\train\3712.npy,sad,train
features_logmel\train\3713.npy,happy,train
features_logmel\train\3714.npy,angry,train
features_logmel\train\3715.npy,neutral,train
features_logmel\train\3716.npy,sad,train
features_logmel\train\3717.npy,neutral,train
features_logmel\train\3718.npy,sad,train
features_logmel\train\3719.npy,happy,train
features_logmel\train\3720.npy,angry,train
features_logmel\train\3721.npy,neutral,train
features_logmel\train\3722.npy,sad,train
features_logmel\train\3723.npy,neutral,train
features_logmel\train\3724.npy,happy,train
features_logmel\train\3725.npy,neutral,train
features_logmel\train\3726.npy,neutral,train
features_logmel\train\3727.npy,neutral,train
features_logmel\train\3728.npy,sad,train
features_logmel\train\3729.npy,happy,train
features_logmel\train\3730.npy,angry,train
features_logmel\train\3731.npy,neutral,train
features_logmel\train\3732.npy,angry,train
features_logmel\train\3733.npy,neutral,train
features_logmel\train\3734.npy,happy,train
features_logmel\train\3735.npy,sad,train
features_logmel\train\3736.npy,neutral,train
features_logmel\train\3737.npy,neutral,train
features_logmel\train\3738.npy,neutral,train
features_logmel\train\3739.npy,neutral,train
features_logmel\train\3740.npy,sad,train
features_logmel\train\3741.npy,angry,train
features_logmel\train\3742.npy,happy,train
features_logmel\train\3743.npy,neutral,train
features_logmel\train\3744.npy,neutral,train
features_logmel\train\3745.npy,neutral,train
features_logmel\train\3746.npy,happy,train
features_logmel\train\3747.npy,neutral,train
features_logmel\train\3748.npy,happy,train
features_logmel\train\3749.npy,neutral,train
features_logmel\train\3750.npy,neutral,train
features_logmel\train\3751.npy,angry,train
features_logmel\train\3752.npy,neutral,train
features_logmel\train\3753.npy,neutral,train
features_logmel\train\3754.npy,sad,train
features_logmel\train\3755.npy,angry,train
features_logmel\train\3756.npy,angry,train
features_logmel\train\3757.npy,angry,train
features_logmel\train\3758.npy,neutral,train
features_logmel\train\3759.npy,angry,train
features_logmel\train\3760.npy,neutral,train
features_logmel\train\3761.npy,happy,train
features_logmel\train\3762.npy,sad,train
features_logmel\train\3763.npy,neutral,train
features_logmel\train\3764.npy,angry,train
features_logmel\train\3765.npy,neutral,train
features_logmel\train\3766.npy,neutral,train
features_logmel\train\3767.npy,neutral,train
features_logmel\train\3768.npy,sad,train
features_logmel\train\3769.npy,sad,train
features_logmel\train\3770.npy,angry,train
features_logmel\train\3771.npy,sad,train
features_logmel\train\3772.npy,angry,train
features_logmel\train\3773.npy,angry,train
features_logmel\train\3774.npy,angry,train
features_logmel\train\3775.npy,happy,train
features_logmel\train\3776.npy,angry,train
features_logmel\train\3777.npy,happy,train
features_logmel\train\3778.npy,sad,train
features_logmel\train\3779.npy,sad,train
features_logmel\train\3780.npy,neutral,train
features_logmel\train\3781.npy,neutral,train
features_logmel\train\3782.npy,neutral,train
features_logmel\train\3783.npy,angry,train
features_logmel\train\3784.npy,happy,train
features_logmel\train\3785.npy,neutral,train
features_logmel\train\3786.npy,happy,train
features_logmel\train\3787.npy,happy,train
features_logmel\train\3788.npy,angry,train
features_logmel\train\3789.npy,neutral,train
features_logmel\train\3790.npy,neutral,train
features_logmel\train\3791.npy,angry,train
features_logmel\train\3792.npy,angry,train
features_logmel\train\3793.npy,neutral,train
features_logmel\train\3794.npy,sad,train
features_logmel\train\3795.npy,happy,train
features_logmel\train\3796.npy,sad,train
features_logmel\train\3797.npy,angry,train
features_logmel\train\3798.npy,neutral,train
features_logmel\train\3799.npy,sad,train
features_logmel\train\3800.npy,angry,train
features_logmel\train\3801.npy,sad,train
features_logmel\train\3802.npy,sad,train
features_logmel\train\3803.npy,sad,train
features_logmel\train\3804.npy,neutral,train
features_logmel\train\3805.npy,neutral,train
features_logmel\train\3806.npy,happy,train
features_logmel\train\3807.npy,neutral,train
features_logmel\train\3808.npy,sad,train
features_logmel\train\3809.npy,happy,train
features_logmel\train\3810.npy,sad,train
features_logmel\train\3811.npy,neutral,train
features_logmel\train\3812.npy,neutral,train
features_logmel\train\3813.npy,happy,train
features_logmel\train\3814.npy,neutral,train
features_logmel\train\3815.npy,angry,train
features_logmel\train\3816.npy,angry,train
features_logmel\train\3817.npy,happy,train
features_logmel\train\3818.npy,neutral,train
features_logmel\train\3819.npy,angry,train
features_logmel\train\3820.npy,happy,train
features_logmel\train\3821.npy,sad,train
features_logmel\train\3822.npy,sad,train
features_logmel\train\3823.npy,sad,train
features_logmel\train\3824.npy,happy,train
features_logmel\train\3825.npy,angry,train
features_logmel\train\3826.npy,happy,train
features_logmel\train\3827.npy,happy,train
features_logmel\train\3828.npy,neutral,train
features_logmel\train\3829.npy,sad,train
features_logmel\train\3830.npy,angry,train
features_logmel\train\3831.npy,neutral,train
features_logmel\train\3832.npy,neutral,train
features_logmel\train\3833.npy,neutral,train
features_logmel\train\3834.npy,angry,train
features_logmel\train\3835.npy,neutral,train
features_logmel\train\3836.npy,happy,train
features_logmel\train\3837.npy,neutral,train
features_logmel\train\3838.npy,angry,train
features_logmel\train\3839.npy,neutral,train
features_logmel\train\3840.npy,neutral,train
features_logmel\train\3841.npy,angry,train
features_logmel\train\3842.npy,neutral,train
features_logmel\train\3843.npy,angry,train
features_logmel\train\3844.npy,happy,train
features_logmel\train\3845.npy,angry,train
features_logmel\train\3846.npy,happy,train
features_logmel\train\3847.npy,angry,train
features_logmel\train\3848.npy,happy,train
features_logmel\train\3849.npy,happy,train
features_logmel\train\3850.npy,angry,train
features_logmel\train\3851.npy,sad,train
features_logmel\train\3852.npy,neutral,train
features_logmel\train\3853.npy,happy,train
features_logmel\train\3854.npy,sad,train
features_logmel\train\3855.npy,sad,train
features_logmel\train\3856.npy,angry,train
features_logmel\train\3857.npy,happy,train
features_logmel\train\3858.npy,neutral,train
features_logmel\train\3859.npy,sad,train
features_logmel\train\3860.npy,sad,train
features_logmel\train\3861.npy,neutral,train
features_logmel\train\3862.npy,sad,train
features_logmel\train\3863.npy,happy,train
features_logmel\train\3864.npy,angry,train
features_logmel\train\3865.npy,neutral,train
features_logmel\train\3866.npy,angry,train
features_logmel\train\3867.npy,happy,train
features_logmel\train\3868.npy,angry,train
features_logmel\train\3869.npy,happy,train
features_logmel\train\3870.npy,happy,train
features_logmel\train\3871.npy,angry,train
features_logmel\train\3872.npy,neutral,train
features_logmel\train\3873.npy,neutral,train
features_logmel\train\3874.npy,neutral,train
features_logmel\train\3875.npy,sad,train
features_logmel\train\3876.npy,angry,train
features_logmel\train\3877.npy,sad,train
features_logmel\train\3878.npy,angry,train
features_logmel\train\3879.npy,happy,train
features_logmel\train\3880.npy,neutral,train
features_logmel\train\3881.npy,happy,train
features_logmel\train\3882.npy,happy,train
features_logmel\train\3883.npy,sad,train
features_logmel\train\3884.npy,happy,train
features_logmel\train\3885.npy,angry,train
features_logmel\train\3886.npy,neutral,train
features_logmel\train\3887.npy,angry,train
features_logmel\train\3888.npy,angry,train
features_logmel\train\3889.npy,sad,train
features_logmel\train\3890.npy,happy,train
features_logmel\train\3891.npy,neutral,train
features_logmel\train\3892.npy,happy,train
features_logmel\train\3893.npy,neutral,train
features_logmel\train\3894.npy,neutral,train
features_logmel\train\3895.npy,happy,train
features_logmel\train\3896.npy,sad,train
features_logmel\train\3897.npy,happy,train
features_logmel\train\3898.npy,neutral,train
features_logmel\train\3899.npy,sad,train
features_logmel\train\3900.npy,happy,train
features_logmel\train\3901.npy,happy,train
features_logmel\train\3902.npy,sad,train
features_logmel\train\3903.npy,happy,train
features_logmel\train\3904.npy,angry,train
features_logmel\train\3905.npy,neutral,train
features_logmel\train\3906.npy,angry,train
features_logmel\train\3907.npy,angry,train
features_logmel\train\3908.npy,angry,train
features_logmel\train\3909.npy,sad,train
features_logmel\train\3910.npy,neutral,train
features_logmel\train\3911.npy,angry,train
features_logmel\train\3912.npy,happy,train
features_logmel\train\3913.npy,sad,train
features_logmel\train\3914.npy,sad,train
features_logmel\train\3915.npy,sad,train
features_logmel\train\3916.npy,neutral,train
features_logmel\train\3917.npy,happy,train
features_logmel\train\3918.npy,angry,train
features_logmel\train\3919.npy,sad,train
features_logmel\train\3920.npy,sad,train
features_logmel\train\3921.npy,angry,train
features_logmel\train\3922.npy,neutral,train
features_logmel\train\3923.npy,happy,train
features_logmel\train\3924.npy,neutral,train
features_logmel\train\3925.npy,angry,train
features_logmel\train\3926.npy,neutral,train
features_logmel\train\3927.npy,happy,train
features_logmel\train\3928.npy,sad,train
features_logmel\train\3929.npy,sad,train
features_logmel\train\3930.npy,sad,train
features_logmel\train\3931.npy,happy,train
features_logmel\train\3932.npy,neutral,train
features_logmel\train\3933.npy,angry,train
features_logmel\train\3934.npy,happy,train
features_logmel\train\3935.npy,sad,train
features_logmel\train\3936.npy,angry,train
features_logmel\train\3937.npy,neutral,train
features_logmel\train\3938.npy,neutral,train
features_logmel\train\3939.npy,neutral,train
features_logmel\train\3940.npy,angry,train
features_logmel\train\3941.npy,neutral,train
features_logmel\train\3942.npy,neutral,train
features_logmel\train\3943.npy,angry,train
features_logmel\train\3944.npy,neutral,train
features_logmel\train\3945.npy,sad,train
features_logmel\train\3946.npy,angry,train
features_logmel\train\3947.npy,angry,train
features_logmel\train\3948.npy,neutral,train
features_logmel\train\3949.npy,angry,train
features_logmel\train\3950.npy,happy,train
features_logmel\train\3951.npy,sad,train
features_logmel\train\3952.npy,sad,train
features_logmel\train\3953.npy,happy,train
features_logmel\train\3954.npy,neutral,train
features_logmel\train\3955.npy,sad,train
features_logmel\train\3956.npy,happy,train
features_logmel\train\3957.npy,angry,train
features_logmel\train\3958.npy,sad,train
features_logmel\train\3959.npy,happy,train
features_logmel\train\3960.npy,neutral,train
features_logmel\train\3961.npy,sad,train
features_logmel\train\3962.npy,sad,train
features_logmel\train\3963.npy,sad,train
features_logmel\train\3964.npy,sad,train
features_logmel\train\3965.npy,neutral,train
features_logmel\train\3966.npy,happy,train
features_logmel\train\3967.npy,happy,train
features_logmel\train\3968.npy,happy,train
features_logmel\train\3969.npy,neutral,train
features_logmel\train\3970.npy,happy,train
features_logmel\train\3971.npy,happy,train
features_logmel\train\3972.npy,sad,train
features_logmel\train\3973.npy,angry,train
features_logmel\train\3974.npy,angry,train
features_logmel\train\3975.npy,angry,train
features_logmel\train\3976.npy,angry,train
features_logmel\train\3977.npy,neutral,train
features_logmel\train\3978.npy,neutral,train
features_logmel\train\3979.npy,sad,train
features_logmel\train\3980.npy,neutral,train
features_logmel\train\3981.npy,happy,train
features_logmel\train\3982.npy,angry,train
features_logmel\train\3983.npy,neutral,train
features_logmel\train\3984.npy,neutral,train
features_logmel\train\3985.npy,angry,train
features_logmel\train\3986.npy,sad,train
features_logmel\train\3987.npy,neutral,train
features_logmel\train\3988.npy,sad,train
features_logmel\train\3989.npy,sad,train
features_logmel\train\3990.npy,angry,train
features_logmel\train\3991.npy,neutral,train
features_logmel\train\3992.npy,neutral,train
features_logmel\train\3993.npy,happy,train
features_logmel\train\3994.npy,neutral,train
features_logmel\train\3995.npy,neutral,train
features_logmel\train\3996.npy,happy,train
features_logmel\train\3997.npy,happy,train
features_logmel\train\3998.npy,happy,train
features_logmel\train\3999.npy,happy,train
features_logmel\train\4000.npy,sad,train
features_logmel\train\4001.npy,neutral,train
features_logmel\train\4002.npy,angry,train
features_logmel\train\4003.npy,happy,train
features_logmel\train\4004.npy,angry,train
features_logmel\train\4005.npy,happy,train
features_logmel\train\4006.npy,angry,train
features_logmel\train\4007.npy,happy,train
features_logmel\train\4008.npy,happy,train
features_logmel\train\4009.npy,happy,train
features_logmel\train\4010.npy,neutral,train
features_logmel\train\4011.npy,neutral,train
features_logmel\train\4012.npy,happy,train
features_logmel\train\4013.npy,happy,train
features_logmel\train\4014.npy,neutral,train
features_logmel\train\4015.npy,neutral,train
features_logmel\train\4016.npy,sad,train
features_logmel\train\4017.npy,sad,train
features_logmel\train\4018.npy,neutral,train
features_logmel\train\4019.npy,neutral,train
features_logmel\train\4020.npy,neutral,train
features_logmel\train\4021.npy,happy,train
features_logmel\train\4022.npy,happy,train
features_logmel\train\4023.npy,happy,train
features_logmel\train\4024.npy,sad,train
features_logmel\train\4025.npy,angry,train
features_logmel\train\4026.npy,neutral,train
features_logmel\train\4027.npy,angry,train
features_logmel\train\4028.npy,neutral,train
features_logmel\train\4029.npy,happy,train
features_logmel\train\4030.npy,angry,train
features_logmel\train\4031.npy,happy,train
features_logmel\train\4032.npy,happy,train
features_logmel\train\4033.npy,neutral,train
features_logmel\train\4034.npy,happy,train
features_logmel\train\4035.npy,neutral,train
features_logmel\train\4036.npy,neutral,train
features_logmel\train\4037.npy,angry,train
features_logmel\train\4038.npy,neutral,train
features_logmel\train\4039.npy,sad,train
features_logmel\train\4040.npy,neutral,train
features_logmel\train\4041.npy,angry,train
features_logmel\train\4042.npy,neutral,train
features_logmel\train\4043.npy,happy,train
features_logmel\train\4044.npy,sad,train
features_logmel\train\4045.npy,angry,train
features_logmel\train\4046.npy,happy,train
features_logmel\train\4047.npy,neutral,train
features_logmel\train\4048.npy,neutral,train
features_logmel\train\4049.npy,angry,train
features_logmel\train\4050.npy,happy,train
features_logmel\train\4051.npy,neutral,train
features_logmel\train\4052.npy,happy,train
features_logmel\train\4053.npy,neutral,train
features_logmel\train\4054.npy,happy,train
features_logmel\train\4055.npy,angry,train
features_logmel\train\4056.npy,angry,train
features_logmel\train\4057.npy,angry,train
features_logmel\train\4058.npy,happy,train
features_logmel\train\4059.npy,happy,train
features_logmel\train\4060.npy,sad,train
features_logmel\train\4061.npy,neutral,train
features_logmel\train\4062.npy,happy,train
features_logmel\train\4063.npy,angry,train
features_logmel\train\4064.npy,happy,train
features_logmel\train\4065.npy,sad,train
features_logmel\train\4066.npy,neutral,train
features_logmel\train\4067.npy,happy,train
features_logmel\train\4068.npy,neutral,train
features_logmel\train\4069.npy,neutral,train
features_logmel\train\4070.npy,neutral,train
features_logmel\train\4071.npy,happy,train
features_logmel\train\4072.npy,happy,train
features_logmel\train\4073.npy,happy,train
features_logmel\train\4074.npy,sad,train
features_logmel\train\4075.npy,happy,train
features_logmel\train\4076.npy,neutral,train
features_logmel\train\4077.npy,sad,train
features_logmel\train\4078.npy,neutral,train
features_logmel\train\4079.npy,angry,train
features_logmel\train\4080.npy,happy,train
features_logmel\train\4081.npy,angry,train
features_logmel\train\4082.npy,sad,train
features_logmel\train\4083.npy,sad,train
features_logmel\train\4084.npy,angry,train
features_logmel\train\4085.npy,angry,train
features_logmel\train\4086.npy,angry,train
features_logmel\train\4087.npy,neutral,train
features_logmel\train\4088.npy,happy,train
features_logmel\train\4089.npy,neutral,train
features_logmel\train\4090.npy,angry,train
features_logmel\train\4091.npy,happy,train
features_logmel\train\4092.npy,neutral,train
features_logmel\train\4093.npy,neutral,train
features_logmel\train\4094.npy,neutral,train
features_logmel\train\4095.npy,angry,train
features_logmel\train\4096.npy,sad,train
features_logmel\train\4097.npy,angry,train
features_logmel\train\4098.npy,sad,train
features_logmel\train\4099.npy,angry,train
features_logmel\train\4100.npy,neutral,train
features_logmel\train\4101.npy,happy,train
features_logmel\train\4102.npy,angry,train
features_logmel\train\4103.npy,neutral,train
features_logmel\train\4104.npy,sad,train
features_logmel\train\4105.npy,happy,train
features_logmel\train\4106.npy,sad,train
features_logmel\train\4107.npy,neutral,train
features_logmel\train\4108.npy,sad,train
features_logmel\train\4109.npy,sad,train
features_logmel\train\4110.npy,angry,train
features_logmel\train\4111.npy,neutral,train
features_logmel\train\4112.npy,neutral,train
features_logmel\train\4113.npy,neutral,train
features_logmel\train\4114.npy,happy,train
features_logmel\train\4115.npy,angry,train
features_logmel\train\4116.npy,sad,train
features_logmel\train\4117.npy,sad,train
features_logmel\train\4118.npy,angry,train
features_logmel\train\4119.npy,sad,train
features_logmel\train\4120.npy,sad,train
features_logmel\train\4121.npy,happy,train
features_logmel\train\4122.npy,happy,train
features_logmel\train\4123.npy,neutral,train
features_logmel\train\4124.npy,neutral,train
features_logmel\train\4125.npy,happy,train
features_logmel\train\4126.npy,neutral,train
features_logmel\train\4127.npy,neutral,train
features_logmel\train\4128.npy,happy,train
features_logmel\train\4129.npy,neutral,train
features_logmel\train\4130.npy,neutral,train
features_logmel\train\4131.npy,neutral,train
features_logmel\train\4132.npy,angry,train
features_logmel\train\4133.npy,neutral,train
features_logmel\train\4134.npy,angry,train
features_logmel\train\4135.npy,happy,train
features_logmel\train\4136.npy,happy,train
features_logmel\train\4137.npy,neutral,train
features_logmel\train\4138.npy,happy,train
features_logmel\train\4139.npy,angry,train
features_logmel\train\4140.npy,angry,train
features_logmel\train\4141.npy,happy,train
features_logmel\train\4142.npy,neutral,train
features_logmel\train\4143.npy,happy,train
features_logmel\train\4144.npy,neutral,train
features_logmel\train\4145.npy,sad,train
features_logmel\train\4146.npy,happy,train
features_logmel\train\4147.npy,neutral,train
features_logmel\train\4148.npy,sad,train
features_logmel\train\4149.npy,happy,train
features_logmel\train\4150.npy,happy,train
features_logmel\train\4151.npy,angry,train
features_logmel\train\4152.npy,neutral,train
features_logmel\train\4153.npy,happy,train
features_logmel\train\4154.npy,angry,train
features_logmel\train\4155.npy,happy,train
features_logmel\train\4156.npy,angry,train
features_logmel\train\4157.npy,neutral,train
features_logmel\train\4158.npy,neutral,train
features_logmel\train\4159.npy,sad,train
features_logmel\train\4160.npy,sad,train
features_logmel\train\4161.npy,angry,train
features_logmel\train\4162.npy,sad,train
features_logmel\train\4163.npy,sad,train
features_logmel\train\4164.npy,happy,train
features_logmel\train\4165.npy,angry,train
features_logmel\train\4166.npy,sad,train
features_logmel\train\4167.npy,angry,train
features_logmel\train\4168.npy,neutral,train
features_logmel\train\4169.npy,angry,train
features_logmel\train\4170.npy,angry,train
features_logmel\train\4171.npy,sad,train
features_logmel\train\4172.npy,angry,train
features_logmel\train\4173.npy,happy,train
features_logmel\train\4174.npy,happy,train
features_logmel\train\4175.npy,happy,train
features_logmel\train\4176.npy,neutral,train
features_logmel\train\4177.npy,sad,train
features_logmel\train\4178.npy,neutral,train
features_logmel\train\4179.npy,angry,train
features_logmel\train\4180.npy,neutral,train
features_logmel\train\4181.npy,neutral,train
features_logmel\train\4182.npy,neutral,train
features_logmel\train\4183.npy,happy,train
features_logmel\train\4184.npy,happy,train
features_logmel\train\4185.npy,sad,train
features_logmel\train\4186.npy,angry,train
features_logmel\train\4187.npy,neutral,train
features_logmel\train\4188.npy,neutral,train
features_logmel\train\4189.npy,sad,train
features_logmel\train\4190.npy,happy,train
features_logmel\train\4191.npy,happy,train
features_logmel\train\4192.npy,happy,train
features_logmel\train\4193.npy,neutral,train
features_logmel\train\4194.npy,sad,train
features_logmel\train\4195.npy,angry,train
features_logmel\train\4196.npy,sad,train
features_logmel\train\4197.npy,happy,train
features_logmel\train\4198.npy,neutral,train
features_logmel\train\4199.npy,neutral,train
features_logmel\train\4200.npy,neutral,train
features_logmel\train\4201.npy,sad,train
features_logmel\train\4202.npy,happy,train
features_logmel\train\4203.npy,sad,train
features_logmel\train\4204.npy,neutral,train
features_logmel\train\4205.npy,happy,train
features_logmel\train\4206.npy,sad,train
features_logmel\train\4207.npy,sad,train
features_logmel\train\4208.npy,sad,train
features_logmel\train\4209.npy,happy,train
features_logmel\train\4210.npy,happy,train
features_logmel\train\4211.npy,happy,train
features_logmel\train\4212.npy,neutral,train
features_logmel\train\4213.npy,neutral,train
features_logmel\train\4214.npy,sad,train
features_logmel\train\4215.npy,sad,train
features_logmel\train\4216.npy,neutral,train
features_logmel\train\4217.npy,happy,train
features_logmel\train\4218.npy,happy,train
features_logmel\train\4219.npy,happy,train
features_logmel\train\4220.npy,happy,train
features_logmel\train\4221.npy,angry,train
features_logmel\train\4222.npy,neutral,train
features_logmel\train\4223.npy,angry,train
features_logmel\train\4224.npy,sad,train
features_logmel\train\4225.npy,sad,train
features_logmel\train\4226.npy,sad,train
features_logmel\train\4227.npy,neutral,train
features_logmel\train\4228.npy,sad,train
features_logmel\train\4229.npy,angry,train
features_logmel\train\4230.npy,sad,train
features_logmel\train\4231.npy,angry,train
features_logmel\train\4232.npy,neutral,train
features_logmel\train\4233.npy,happy,train
features_logmel\train\4234.npy,angry,train
features_logmel\train\4235.npy,angry,train
features_logmel\train\4236.npy,sad,train
features_logmel\train\4237.npy,sad,train
features_logmel\train\4238.npy,happy,train
features_logmel\train\4239.npy,happy,train
features_logmel\train\4240.npy,happy,train
features_logmel\train\4241.npy,sad,train
features_logmel\train\4242.npy,angry,train
features_logmel\train\4243.npy,angry,train
features_logmel\train\4244.npy,sad,train
features_logmel\train\4245.npy,happy,train
features_logmel\train\4246.npy,happy,train
features_logmel\train\4247.npy,sad,train
features_logmel\train\4248.npy,sad,train
features_logmel\train\4249.npy,angry,train
features_logmel\train\4250.npy,angry,train
features_logmel\train\4251.npy,happy,train
features_logmel\train\4252.npy,angry,train
features_logmel\train\4253.npy,neutral,train
features_logmel\train\4254.npy,angry,train
features_logmel\train\4255.npy,neutral,train
features_logmel\train\4256.npy,angry,train
features_logmel\train\4257.npy,sad,train
features_logmel\train\4258.npy,angry,train
features_logmel\train\4259.npy,sad,train
features_logmel\train\4260.npy,angry,train
features_logmel\train\4261.npy,happy,train
features_logmel\train\4262.npy,neutral,train
features_logmel\train\4263.npy,neutral,train
features_logmel\train\4264.npy,happy,train
features_logmel\train\4265.npy,neutral,train
features_logmel\train\4266.npy,happy,train
features_logmel\train\4267.npy,angry,train
features_logmel\train\4268.npy,angry,train
features_logmel\train\4269.npy,neutral,train
features_logmel\train\4270.npy,happy,train
features_logmel\train\4271.npy,neutral,train
features_logmel\train\4272.npy,sad,train
features_logmel\train\4273.npy,happy,train
features_logmel\train\4274.npy,angry,train
features_logmel\train\4275.npy,happy,train
features_logmel\train\4276.npy,neutral,train
features_logmel\train\4277.npy,happy,train
features_logmel\train\4278.npy,sad,train
features_logmel\train\4279.npy,sad,train
features_logmel\train\4280.npy,happy,train
features_logmel\train\4281.npy,angry,train
features_logmel\train\4282.npy,neutral,train
features_logmel\train\4283.npy,happy,train
features_logmel\train\4284.npy,neutral,train
features_logmel\train\4285.npy,neutral,train
features_logmel\train\4286.npy,happy,train
features_logmel\train\4287.npy,neutral,train
features_logmel\train\4288.npy,happy,train
features_logmel\train\4289.npy,neutral,train
features_logmel\train\4290.npy,happy,train
features_logmel\train\4291.npy,happy,train
features_logmel\train\4292.npy,happy,train
features_logmel\train\4293.npy,neutral,train
features_logmel\train\4294.npy,neutral,train
features_logmel\train\4295.npy,neutral,train
features_logmel\train\4296.npy,neutral,train
features_logmel\train\4297.npy,angry,train
features_logmel\train\4298.npy,sad,train
features_logmel\train\4299.npy,neutral,train
features_logmel\train\4300.npy,happy,train
features_logmel\train\4301.npy,happy,train
features_logmel\train\4302.npy,happy,train
features_logmel\train\4303.npy,sad,train
features_logmel\train\4304.npy,neutral,train
features_logmel\train\4305.npy,sad,train
features_logmel\train\4306.npy,happy,train
features_logmel\train\4307.npy,neutral,train
features_logmel\train\4308.npy,sad,train
features_logmel\train\4309.npy,angry,train
features_logmel\train\4310.npy,angry,train
features_logmel\train\4311.npy,happy,train
features_logmel\train\4312.npy,angry,train
features_logmel\train\4313.npy,angry,train
features_logmel\train\4314.npy,sad,train
features_logmel\train\4315.npy,sad,train
features_logmel\train\4316.npy,happy,train
features_logmel\train\4317.npy,sad,train
features_logmel\train\4318.npy,angry,train
features_logmel\train\4319.npy,sad,train
features_logmel\train\4320.npy,angry,train
features_logmel\train\4321.npy,angry,train
features_logmel\train\4322.npy,neutral,train
features_logmel\train\4323.npy,sad,train
features_logmel\train\4324.npy,sad,train
features_logmel\train\4325.npy,angry,train
features_logmel\train\4326.npy,neutral,train
features_logmel\train\4327.npy,angry,train
features_logmel\train\4328.npy,neutral,train
features_logmel\train\4329.npy,neutral,train
features_logmel\train\4330.npy,angry,train
features_logmel\train\4331.npy,neutral,train
features_logmel\train\4332.npy,neutral,train
features_logmel\train\4333.npy,neutral,train
features_logmel\train\4334.npy,happy,train
features_logmel\train\4335.npy,happy,train
features_logmel\train\4336.npy,neutral,train
features_logmel\train\4337.npy,sad,train
features_logmel\train\4338.npy,sad,train
features_logmel\train\4339.npy,angry,train
features_logmel\train\4340.npy,happy,train
features_logmel\train\4341.npy,happy,train
features_logmel\train\4342.npy,angry,train
features_logmel\train\4343.npy,happy,train
features_logmel\train\4344.npy,angry,train
features_logmel\train\4345.npy,neutral,train
features_logmel\train\4346.npy,neutral,train
features_logmel\train\4347.npy,neutral,train
features_logmel\train\4348.npy,happy,train
features_logmel\train\4349.npy,angry,train
features_logmel\train\4350.npy,angry,train
features_logmel\train\4351.npy,neutral,train
features_logmel\train\4352.npy,neutral,train
features_logmel\train\4353.npy,neutral,train
features_logmel\train\4354.npy,sad,train
features_logmel\train\4355.npy,sad,train
features_logmel\train\4356.npy,angry,train
features_logmel\train\4357.npy,angry,train
features_logmel\train\4358.npy,angry,train
features_logmel\train\4359.npy,happy,train
features_logmel\train\4360.npy,neutral,train
features_logmel\train\4361.npy,angry,train
features_logmel\train\4362.npy,angry,train
features_logmel\train\4363.npy,sad,train
features_logmel\train\4364.npy,neutral,train
features_logmel\train\4365.npy,sad,train
features_logmel\train\4366.npy,happy,train
features_logmel\train\4367.npy,angry,train
features_logmel\train\4368.npy,angry,train
features_logmel\train\4369.npy,neutral,train
features_logmel\train\4370.npy,neutral,train
features_logmel\train\4371.npy,neutral,train
features_logmel\train\4372.npy,neutral,train
features_logmel\train\4373.npy,sad,train
features_logmel\train\4374.npy,happy,train
features_logmel\train\4375.npy,angry,train
features_logmel\train\4376.npy,neutral,train
features_logmel\train\4377.npy,happy,train
features_logmel\train\4378.npy,sad,train
features_logmel\train\4379.npy,angry,train
features_logmel\train\4380.npy,happy,train
features_logmel\train\4381.npy,sad,train
features_logmel\train\4382.npy,sad,train
features_logmel\train\4383.npy,happy,train
features_logmel\train\4384.npy,sad,train
features_logmel\train\4385.npy,neutral,train
features_logmel\train\4386.npy,happy,train
features_logmel\train\4387.npy,neutral,train
features_logmel\train\4388.npy,angry,train
features_logmel\train\4389.npy,happy,train
features_logmel\train\4390.npy,neutral,train
features_logmel\train\4391.npy,happy,train
features_logmel\train\4392.npy,happy,train
features_logmel\train\4393.npy,happy,train
features_logmel\train\4394.npy,happy,train
features_logmel\train\4395.npy,sad,train
features_logmel\train\4396.npy,angry,train
features_logmel\train\4397.npy,happy,train
features_logmel\train\4398.npy,happy,train
features_logmel\train\4399.npy,happy,train
features_logmel\train\4400.npy,neutral,train
features_logmel\train\4401.npy,angry,train
features_logmel\train\4402.npy,angry,train
features_logmel\train\4403.npy,happy,train
features_logmel\train\4404.npy,happy,train
features_logmel\train\4405.npy,neutral,train
features_logmel\train\4406.npy,sad,train
features_logmel\train\4407.npy,angry,train
features_logmel\train\4408.npy,neutral,train
features_logmel\train\4409.npy,neutral,train
features_logmel\train\4410.npy,sad,train
features_logmel\train\4411.npy,angry,train
features_logmel\train\4412.npy,sad,train
features_logmel\train\4413.npy,angry,train
features_logmel\train\4414.npy,neutral,train
features_logmel\train\4415.npy,angry,train
features_logmel\train\4416.npy,sad,train
features_logmel\train\4417.npy,happy,train
features_logmel\train\4418.npy,angry,train
features_logmel\train\4419.npy,neutral,train
features_logmel\train\4420.npy,happy,train
features_logmel\train\4421.npy,neutral,train
features_logmel\train\4422.npy,happy,train
features_logmel\train\4423.npy,happy,train
features_logmel\train\4424.npy,neutral,train
features_logmel\train\4425.npy,happy,train
features_logmel\train\4426.npy,neutral,train
features_logmel\train\4427.npy,sad,train
features_logmel\train\4428.npy,sad,train
features_logmel\train\4429.npy,happy,train
features_logmel\train\4430.npy,angry,train
features_logmel\train\4431.npy,happy,train
features_logmel\train\4432.npy,neutral,train
features_logmel\train\4433.npy,neutral,train
features_logmel\train\4434.npy,sad,train
features_logmel\train\4435.npy,neutral,train
features_logmel\train\4436.npy,happy,train
features_logmel\train\4437.npy,sad,train
features_logmel\train\4438.npy,angry,train
features_logmel\train\4439.npy,neutral,train
features_logmel\train\4440.npy,angry,train
features_logmel\train\4441.npy,neutral,train
features_logmel\train\4442.npy,happy,train
features_logmel\train\4443.npy,neutral,train
features_logmel\train\4444.npy,neutral,train
features_logmel\train\4445.npy,sad,train
features_logmel\train\4446.npy,neutral,train
features_logmel\train\4447.npy,angry,train
features_logmel\train\4448.npy,angry,train
features_logmel\train\4449.npy,angry,train
features_logmel\train\4450.npy,angry,train
features_logmel\train\4451.npy,happy,train
features_logmel\train\4452.npy,happy,train
features_logmel\train\4453.npy,sad,train
features_logmel\train\4454.npy,sad,train
features_logmel\train\4455.npy,sad,train
features_logmel\train\4456.npy,happy,train
features_logmel\train\4457.npy,neutral,train
features_logmel\train\4458.npy,neutral,train
features_logmel\train\4459.npy,sad,train
features_logmel\train\4460.npy,happy,train
features_logmel\train\4461.npy,happy,train
features_logmel\train\4462.npy,sad,train
features_logmel\train\4463.npy,angry,train
features_logmel\train\4464.npy,happy,train
features_logmel\train\4465.npy,happy,train
features_logmel\train\4466.npy,neutral,train
features_logmel\train\4467.npy,happy,train
features_logmel\train\4468.npy,happy,train
features_logmel\train\4469.npy,sad,train
features_logmel\train\4470.npy,happy,train
features_logmel\train\4471.npy,angry,train
features_logmel\train\4472.npy,happy,train
features_logmel\train\4473.npy,happy,train
features_logmel\train\4474.npy,angry,train
features_logmel\train\4475.npy,neutral,train
features_logmel\train\4476.npy,angry,train
features_logmel\train\4477.npy,sad,train
features_logmel\train\4478.npy,angry,train
features_logmel\train\4479.npy,happy,train
features_logmel\train\4480.npy,neutral,train
features_logmel\train\4481.npy,angry,train
features_logmel\train\4482.npy,neutral,train
features_logmel\train\4483.npy,neutral,train
features_logmel\train\4484.npy,angry,train
features_logmel\train\4485.npy,sad,train
features_logmel\train\4486.npy,neutral,train
features_logmel\train\4487.npy,happy,train
features_logmel\train\4488.npy,angry,train
features_logmel\train\4489.npy,angry,train
features_logmel\train\4490.npy,happy,train
features_logmel\train\4491.npy,sad,train
features_logmel\train\4492.npy,happy,train
features_logmel\train\4493.npy,neutral,train
features_logmel\train\4494.npy,sad,train
features_logmel\train\4495.npy,sad,train
features_logmel\train\4496.npy,sad,train
features_logmel\train\4497.npy,angry,train
features_logmel\train\4498.npy,happy,train
features_logmel\train\4499.npy,happy,train
features_logmel\train\4500.npy,neutral,train
features_logmel\train\4501.npy,happy,train
features_logmel\train\4502.npy,happy,train
features_logmel\train\4503.npy,sad,train
features_logmel\train\4504.npy,neutral,train
features_logmel\train\4505.npy,angry,train
features_logmel\train\4506.npy,sad,train
features_logmel\train\4507.npy,sad,train
features_logmel\train\4508.npy,neutral,train
features_logmel\train\4509.npy,neutral,train
features_logmel\train\4510.npy,neutral,train
features_logmel\train\4511.npy,happy,train
features_logmel\train\4512.npy,happy,train
features_logmel\train\4513.npy,sad,train
features_logmel\train\4514.npy,angry,train
features_logmel\train\4515.npy,happy,train
features_logmel\train\4516.npy,neutral,train
features_logmel\train\4517.npy,neutral,train
features_logmel\train\4518.npy,happy,train
features_logmel\train\4519.npy,neutral,train
features_logmel\train\4520.npy,sad,train
features_logmel\train\4521.npy,happy,train
features_logmel\train\4522.npy,neutral,train
features_logmel\train\4523.npy,angry,train
features_logmel\train\4524.npy,angry,train
features_logmel\train\4525.npy,neutral,train
features_logmel\train\4526.npy,sad,train
features_logmel\train\4527.npy,sad,train
features_logmel\train\4528.npy,happy,train
features_logmel\train\4529.npy,neutral,train
features_logmel\train\4530.npy,happy,train
features_logmel\train\4531.npy,angry,train
features_logmel\train\4532.npy,neutral,train
features_logmel\train\4533.npy,angry,train
features_logmel\train\4534.npy,neutral,train
features_logmel\train\4535.npy,sad,train
features_logmel\train\4536.npy,angry,train
features_logmel\train\4537.npy,neutral,train
features_logmel\train\4538.npy,happy,train
features_logmel\train\4539.npy,happy,train
features_logmel\train\4540.npy,sad,train
features_logmel\train\4541.npy,neutral,train
features_logmel\train\4542.npy,angry,train
features_logmel\train\4543.npy,happy,train
features_logmel\train\4544.npy,neutral,train
features_logmel\train\4545.npy,angry,train
features_logmel\train\4546.npy,happy,train
features_logmel\train\4547.npy,neutral,train
features_logmel\train\4548.npy,happy,train
features_logmel\train\4549.npy,happy,train
features_logmel\train\4550.npy,neutral,train
features_logmel\train\4551.npy,neutral,train
features_logmel\train\4552.npy,neutral,train
features_logmel\train\4553.npy,happy,train
features_logmel\train\4554.npy,angry,train
features_logmel\train\4555.npy,sad,train
features_logmel\train\4556.npy,happy,train
features_logmel\train\4557.npy,happy,train
features_logmel\train\4558.npy,sad,train
features_logmel\train\4559.npy,neutral,train
features_logmel\train\4560.npy,neutral,train
features_logmel\train\4561.npy,happy,train
features_logmel\train\4562.npy,happy,train
features_logmel\train\4563.npy,happy,train
features_logmel\train\4564.npy,angry,train
features_logmel\train\4565.npy,happy,train
features_logmel\train\4566.npy,happy,train
features_logmel\train\4567.npy,neutral,train
features_logmel\train\4568.npy,happy,train
features_logmel\train\4569.npy,neutral,train
features_logmel\train\4570.npy,sad,train
features_logmel\train\4571.npy,neutral,train
features_logmel\train\4572.npy,sad,train
features_logmel\train\4573.npy,neutral,train
features_logmel\train\4574.npy,neutral,train
features_logmel\train\4575.npy,neutral,train
features_logmel\train\4576.npy,sad,train
features_logmel\train\4577.npy,sad,train
features_logmel\train\4578.npy,happy,train
features_logmel\train\4579.npy,sad,train
features_logmel\train\4580.npy,angry,train
features_logmel\train\4581.npy,happy,train
features_logmel\train\4582.npy,angry,train
features_logmel\train\4583.npy,neutral,train
features_logmel\train\4584.npy,happy,train
features_logmel\train\4585.npy,happy,train
features_logmel\train\4586.npy,angry,train
features_logmel\train\4587.npy,angry,train
features_logmel\train\4588.npy,sad,train
features_logmel\train\4589.npy,happy,train
features_logmel\train\4590.npy,angry,train
features_logmel\train\4591.npy,sad,train
features_logmel\train\4592.npy,angry,train
features_logmel\train\4593.npy,sad,train
features_logmel\train\4594.npy,angry,train
features_logmel\train\4595.npy,happy,train
features_logmel\train\4596.npy,neutral,train
features_logmel\train\4597.npy,happy,train
features_logmel\train\4598.npy,angry,train
features_logmel\train\4599.npy,happy,train
features_logmel\train\4600.npy,sad,train
features_logmel\train\4601.npy,angry,train
features_logmel\train\4602.npy,happy,train
features_logmel\train\4603.npy,sad,train
features_logmel\train\4604.npy,happy,train
features_logmel\train\4605.npy,neutral,train
features_logmel\train\4606.npy,angry,train
features_logmel\train\4607.npy,neutral,train
features_logmel\train\4608.npy,neutral,train
features_logmel\train\4609.npy,angry,train
features_logmel\train\4610.npy,neutral,train
features_logmel\train\4611.npy,angry,train
features_logmel\train\4612.npy,happy,train
features_logmel\train\4613.npy,happy,train
features_logmel\train\4614.npy,neutral,train
features_logmel\train\4615.npy,angry,train
features_logmel\train\4616.npy,happy,train
features_logmel\train\4617.npy,angry,train
features_logmel\train\4618.npy,sad,train
features_logmel\train\4619.npy,sad,train
features_logmel\train\4620.npy,angry,train
features_logmel\train\4621.npy,happy,train
features_logmel\train\4622.npy,neutral,train
features_logmel\train\4623.npy,angry,train
features_logmel\train\4624.npy,sad,train
features_logmel\train\4625.npy,sad,train
features_logmel\train\4626.npy,angry,train
features_logmel\train\4627.npy,neutral,train
features_logmel\train\4628.npy,angry,train
features_logmel\train\4629.npy,neutral,train
features_logmel\train\4630.npy,sad,train
features_logmel\train\4631.npy,happy,train
features_logmel\train\4632.npy,happy,train
features_logmel\train\4633.npy,sad,train
features_logmel\train\4634.npy,angry,train
features_logmel\train\4635.npy,neutral,train
features_logmel\train\4636.npy,happy,train
features_logmel\train\4637.npy,neutral,train
features_logmel\train\4638.npy,angry,train
features_logmel\train\4639.npy,angry,train
features_logmel\train\4640.npy,sad,train
features_logmel\train\4641.npy,happy,train
features_logmel\train\4642.npy,neutral,train
features_logmel\train\4643.npy,angry,train
features_logmel\train\4644.npy,sad,train
features_logmel\train\4645.npy,neutral,train
features_logmel\train\4646.npy,neutral,train
features_logmel\train\4647.npy,happy,train
features_logmel\train\4648.npy,neutral,train
features_logmel\train\4649.npy,neutral,train
features_logmel\train\4650.npy,neutral,train
features_logmel\train\4651.npy,neutral,train
features_logmel\train\4652.npy,happy,train
features_logmel\train\4653.npy,angry,train
features_logmel\train\4654.npy,angry,train
features_logmel\train\4655.npy,neutral,train
features_logmel\train\4656.npy,angry,train
features_logmel\train\4657.npy,sad,train
features_logmel\train\4658.npy,angry,train
features_logmel\train\4659.npy,happy,train
features_logmel\train\4660.npy,happy,train
features_logmel\train\4661.npy,neutral,train
features_logmel\train\4662.npy,happy,train
features_logmel\train\4663.npy,neutral,train
features_logmel\train\4664.npy,happy,train
features_logmel\train\4665.npy,neutral,train
features_logmel\train\4666.npy,neutral,train
features_logmel\train\4667.npy,neutral,train
features_logmel\train\4668.npy,neutral,train
features_logmel\train\4669.npy,sad,train
features_logmel\train\4670.npy,neutral,train
features_logmel\train\4671.npy,sad,train
features_logmel\train\4672.npy,sad,train
features_logmel\train\4673.npy,neutral,train
features_logmel\train\4674.npy,happy,train
features_logmel\train\4675.npy,neutral,train
features_logmel\train\4676.npy,happy,train
features_logmel\train\4677.npy,sad,train
features_logmel\train\4678.npy,happy,train
features_logmel\train\4679.npy,happy,train
features_logmel\train\4680.npy,sad,train
features_logmel\train\4681.npy,angry,train
features_logmel\train\4682.npy,angry,train
features_logmel\train\4683.npy,angry,train
features_logmel\train\4684.npy,sad,train
features_logmel\train\4685.npy,happy,train
features_logmel\train\4686.npy,sad,train
features_logmel\train\4687.npy,sad,train
features_logmel\train\4688.npy,neutral,train
features_logmel\train\4689.npy,happy,train
features_logmel\train\4690.npy,angry,train
features_logmel\train\4691.npy,happy,train
features_logmel\train\4692.npy,neutral,train
features_logmel\train\4693.npy,happy,train
features_logmel\train\4694.npy,sad,train
features_logmel\train\4695.npy,angry,train
features_logmel\train\4696.npy,neutral,train
features_logmel\train\4697.npy,angry,train
features_logmel\train\4698.npy,sad,train
features_logmel\train\4699.npy,angry,train
features_logmel\train\4700.npy,happy,train
features_logmel\train\4701.npy,angry,train
features_logmel\train\4702.npy,neutral,train
features_logmel\train\4703.npy,angry,train
features_logmel\train\4704.npy,angry,train
features_logmel\train\4705.npy,happy,train
features_logmel\train\4706.npy,sad,train
features_logmel\train\4707.npy,angry,train
features_logmel\train\4708.npy,sad,train
features_logmel\train\4709.npy,sad,train
features_logmel\train\4710.npy,angry,train
features_logmel\train\4711.npy,neutral,train
features_logmel\train\4712.npy,neutral,train
features_logmel\train\4713.npy,happy,train
features_logmel\train\4714.npy,angry,train
features_logmel\train\4715.npy,neutral,train
features_logmel\train\4716.npy,happy,train
features_logmel\train\4717.npy,neutral,train
features_logmel\train\4718.npy,neutral,train
features_logmel\train\4719.npy,happy,train
features_logmel\train\4720.npy,sad,train
features_logmel\train\4721.npy,neutral,train
features_logmel\train\4722.npy,neutral,train
features_logmel\train\4723.npy,sad,train
features_logmel\train\4724.npy,neutral,train
features_logmel\train\4725.npy,sad,train
features_logmel\train\4726.npy,happy,train
features_logmel\train\4727.npy,angry,train
features_logmel\train\4728.npy,neutral,train
features_logmel\train\4729.npy,angry,train
features_logmel\train\4730.npy,happy,train
features_logmel\train\4731.npy,sad,train
features_logmel\train\4732.npy,angry,train
features_logmel\train\4733.npy,neutral,train
features_logmel\train\4734.npy,neutral,train
features_logmel\train\4735.npy,neutral,train
features_logmel\train\4736.npy,angry,train
features_logmel\train\4737.npy,angry,train
features_logmel\train\4738.npy,angry,train
features_logmel\train\4739.npy,neutral,train
features_logmel\train\4740.npy,angry,train
features_logmel\train\4741.npy,angry,train
features_logmel\train\4742.npy,angry,train
features_logmel\train\4743.npy,happy,train
features_logmel\train\4744.npy,sad,train
features_logmel\train\4745.npy,angry,train
features_logmel\train\4746.npy,happy,train
features_logmel\train\4747.npy,happy,train
features_logmel\train\4748.npy,happy,train
features_logmel\train\4749.npy,sad,train
features_logmel\train\4750.npy,angry,train
features_logmel\train\4751.npy,happy,train
features_logmel\train\4752.npy,happy,train
features_logmel\train\4753.npy,happy,train
features_logmel\train\4754.npy,happy,train
features_logmel\train\4755.npy,angry,train
features_logmel\train\4756.npy,happy,train
features_logmel\train\4757.npy,sad,train
features_logmel\train\4758.npy,sad,train
features_logmel\train\4759.npy,happy,train
features_logmel\train\4760.npy,angry,train
features_logmel\train\4761.npy,angry,train
features_logmel\train\4762.npy,sad,train
features_logmel\train\4763.npy,angry,train
features_logmel\train\4764.npy,happy,train
features_logmel\train\4765.npy,happy,train
features_logmel\train\4766.npy,happy,train
features_logmel\train\4767.npy,happy,train
features_logmel\train\4768.npy,angry,train
features_logmel\train\4769.npy,neutral,train
features_logmel\train\4770.npy,angry,train
features_logmel\train\4771.npy,sad,train
features_logmel\train\4772.npy,angry,train
features_logmel\train\4773.npy,angry,train
features_logmel\train\4774.npy,sad,train
features_logmel\train\4775.npy,happy,train
features_logmel\train\4776.npy,happy,train
features_logmel\train\4777.npy,neutral,train
features_logmel\train\4778.npy,angry,train
features_logmel\train\4779.npy,angry,train
features_logmel\train\4780.npy,neutral,train
features_logmel\train\4781.npy,angry,train
features_logmel\train\4782.npy,happy,train
features_logmel\train\4783.npy,angry,train
features_logmel\train\4784.npy,sad,train
features_logmel\train\4785.npy,sad,train
features_logmel\train\4786.npy,happy,train
features_logmel\train\4787.npy,happy,train
features_logmel\train\4788.npy,happy,train
features_logmel\train\4789.npy,sad,train
features_logmel\train\4790.npy,neutral,train
features_logmel\train\4791.npy,happy,train
features_logmel\train\4792.npy,sad,train
features_logmel\train\4793.npy,happy,train
features_logmel\train\4794.npy,happy,train
features_logmel\train\4795.npy,neutral,train
features_logmel\train\4796.npy,happy,train
features_logmel\train\4797.npy,happy,train
features_logmel\train\4798.npy,angry,train
features_logmel\train\4799.npy,happy,train
features_logmel\train\4800.npy,angry,train
features_logmel\train\4801.npy,happy,train
features_logmel\train\4802.npy,angry,train
features_logmel\train\4803.npy,neutral,train
features_logmel\train\4804.npy,sad,train
features_logmel\train\4805.npy,neutral,train
features_logmel\train\4806.npy,angry,train
features_logmel\train\4807.npy,angry,train
features_logmel\train\4808.npy,neutral,train
features_logmel\train\4809.npy,angry,train
features_logmel\train\4810.npy,neutral,train
features_logmel\train\4811.npy,neutral,train
features_logmel\train\4812.npy,angry,train
features_logmel\train\4813.npy,happy,train
features_logmel\train\4814.npy,sad,train
features_logmel\train\4815.npy,angry,train
features_logmel\train\4816.npy,happy,train
features_logmel\train\4817.npy,sad,train
features_logmel\train\4818.npy,neutral,train
features_logmel\train\4819.npy,angry,train
features_logmel\train\4820.npy,sad,train
features_logmel\train\4821.npy,neutral,train
features_logmel\train\4822.npy,happy,train
features_logmel\train\4823.npy,angry,train
features_logmel\train\4824.npy,sad,train
features_logmel\train\4825.npy,neutral,train
features_logmel\train\4826.npy,sad,train
features_logmel\train\4827.npy,happy,train
features_logmel\train\4828.npy,sad,train
features_logmel\train\4829.npy,sad,train
features_logmel\train\4830.npy,angry,train
features_logmel\train\4831.npy,happy,train
features_logmel\train\4832.npy,happy,train
features_logmel\train\4833.npy,happy,train
features_logmel\train\4834.npy,neutral,train
features_logmel\train\4835.npy,happy,train
features_logmel\train\4836.npy,neutral,train
features_logmel\train\4837.npy,neutral,train
features_logmel\train\4838.npy,angry,train
features_logmel\train\4839.npy,sad,train
features_logmel\train\4840.npy,sad,train
features_logmel\train\4841.npy,neutral,train
features_logmel\train\4842.npy,happy,train
features_logmel\train\4843.npy,angry,train
features_logmel\train\4844.npy,neutral,train
features_logmel\train\4845.npy,angry,train
features_logmel\train\4846.npy,neutral,train
features_logmel\train\4847.npy,sad,train
features_logmel\train\4848.npy,happy,train
features_logmel\train\4849.npy,neutral,train
features_logmel\train\4850.npy,angry,train
features_logmel\train\4851.npy,happy,train
features_logmel\train\4852.npy,happy,train
features_logmel\train\4853.npy,happy,train
features_logmel\train\4854.npy,angry,train
features_logmel\train\4855.npy,angry,train
features_logmel\train\4856.npy,sad,train
features_logmel\train\4857.npy,angry,train
features_logmel\train\4858.npy,neutral,train
features_logmel\train\4859.npy,sad,train
features_logmel\train\4860.npy,happy,train
features_logmel\train\4861.npy,neutral,train
features_logmel\train\4862.npy,neutral,train
features_logmel\train\4863.npy,neutral,train
features_logmel\train\4864.npy,angry,train
features_logmel\train\4865.npy,angry,train
features_logmel\train\4866.npy,sad,train
features_logmel\train\4867.npy,neutral,train
features_logmel\train\4868.npy,happy,train
features_logmel\train\4869.npy,happy,train
features_logmel\train\4870.npy,angry,train
features_logmel\train\4871.npy,angry,train
features_logmel\train\4872.npy,sad,train
features_logmel\train\4873.npy,happy,train
features_logmel\train\4874.npy,neutral,train
features_logmel\train\4875.npy,angry,train
features_logmel\train\4876.npy,neutral,train
features_logmel\train\4877.npy,neutral,train
features_logmel\train\4878.npy,happy,train
features_logmel\train\4879.npy,sad,train
features_logmel\train\4880.npy,happy,train
features_logmel\train\4881.npy,sad,train
features_logmel\train\4882.npy,angry,train
features_logmel\train\4883.npy,sad,train
features_logmel\train\4884.npy,happy,train
features_logmel\train\4885.npy,angry,train
features_logmel\train\4886.npy,angry,train
features_logmel\train\4887.npy,sad,train
features_logmel\train\4888.npy,happy,train
features_logmel\train\4889.npy,happy,train
features_logmel\train\4890.npy,neutral,train
features_logmel\train\4891.npy,sad,train
features_logmel\train\4892.npy,sad,train
features_logmel\train\4893.npy,happy,train
features_logmel\train\4894.npy,neutral,train
features_logmel\train\4895.npy,angry,train
features_logmel\train\4896.npy,angry,train
features_logmel\train\4897.npy,neutral,train
features_logmel\train\4898.npy,neutral,train
features_logmel\train\4899.npy,angry,train
features_logmel\train\4900.npy,sad,train
features_logmel\train\4901.npy,angry,train
features_logmel\train\4902.npy,sad,train
features_logmel\train\4903.npy,sad,train
features_logmel\train\4904.npy,neutral,train
features_logmel\train\4905.npy,neutral,train
features_logmel\train\4906.npy,neutral,train
features_logmel\train\4907.npy,neutral,train
features_logmel\train\4908.npy,sad,train
features_logmel\train\4909.npy,neutral,train
features_logmel\train\4910.npy,neutral,train
features_logmel\train\4911.npy,sad,train
features_logmel\train\4912.npy,happy,train
features_logmel\train\4913.npy,angry,train
features_logmel\train\4914.npy,angry,train
features_logmel\train\4915.npy,happy,train
features_logmel\train\4916.npy,sad,train
features_logmel\train\4917.npy,neutral,train
features_logmel\train\4918.npy,happy,train
features_logmel\train\4919.npy,sad,train
features_logmel\train\4920.npy,neutral,train
features_logmel\train\4921.npy,happy,train
features_logmel\train\4922.npy,sad,train
features_logmel\train\4923.npy,happy,train
features_logmel\train\4924.npy,sad,train
features_logmel\train\4925.npy,sad,train
features_logmel\train\4926.npy,sad,train
features_logmel\train\4927.npy,sad,train
features_logmel\train\4928.npy,angry,train
features_logmel\train\4929.npy,sad,train
features_logmel\train\4930.npy,happy,train
features_logmel\train\4931.npy,angry,train
features_logmel\train\4932.npy,sad,train
features_logmel\train\4933.npy,sad,train
features_logmel\train\4934.npy,angry,train
features_logmel\train\4935.npy,angry,train
features_logmel\train\4936.npy,happy,train
features_logmel\train\4937.npy,happy,train
features_logmel\train\4938.npy,sad,train
features_logmel\train\4939.npy,sad,train
features_logmel\train\4940.npy,happy,train
features_logmel\train\4941.npy,sad,train
features_logmel\train\4942.npy,angry,train
features_logmel\train\4943.npy,happy,train
features_logmel\train\4944.npy,angry,train
features_logmel\train\4945.npy,happy,train
features_logmel\train\4946.npy,neutral,train
features_logmel\train\4947.npy,sad,train
features_logmel\train\4948.npy,neutral,train
features_logmel\train\4949.npy,happy,train
features_logmel\train\4950.npy,neutral,train
features_logmel\train\4951.npy,happy,train
features_logmel\train\4952.npy,angry,train
features_logmel\train\4953.npy,happy,train
features_logmel\train\4954.npy,angry,train
features_logmel\train\4955.npy,neutral,train
features_logmel\train\4956.npy,happy,train
features_logmel\train\4957.npy,angry,train
features_logmel\train\4958.npy,happy,train
features_logmel\train\4959.npy,neutral,train
features_logmel\train\4960.npy,neutral,train
features_logmel\train\4961.npy,sad,train
features_logmel\train\4962.npy,neutral,train
features_logmel\train\4963.npy,neutral,train
features_logmel\train\4964.npy,neutral,train
features_logmel\train\4965.npy,angry,train
features_logmel\train\4966.npy,neutral,train
features_logmel\train\4967.npy,neutral,train
features_logmel\train\4968.npy,sad,train
features_logmel\train\4969.npy,neutral,train
features_logmel\train\4970.npy,neutral,train
features_logmel\train\4971.npy,sad,train
features_logmel\train\4972.npy,neutral,train
features_logmel\train\4973.npy,neutral,train
features_logmel\train\4974.npy,happy,train
features_logmel\train\4975.npy,neutral,train
features_logmel\train\4976.npy,sad,train
features_logmel\train\4977.npy,happy,train
features_logmel\train\4978.npy,angry,train
features_logmel\train\4979.npy,sad,train
features_logmel\train\4980.npy,neutral,train
features_logmel\train\4981.npy,neutral,train
features_logmel\train\4982.npy,sad,train
features_logmel\train\4983.npy,neutral,train
features_logmel\train\4984.npy,sad,train
features_logmel\train\4985.npy,sad,train
features_logmel\train\4986.npy,angry,train
features_logmel\train\4987.npy,angry,train
features_logmel\train\4988.npy,neutral,train
features_logmel\train\4989.npy,sad,train
features_logmel\train\4990.npy,sad,train
features_logmel\train\4991.npy,neutral,train
features_logmel\train\4992.npy,angry,train
features_logmel\train\4993.npy,happy,train
features_logmel\train\4994.npy,sad,train
features_logmel\train\4995.npy,sad,train
features_logmel\train\4996.npy,angry,train
features_logmel\train\4997.npy,sad,train
features_logmel\train\4998.npy,sad,train
features_logmel\train\4999.npy,angry,train
features_logmel\train\5000.npy,neutral,train
features_logmel\train\5001.npy,angry,train
features_logmel\train\5002.npy,happy,train
features_logmel\train\5003.npy,angry,train
features_logmel\train\5004.npy,happy,train
features_logmel\train\5005.npy,neutral,train
features_logmel\train\5006.npy,angry,train
features_logmel\train\5007.npy,happy,train
features_logmel\train\5008.npy,sad,train
features_logmel\train\5009.npy,neutral,train
features_logmel\train\5010.npy,neutral,train
features_logmel\train\5011.npy,happy,train
features_logmel\train\5012.npy,neutral,train
features_logmel\train\5013.npy,angry,train
features_logmel\train\5014.npy,angry,train
features_logmel\train\5015.npy,angry,train
features_logmel\train\5016.npy,sad,train
features_logmel\train\5017.npy,sad,train
features_logmel\train\5018.npy,neutral,train
features_logmel\train\5019.npy,angry,train
features_logmel\train\5020.npy,angry,train
features_logmel\train\5021.npy,sad,train
features_logmel\train\5022.npy,neutral,train
features_logmel\train\5023.npy,sad,train
features_logmel\train\5024.npy,neutral,train
features_logmel\train\5025.npy,neutral,train
features_logmel\train\5026.npy,angry,train
features_logmel\train\5027.npy,sad,train
features_logmel\train\5028.npy,neutral,train
features_logmel\train\5029.npy,angry,train
features_logmel\train\5030.npy,angry,train
features_logmel\train\5031.npy,angry,train
features_logmel\train\5032.npy,happy,train
features_logmel\train\5033.npy,neutral,train
features_logmel\train\5034.npy,angry,train
features_logmel\train\5035.npy,neutral,train
features_logmel\train\5036.npy,sad,train
features_logmel\train\5037.npy,neutral,train
features_logmel\train\5038.npy,happy,train
features_logmel\train\5039.npy,neutral,train
features_logmel\train\5040.npy,neutral,train
features_logmel\train\5041.npy,neutral,train
features_logmel\train\5042.npy,neutral,train
features_logmel\train\5043.npy,angry,train
features_logmel\train\5044.npy,sad,train
features_logmel\train\5045.npy,angry,train
features_logmel\train\5046.npy,sad,train
features_logmel\train\5047.npy,neutral,train
features_logmel\train\5048.npy,angry,train
features_logmel\train\5049.npy,happy,train
features_logmel\train\5050.npy,angry,train
features_logmel\train\5051.npy,sad,train
features_logmel\train\5052.npy,sad,train
features_logmel\train\5053.npy,neutral,train
features_logmel\train\5054.npy,neutral,train
features_logmel\train\5055.npy,happy,train
features_logmel\train\5056.npy,sad,train
features_logmel\train\5057.npy,angry,train
features_logmel\train\5058.npy,happy,train
features_logmel\train\5059.npy,happy,train
features_logmel\train\5060.npy,angry,train
features_logmel\train\5061.npy,happy,train
features_logmel\train\5062.npy,neutral,train
features_logmel\train\5063.npy,neutral,train
features_logmel\train\5064.npy,angry,train
features_logmel\train\5065.npy,neutral,train
features_logmel\train\5066.npy,angry,train
features_logmel\train\5067.npy,neutral,train
features_logmel\train\5068.npy,happy,train
features_logmel\train\5069.npy,angry,train
features_logmel\train\5070.npy,neutral,train
features_logmel\train\5071.npy,angry,train
features_logmel\train\5072.npy,sad,train
features_logmel\train\5073.npy,angry,train
features_logmel\train\5074.npy,angry,train
features_logmel\train\5075.npy,angry,train
features_logmel\train\5076.npy,angry,train
features_logmel\train\5077.npy,angry,train
features_logmel\train\5078.npy,sad,train
features_logmel\train\5079.npy,happy,train
features_logmel\train\5080.npy,neutral,train
features_logmel\train\5081.npy,angry,train
features_logmel\train\5082.npy,sad,train
features_logmel\train\5083.npy,angry,train
features_logmel\train\5084.npy,neutral,train
features_logmel\train\5085.npy,neutral,train
features_logmel\train\5086.npy,sad,train
features_logmel\train\5087.npy,sad,train
features_logmel\train\5088.npy,sad,train
features_logmel\train\5089.npy,angry,train
features_logmel\train\5090.npy,angry,train
features_logmel\train\5091.npy,neutral,train
features_logmel\train\5092.npy,happy,train
features_logmel\train\5093.npy,happy,train
features_logmel\train\5094.npy,angry,train
features_logmel\train\5095.npy,happy,train
features_logmel\train\5096.npy,neutral,train
features_logmel\train\5097.npy,angry,train
features_logmel\train\5098.npy,sad,train
features_logmel\train\5099.npy,neutral,train
features_logmel\train\5100.npy,angry,train
features_logmel\train\5101.npy,happy,train
features_logmel\train\5102.npy,neutral,train
features_logmel\train\5103.npy,happy,train
features_logmel\train\5104.npy,sad,train
features_logmel\train\5105.npy,angry,train
features_logmel\train\5106.npy,happy,train
features_logmel\train\5107.npy,sad,train
features_logmel\train\5108.npy,angry,train
features_logmel\train\5109.npy,happy,train
features_logmel\train\5110.npy,happy,train
features_logmel\train\5111.npy,happy,train
features_logmel\train\5112.npy,angry,train
features_logmel\train\5113.npy,neutral,train
features_logmel\train\5114.npy,neutral,train
features_logmel\train\5115.npy,neutral,train
features_logmel\train\5116.npy,neutral,train
features_logmel\train\5117.npy,happy,train
features_logmel\train\5118.npy,sad,train
features_logmel\train\5119.npy,happy,train
features_logmel\train\5120.npy,sad,train
features_logmel\train\5121.npy,neutral,train
features_logmel\train\5122.npy,angry,train
features_logmel\train\5123.npy,neutral,train
features_logmel\train\5124.npy,neutral,train
features_logmel\train\5125.npy,neutral,train
features_logmel\train\5126.npy,angry,train
features_logmel\train\5127.npy,neutral,train
features_logmel\train\5128.npy,neutral,train
features_logmel\train\5129.npy,angry,train
features_logmel\train\5130.npy,happy,train
features_logmel\train\5131.npy,angry,train
features_logmel\train\5132.npy,angry,train
features_logmel\train\5133.npy,angry,train
features_logmel\train\5134.npy,sad,train
features_logmel\train\5135.npy,sad,train
features_logmel\train\5136.npy,neutral,train
features_logmel\train\5137.npy,sad,train
features_logmel\train\5138.npy,happy,train
features_logmel\train\5139.npy,neutral,train
features_logmel\train\5140.npy,happy,train
features_logmel\train\5141.npy,angry,train
features_logmel\train\5142.npy,happy,train
features_logmel\train\5143.npy,angry,train
features_logmel\train\5144.npy,neutral,train
features_logmel\train\5145.npy,neutral,train
features_logmel\train\5146.npy,neutral,train
features_logmel\train\5147.npy,neutral,train
features_logmel\train\5148.npy,angry,train
features_logmel\train\5149.npy,neutral,train
features_logmel\train\5150.npy,angry,train
features_logmel\train\5151.npy,happy,train
features_logmel\train\5152.npy,angry,train
features_logmel\train\5153.npy,neutral,train
features_logmel\train\5154.npy,neutral,train
features_logmel\train\5155.npy,neutral,train
features_logmel\train\5156.npy,neutral,train
features_logmel\train\5157.npy,happy,train
features_logmel\train\5158.npy,neutral,train
features_logmel\train\5159.npy,happy,train
features_logmel\train\5160.npy,sad,train
features_logmel\train\5161.npy,angry,train
features_logmel\train\5162.npy,happy,train
features_logmel\train\5163.npy,sad,train
features_logmel\train\5164.npy,sad,train
features_logmel\train\5165.npy,happy,train
features_logmel\train\5166.npy,neutral,train
features_logmel\train\5167.npy,happy,train
features_logmel\train\5168.npy,angry,train
features_logmel\train\5169.npy,neutral,train
features_logmel\train\5170.npy,neutral,train
features_logmel\train\5171.npy,neutral,train
features_logmel\train\5172.npy,angry,train
features_logmel\train\5173.npy,sad,train
features_logmel\train\5174.npy,sad,train
features_logmel\train\5175.npy,neutral,train
features_logmel\train\5176.npy,angry,train
features_logmel\train\5177.npy,neutral,train
features_logmel\train\5178.npy,angry,train
features_logmel\train\5179.npy,sad,train
features_logmel\train\5180.npy,happy,train
features_logmel\train\5181.npy,sad,train
features_logmel\train\5182.npy,neutral,train
features_logmel\train\5183.npy,happy,train
features_logmel\train\5184.npy,happy,train
features_logmel\train\5185.npy,neutral,train
features_logmel\train\5186.npy,neutral,train
features_logmel\train\5187.npy,happy,train
features_logmel\train\5188.npy,sad,train
features_logmel\train\5189.npy,neutral,train
features_logmel\train\5190.npy,angry,train
features_logmel\train\5191.npy,angry,train
features_logmel\train\5192.npy,happy,train
features_logmel\train\5193.npy,sad,train
features_logmel\train\5194.npy,neutral,train
features_logmel\train\5195.npy,happy,train
features_logmel\train\5196.npy,happy,train
features_logmel\train\5197.npy,neutral,train
features_logmel\train\5198.npy,happy,train
features_logmel\train\5199.npy,happy,train
features_logmel\train\5200.npy,happy,train
features_logmel\train\5201.npy,sad,train
features_logmel\train\5202.npy,neutral,train
features_logmel\train\5203.npy,sad,train
features_logmel\train\5204.npy,happy,train
features_logmel\train\5205.npy,sad,train
features_logmel\train\5206.npy,angry,train
features_logmel\train\5207.npy,sad,train
features_logmel\train\5208.npy,angry,train
features_logmel\train\5209.npy,neutral,train
features_logmel\train\5210.npy,happy,train
features_logmel\train\5211.npy,happy,train
features_logmel\train\5212.npy,sad,train
features_logmel\train\5213.npy,angry,train
features_logmel\train\5214.npy,happy,train
features_logmel\train\5215.npy,neutral,train
features_logmel\train\5216.npy,neutral,train
features_logmel\train\5217.npy,sad,train
features_logmel\train\5218.npy,angry,train
features_logmel\train\5219.npy,angry,train
features_logmel\train\5220.npy,happy,train
features_logmel\train\5221.npy,sad,train
features_logmel\train\5222.npy,sad,train
features_logmel\train\5223.npy,happy,train
features_logmel\train\5224.npy,sad,train
features_logmel\train\5225.npy,neutral,train
features_logmel\train\5226.npy,happy,train
features_logmel\train\5227.npy,angry,train
features_logmel\train\5228.npy,sad,train
features_logmel\train\5229.npy,happy,train
features_logmel\train\5230.npy,sad,train
features_logmel\train\5231.npy,happy,train
features_logmel\train\5232.npy,happy,train
features_logmel\train\5233.npy,happy,train
features_logmel\train\5234.npy,angry,train
features_logmel\train\5235.npy,happy,train
features_logmel\train\5236.npy,angry,train
features_logmel\train\5237.npy,angry,train
features_logmel\train\5238.npy,neutral,train
features_logmel\train\5239.npy,happy,train
features_logmel\train\5240.npy,happy,train
features_logmel\train\5241.npy,sad,train
features_logmel\train\5242.npy,angry,train
features_logmel\train\5243.npy,angry,train
features_logmel\train\5244.npy,happy,train
features_logmel\train\5245.npy,happy,train
features_logmel\train\5246.npy,sad,train
features_logmel\train\5247.npy,happy,train
features_logmel\train\5248.npy,sad,train
features_logmel\train\5249.npy,neutral,train
features_logmel\train\5250.npy,sad,train
features_logmel\train\5251.npy,neutral,train
features_logmel\train\5252.npy,angry,train
features_logmel\train\5253.npy,sad,train
features_logmel\train\5254.npy,neutral,train
features_logmel\train\5255.npy,happy,train
features_logmel\train\5256.npy,neutral,train
features_logmel\train\5257.npy,happy,train
features_logmel\train\5258.npy,neutral,train
features_logmel\train\5259.npy,neutral,train
features_logmel\train\5260.npy,angry,train
features_logmel\train\5261.npy,angry,train
features_logmel\train\5262.npy,sad,train
features_logmel\train\5263.npy,neutral,train
features_logmel\train\5264.npy,neutral,train
features_logmel\train\5265.npy,angry,train
features_logmel\train\5266.npy,happy,train
features_logmel\train\5267.npy,angry,train
features_logmel\train\5268.npy,angry,train
features_logmel\train\5269.npy,sad,train
features_logmel\train\5270.npy,happy,train
features_logmel\train\5271.npy,angry,train
features_logmel\train\5272.npy,angry,train
features_logmel\train\5273.npy,neutral,train
features_logmel\train\5274.npy,angry,train
features_logmel\train\5275.npy,angry,train
features_logmel\train\5276.npy,angry,train
features_logmel\train\5277.npy,neutral,train
features_logmel\train\5278.npy,neutral,train
features_logmel\train\5279.npy,happy,train
features_logmel\train\5280.npy,neutral,train
features_logmel\train\5281.npy,sad,train
features_logmel\train\5282.npy,neutral,train
features_logmel\train\5283.npy,sad,train
features_logmel\train\5284.npy,angry,train
features_logmel\train\5285.npy,angry,train
features_logmel\train\5286.npy,happy,train
features_logmel\train\5287.npy,neutral,train
features_logmel\train\5288.npy,neutral,train
features_logmel\train\5289.npy,neutral,train
features_logmel\train\5290.npy,angry,train
features_logmel\train\5291.npy,sad,train
features_logmel\train\5292.npy,sad,train
features_logmel\train\5293.npy,neutral,train
features_logmel\train\5294.npy,angry,train
features_logmel\train\5295.npy,happy,train
features_logmel\train\5296.npy,neutral,train
features_logmel\train\5297.npy,happy,train
features_logmel\train\5298.npy,sad,train
features_logmel\train\5299.npy,sad,train
features_logmel\train\5300.npy,angry,train
features_logmel\train\5301.npy,angry,train
features_logmel\train\5302.npy,angry,train
features_logmel\train\5303.npy,happy,train
features_logmel\train\5304.npy,happy,train
features_logmel\train\5305.npy,happy,train
features_logmel\train\5306.npy,happy,train
features_logmel\train\5307.npy,neutral,train
features_logmel\train\5308.npy,sad,train
features_logmel\train\5309.npy,happy,train
features_logmel\train\5310.npy,angry,train
features_logmel\train\5311.npy,sad,train
features_logmel\train\5312.npy,neutral,train
features_logmel\train\5313.npy,happy,train
features_logmel\train\5314.npy,neutral,train
features_logmel\train\5315.npy,angry,train
features_logmel\train\5316.npy,neutral,train
features_logmel\train\5317.npy,sad,train
features_logmel\train\5318.npy,neutral,train
features_logmel\train\5319.npy,sad,train
features_logmel\train\5320.npy,happy,train
features_logmel\train\5321.npy,neutral,train
features_logmel\train\5322.npy,angry,train
features_logmel\train\5323.npy,happy,train
features_logmel\train\5324.npy,angry,train
features_logmel\train\5325.npy,neutral,train
features_logmel\train\5326.npy,neutral,train
features_logmel\train\5327.npy,neutral,train
features_logmel\train\5328.npy,happy,train
features_logmel\train\5329.npy,neutral,train
features_logmel\train\5330.npy,neutral,train
features_logmel\train\5331.npy,angry,train
features_logmel\train\5332.npy,neutral,train
features_logmel\train\5333.npy,sad,train
features_logmel\train\5334.npy,angry,train
features_logmel\train\5335.npy,neutral,train
features_logmel\train\5336.npy,angry,train
features_logmel\train\5337.npy,sad,train
features_logmel\train\5338.npy,sad,train
features_logmel\train\5339.npy,happy,train
features_logmel\train\5340.npy,happy,train
features_logmel\train\5341.npy,angry,train
features_logmel\train\5342.npy,angry,train
features_logmel\train\5343.npy,neutral,train
features_logmel\train\5344.npy,sad,train
features_logmel\train\5345.npy,neutral,train
features_logmel\train\5346.npy,neutral,train
features_logmel\train\5347.npy,neutral,train
features_logmel\train\5348.npy,neutral,train
features_logmel\train\5349.npy,happy,train
features_logmel\train\5350.npy,sad,train
features_logmel\train\5351.npy,angry,train
features_logmel\train\5352.npy,happy,train
features_logmel\train\5353.npy,sad,train
features_logmel\train\5354.npy,neutral,train
features_logmel\train\5355.npy,neutral,train
features_logmel\train\5356.npy,sad,train
features_logmel\train\5357.npy,neutral,train
features_logmel\train\5358.npy,neutral,train
features_logmel\train\5359.npy,happy,train
features_logmel\train\5360.npy,angry,train
features_logmel\train\5361.npy,happy,train
features_logmel\train\5362.npy,neutral,train
features_logmel\train\5363.npy,happy,train
features_logmel\train\5364.npy,neutral,train
features_logmel\train\5365.npy,happy,train
features_logmel\train\5366.npy,happy,train
features_logmel\train\5367.npy,sad,train
features_logmel\train\5368.npy,neutral,train
features_logmel\train\5369.npy,angry,train
features_logmel\train\5370.npy,happy,train
features_logmel\train\5371.npy,sad,train
features_logmel\train\5372.npy,angry,train
features_logmel\train\5373.npy,happy,train
features_logmel\train\5374.npy,happy,train
features_logmel\train\5375.npy,happy,train
features_logmel\train\5376.npy,angry,train
features_logmel\train\5377.npy,neutral,train
features_logmel\train\5378.npy,neutral,train
features_logmel\train\5379.npy,happy,train
features_logmel\train\5380.npy,neutral,train
features_logmel\train\5381.npy,neutral,train
features_logmel\train\5382.npy,neutral,train
features_logmel\train\5383.npy,angry,train
features_logmel\train\5384.npy,sad,train
features_logmel\train\5385.npy,happy,train
features_logmel\train\5386.npy,happy,train
features_logmel\train\5387.npy,neutral,train
features_logmel\train\5388.npy,happy,train
features_logmel\train\5389.npy,neutral,train
features_logmel\train\5390.npy,angry,train
features_logmel\train\5391.npy,sad,train
features_logmel\train\5392.npy,neutral,train
features_logmel\train\5393.npy,sad,train
features_logmel\train\5394.npy,neutral,train
features_logmel\train\5395.npy,happy,train
features_logmel\train\5396.npy,happy,train
features_logmel\train\5397.npy,angry,train
features_logmel\train\5398.npy,happy,train
features_logmel\train\5399.npy,neutral,train
features_logmel\train\5400.npy,angry,train
features_logmel\train\5401.npy,happy,train
features_logmel\train\5402.npy,happy,train
features_logmel\train\5403.npy,sad,train
features_logmel\train\5404.npy,happy,train
features_logmel\train\5405.npy,happy,train
features_logmel\train\5406.npy,neutral,train
features_logmel\train\5407.npy,sad,train
features_logmel\train\5408.npy,sad,train
features_logmel\train\5409.npy,sad,train
features_logmel\train\5410.npy,sad,train
features_logmel\train\5411.npy,happy,train
features_logmel\train\5412.npy,happy,train
features_logmel\train\5413.npy,sad,train
features_logmel\train\5414.npy,neutral,train
features_logmel\train\5415.npy,neutral,train
features_logmel\train\5416.npy,happy,train
features_logmel\train\5417.npy,sad,train
features_logmel\train\5418.npy,neutral,train
features_logmel\train\5419.npy,angry,train
features_logmel\train\5420.npy,happy,train
features_logmel\train\5421.npy,happy,train
features_logmel\train\5422.npy,happy,train
features_logmel\train\5423.npy,sad,train
features_logmel\train\5424.npy,sad,train
features_logmel\train\5425.npy,happy,train
features_logmel\train\5426.npy,happy,train
features_logmel\train\5427.npy,angry,train
features_logmel\train\5428.npy,happy,train
features_logmel\train\5429.npy,angry,train
features_logmel\train\5430.npy,happy,train
features_logmel\train\5431.npy,happy,train
features_logmel\train\5432.npy,sad,train
features_logmel\train\5433.npy,angry,train
features_logmel\train\5434.npy,neutral,train
features_logmel\train\5435.npy,neutral,train
features_logmel\train\5436.npy,sad,train
features_logmel\train\5437.npy,angry,train
features_logmel\train\5438.npy,neutral,train
features_logmel\train\5439.npy,sad,train
features_logmel\train\5440.npy,happy,train
features_logmel\train\5441.npy,neutral,train
features_logmel\train\5442.npy,sad,train
features_logmel\train\5443.npy,sad,train
features_logmel\train\5444.npy,happy,train
features_logmel\train\5445.npy,angry,train
features_logmel\train\5446.npy,angry,train
features_logmel\train\5447.npy,neutral,train
features_logmel\train\5448.npy,sad,train
features_logmel\train\5449.npy,neutral,train
features_logmel\train\5450.npy,sad,train
features_logmel\train\5451.npy,happy,train
features_logmel\train\5452.npy,happy,train
features_logmel\train\5453.npy,neutral,train
features_logmel\train\5454.npy,neutral,train
features_logmel\train\5455.npy,happy,train
features_logmel\train\5456.npy,neutral,train
features_logmel\train\5457.npy,happy,train
features_logmel\train\5458.npy,happy,train
features_logmel\train\5459.npy,angry,train
features_logmel\train\5460.npy,angry,train
features_logmel\train\5461.npy,angry,train
features_logmel\train\5462.npy,angry,train
features_logmel\train\5463.npy,sad,train
features_logmel\train\5464.npy,neutral,train
features_logmel\train\5465.npy,happy,train
features_logmel\train\5466.npy,neutral,train
features_logmel\train\5467.npy,neutral,train
features_logmel\train\5468.npy,happy,train
features_logmel\train\5469.npy,angry,train
features_logmel\train\5470.npy,neutral,train
features_logmel\train\5471.npy,angry,train
features_logmel\train\5472.npy,happy,train
features_logmel\train\5473.npy,neutral,train
features_logmel\train\5474.npy,neutral,train
features_logmel\train\5475.npy,happy,train
features_logmel\train\5476.npy,sad,train
features_logmel\train\5477.npy,happy,train
features_logmel\train\5478.npy,happy,train
features_logmel\train\5479.npy,sad,train
features_logmel\train\5480.npy,neutral,train
features_logmel\train\5481.npy,neutral,train
features_logmel\train\5482.npy,angry,train
features_logmel\train\5483.npy,happy,train
features_logmel\train\5484.npy,angry,train
features_logmel\train\5485.npy,sad,train
features_logmel\train\5486.npy,neutral,train
features_logmel\train\5487.npy,sad,train
features_logmel\train\5488.npy,angry,train
features_logmel\train\5489.npy,happy,train
features_logmel\train\5490.npy,angry,train
features_logmel\train\5491.npy,angry,train
features_logmel\train\5492.npy,happy,train
features_logmel\train\5493.npy,neutral,train
features_logmel\train\5494.npy,neutral,train
features_logmel\train\5495.npy,sad,train
features_logmel\train\5496.npy,neutral,train
features_logmel\train\5497.npy,angry,train
features_logmel\train\5498.npy,angry,train
features_logmel\train\5499.npy,sad,train
features_logmel\train\5500.npy,neutral,train
features_logmel\train\5501.npy,neutral,train
features_logmel\train\5502.npy,angry,train
features_logmel\train\5503.npy,happy,train
features_logmel\train\5504.npy,happy,train
features_logmel\train\5505.npy,neutral,train
features_logmel\train\5506.npy,happy,train
features_logmel\train\5507.npy,happy,train
features_logmel\train\5508.npy,angry,train
features_logmel\train\5509.npy,angry,train
features_logmel\train\5510.npy,neutral,train
features_logmel\train\5511.npy,sad,train
features_logmel\train\5512.npy,neutral,train
features_logmel\train\5513.npy,sad,train
features_logmel\train\5514.npy,sad,train
features_logmel\train\5515.npy,angry,train
features_logmel\train\5516.npy,sad,train
features_logmel\train\5517.npy,happy,train
features_logmel\train\5518.npy,sad,train
features_logmel\train\5519.npy,happy,train
features_logmel\train\5520.npy,neutral,train
features_logmel\train\5521.npy,happy,train
features_logmel\train\5522.npy,angry,train
features_logmel\train\5523.npy,neutral,train
features_logmel\train\5524.npy,neutral,train
features_logmel\train\5525.npy,sad,train
features_logmel\train\5526.npy,happy,train
features_logmel\train\5527.npy,neutral,train
features_logmel\train\5528.npy,angry,train
features_logmel\train\5529.npy,happy,train
features_logmel\train\5530.npy,neutral,train
features_logmel\train\5531.npy,happy,train
features_logmel\train\5532.npy,happy,train
features_logmel\train\5533.npy,angry,train
features_logmel\train\5534.npy,sad,train
features_logmel\train\5535.npy,angry,train
features_logmel\train\5536.npy,angry,train
features_logmel\train\5537.npy,neutral,train
features_logmel\train\5538.npy,angry,train
features_logmel\train\5539.npy,happy,train
features_logmel\train\5540.npy,happy,train
features_logmel\train\5541.npy,happy,train
features_logmel\train\5542.npy,happy,train
features_logmel\train\5543.npy,neutral,train
features_logmel\train\5544.npy,happy,train
features_logmel\train\5545.npy,neutral,train
features_logmel\train\5546.npy,angry,train
features_logmel\train\5547.npy,happy,train
features_logmel\train\5548.npy,neutral,train
features_logmel\train\5549.npy,angry,train
features_logmel\train\5550.npy,sad,train
features_logmel\train\5551.npy,happy,train
features_logmel\train\5552.npy,neutral,train
features_logmel\train\5553.npy,sad,train
features_logmel\train\5554.npy,angry,train
features_logmel\train\5555.npy,sad,train
features_logmel\train\5556.npy,angry,train
features_logmel\train\5557.npy,happy,train
features_logmel\train\5558.npy,happy,train
features_logmel\train\5559.npy,angry,train
features_logmel\train\5560.npy,happy,train
features_logmel\train\5561.npy,sad,train
features_logmel\train\5562.npy,angry,train
features_logmel\train\5563.npy,angry,train
features_logmel\train\5564.npy,happy,train
features_logmel\train\5565.npy,sad,train
features_logmel\train\5566.npy,angry,train
features_logmel\train\5567.npy,neutral,train
features_logmel\train\5568.npy,happy,train
features_logmel\train\5569.npy,happy,train
features_logmel\train\5570.npy,happy,train
features_logmel\train\5571.npy,happy,train
features_logmel\train\5572.npy,sad,train
features_logmel\train\5573.npy,happy,train
features_logmel\train\5574.npy,neutral,train
features_logmel\train\5575.npy,neutral,train
features_logmel\train\5576.npy,neutral,train
features_logmel\train\5577.npy,neutral,train
features_logmel\train\5578.npy,angry,train
features_logmel\train\5579.npy,sad,train
features_logmel\train\5580.npy,angry,train
features_logmel\train\5581.npy,angry,train
features_logmel\train\5582.npy,happy,train
features_logmel\train\5583.npy,happy,train
features_logmel\train\5584.npy,happy,train
features_logmel\train\5585.npy,angry,train
features_logmel\train\5586.npy,angry,train
features_logmel\train\5587.npy,neutral,train
features_logmel\train\5588.npy,angry,train
features_logmel\train\5589.npy,happy,train
features_logmel\train\5590.npy,angry,train
features_logmel\train\5591.npy,neutral,train
features_logmel\train\5592.npy,sad,train
features_logmel\train\5593.npy,happy,train
features_logmel\train\5594.npy,angry,train
features_logmel\train\5595.npy,neutral,train
features_logmel\train\5596.npy,happy,train
features_logmel\train\5597.npy,happy,train
features_logmel\train\5598.npy,angry,train
features_logmel\train\5599.npy,sad,train
features_logmel\train\5600.npy,happy,train
features_logmel\train\5601.npy,angry,train
features_logmel\train\5602.npy,neutral,train
features_logmel\train\5603.npy,happy,train
features_logmel\train\5604.npy,happy,train
features_logmel\train\5605.npy,sad,train
features_logmel\train\5606.npy,neutral,train
features_logmel\train\5607.npy,neutral,train
features_logmel\train\5608.npy,neutral,train
features_logmel\train\5609.npy,angry,train
features_logmel\train\5610.npy,neutral,train
features_logmel\train\5611.npy,neutral,train
features_logmel\train\5612.npy,sad,train
features_logmel\train\5613.npy,angry,train
features_logmel\train\5614.npy,neutral,train
features_logmel\train\5615.npy,happy,train
features_logmel\train\5616.npy,sad,train
features_logmel\train\5617.npy,sad,train
features_logmel\train\5618.npy,sad,train
features_logmel\train\5619.npy,neutral,train
features_logmel\train\5620.npy,neutral,train
features_logmel\train\5621.npy,angry,train
features_logmel\train\5622.npy,neutral,train
features_logmel\train\5623.npy,neutral,train
features_logmel\train\5624.npy,angry,train
features_logmel\train\5625.npy,happy,train
features_logmel\train\5626.npy,neutral,train
features_logmel\train\5627.npy,angry,train
features_logmel\train\5628.npy,neutral,train
features_logmel\train\5629.npy,happy,train
features_logmel\train\5630.npy,sad,train
features_logmel\train\5631.npy,sad,train
features_logmel\train\5632.npy,happy,train
features_logmel\train\5633.npy,neutral,train
features_logmel\train\5634.npy,neutral,train
features_logmel\train\5635.npy,neutral,train
features_logmel\train\5636.npy,happy,train
features_logmel\train\5637.npy,neutral,train
features_logmel\train\5638.npy,happy,train
features_logmel\train\5639.npy,angry,train
features_logmel\train\5640.npy,happy,train
features_logmel\train\5641.npy,neutral,train
features_logmel\train\5642.npy,neutral,train
features_logmel\train\5643.npy,sad,train
features_logmel\train\5644.npy,angry,train
features_logmel\train\5645.npy,sad,train
features_logmel\train\5646.npy,happy,train
features_logmel\train\5647.npy,happy,train
features_logmel\train\5648.npy,happy,train
features_logmel\train\5649.npy,neutral,train
features_logmel\train\5650.npy,sad,train
features_logmel\train\5651.npy,sad,train
features_logmel\train\5652.npy,sad,train
features_logmel\train\5653.npy,angry,train
features_logmel\train\5654.npy,happy,train
features_logmel\train\5655.npy,neutral,train
features_logmel\train\5656.npy,angry,train
features_logmel\train\5657.npy,happy,train
features_logmel\train\5658.npy,happy,train
features_logmel\train\5659.npy,sad,train
features_logmel\train\5660.npy,sad,train
features_logmel\train\5661.npy,sad,train
features_logmel\train\5662.npy,happy,train
features_logmel\train\5663.npy,angry,train
features_logmel\train\5664.npy,sad,train
features_logmel\train\5665.npy,angry,train
features_logmel\train\5666.npy,happy,train
features_logmel\train\5667.npy,angry,train
features_logmel\train\5668.npy,neutral,train
features_logmel\train\5669.npy,happy,train
features_logmel\train\5670.npy,angry,train
features_logmel\train\5671.npy,sad,train
features_logmel\train\5672.npy,neutral,train
features_logmel\train\5673.npy,happy,train
features_logmel\train\5674.npy,neutral,train
features_logmel\train\5675.npy,sad,train
features_logmel\train\5676.npy,angry,train
features_logmel\train\5677.npy,sad,train
features_logmel\train\5678.npy,sad,train
features_logmel\train\5679.npy,happy,train
features_logmel\train\5680.npy,sad,train
features_logmel\train\5681.npy,angry,train
features_logmel\train\5682.npy,neutral,train
features_logmel\train\5683.npy,angry,train
features_logmel\train\5684.npy,sad,train
features_logmel\train\5685.npy,angry,train
features_logmel\train\5686.npy,happy,train
features_logmel\train\5687.npy,happy,train
features_logmel\train\5688.npy,sad,train
features_logmel\train\5689.npy,angry,train
features_logmel\train\5690.npy,angry,train
features_logmel\train\5691.npy,sad,train
features_logmel\train\5692.npy,angry,train
features_logmel\train\5693.npy,angry,train
features_logmel\train\5694.npy,sad,train
features_logmel\train\5695.npy,happy,train
features_logmel\train\5696.npy,angry,train
features_logmel\train\5697.npy,sad,train
features_logmel\train\5698.npy,neutral,train
features_logmel\train\5699.npy,angry,train
features_logmel\train\5700.npy,angry,train
features_logmel\train\5701.npy,angry,train
features_logmel\train\5702.npy,happy,train
features_logmel\train\5703.npy,happy,train
features_logmel\train\5704.npy,sad,train
features_logmel\train\5705.npy,sad,train
features_logmel\train\5706.npy,angry,train
features_logmel\train\5707.npy,neutral,train
features_logmel\train\5708.npy,happy,train
features_logmel\train\5709.npy,sad,train
features_logmel\train\5710.npy,sad,train
features_logmel\train\5711.npy,neutral,train
features_logmel\train\5712.npy,sad,train
features_logmel\train\5713.npy,sad,train
features_logmel\train\5714.npy,angry,train
features_logmel\train\5715.npy,angry,train
features_logmel\train\5716.npy,angry,train
features_logmel\train\5717.npy,neutral,train
features_logmel\train\5718.npy,happy,train
features_logmel\train\5719.npy,sad,train
features_logmel\train\5720.npy,sad,train
features_logmel\train\5721.npy,happy,train
features_logmel\train\5722.npy,sad,train
features_logmel\train\5723.npy,neutral,train
features_logmel\train\5724.npy,happy,train
features_logmel\train\5725.npy,angry,train
features_logmel\train\5726.npy,happy,train
features_logmel\train\5727.npy,neutral,train
features_logmel\train\5728.npy,angry,train
features_logmel\train\5729.npy,neutral,train
features_logmel\train\5730.npy,sad,train
features_logmel\train\5731.npy,sad,train
features_logmel\train\5732.npy,happy,train
features_logmel\train\5733.npy,neutral,train
features_logmel\train\5734.npy,angry,train
features_logmel\train\5735.npy,happy,train
features_logmel\train\5736.npy,happy,train
features_logmel\train\5737.npy,sad,train
features_logmel\train\5738.npy,happy,train
features_logmel\train\5739.npy,neutral,train
features_logmel\train\5740.npy,angry,train
features_logmel\train\5741.npy,neutral,train
features_logmel\train\5742.npy,happy,train
features_logmel\train\5743.npy,angry,train
features_logmel\train\5744.npy,happy,train
features_logmel\train\5745.npy,neutral,train
features_logmel\train\5746.npy,neutral,train
features_logmel\train\5747.npy,neutral,train
features_logmel\train\5748.npy,happy,train
features_logmel\train\5749.npy,angry,train
features_logmel\train\5750.npy,sad,train
features_logmel\train\5751.npy,sad,train
features_logmel\train\5752.npy,happy,train
features_logmel\train\5753.npy,neutral,train
features_logmel\train\5754.npy,happy,train
features_logmel\train\5755.npy,happy,train
features_logmel\train\5756.npy,angry,train
features_logmel\train\5757.npy,sad,train
features_logmel\train\5758.npy,sad,train
features_logmel\train\5759.npy,sad,train
features_logmel\train\5760.npy,sad,train
features_logmel\train\5761.npy,neutral,train
features_logmel\train\5762.npy,sad,train
features_logmel\train\5763.npy,neutral,train
features_logmel\train\5764.npy,happy,train
features_logmel\train\5765.npy,happy,train
features_logmel\train\5766.npy,neutral,train
features_logmel\train\5767.npy,happy,train
features_logmel\train\5768.npy,sad,train
features_logmel\train\5769.npy,sad,train
features_logmel\train\5770.npy,neutral,train
features_logmel\train\5771.npy,sad,train
features_logmel\train\5772.npy,sad,train
features_logmel\train\5773.npy,happy,train
features_logmel\train\5774.npy,neutral,train
features_logmel\train\5775.npy,neutral,train
features_logmel\train\5776.npy,neutral,train
features_logmel\train\5777.npy,happy,train
features_logmel\train\5778.npy,neutral,train
features_logmel\train\5779.npy,neutral,train
features_logmel\train\5780.npy,sad,train
features_logmel\train\5781.npy,sad,train
features_logmel\train\5782.npy,angry,train
features_logmel\train\5783.npy,happy,train
features_logmel\train\5784.npy,neutral,train
features_logmel\train\5785.npy,happy,train
features_logmel\train\5786.npy,sad,train
features_logmel\train\5787.npy,neutral,train
features_logmel\train\5788.npy,happy,train
features_logmel\train\5789.npy,angry,train
features_logmel\train\5790.npy,angry,train
features_logmel\train\5791.npy,sad,train
features_logmel\train\5792.npy,angry,train
features_logmel\train\5793.npy,sad,train
features_logmel\train\5794.npy,sad,train
features_logmel\train\5795.npy,sad,train
features_logmel\train\5796.npy,neutral,train
features_logmel\train\5797.npy,angry,train
features_logmel\train\5798.npy,neutral,train
features_logmel\train\5799.npy,happy,train
features_logmel\train\5800.npy,neutral,train
features_logmel\train\5801.npy,neutral,train
features_logmel\train\5802.npy,neutral,train
features_logmel\train\5803.npy,sad,train
features_logmel\train\5804.npy,angry,train
features_logmel\train\5805.npy,neutral,train
features_logmel\train\5806.npy,neutral,train
features_logmel\train\5807.npy,sad,train
features_logmel\train\5808.npy,angry,train
features_logmel\train\5809.npy,angry,train
features_logmel\train\5810.npy,angry,train
features_logmel\train\5811.npy,angry,train
features_logmel\train\5812.npy,angry,train
features_logmel\train\5813.npy,happy,train
features_logmel\train\5814.npy,neutral,train
features_logmel\train\5815.npy,neutral,train
features_logmel\train\5816.npy,angry,train
features_logmel\train\5817.npy,sad,train
features_logmel\train\5818.npy,angry,train
features_logmel\train\5819.npy,angry,train
features_logmel\train\5820.npy,angry,train
features_logmel\train\5821.npy,happy,train
features_logmel\train\5822.npy,sad,train
features_logmel\train\5823.npy,sad,train
features_logmel\train\5824.npy,neutral,train
features_logmel\train\5825.npy,neutral,train
features_logmel\train\5826.npy,sad,train
features_logmel\train\5827.npy,neutral,train
features_logmel\train\5828.npy,sad,train
features_logmel\train\5829.npy,neutral,train
features_logmel\train\5830.npy,happy,train
features_logmel\train\5831.npy,neutral,train
features_logmel\train\5832.npy,neutral,train
features_logmel\train\5833.npy,neutral,train
features_logmel\train\5834.npy,neutral,train
features_logmel\train\5835.npy,happy,train
features_logmel\train\5836.npy,angry,train
features_logmel\train\5837.npy,sad,train
features_logmel\train\5838.npy,neutral,train
features_logmel\train\5839.npy,happy,train
features_logmel\train\5840.npy,neutral,train
features_logmel\train\5841.npy,angry,train
features_logmel\train\5842.npy,neutral,train
features_logmel\train\5843.npy,sad,train
features_logmel\train\5844.npy,happy,train
features_logmel\train\5845.npy,happy,train
features_logmel\train\5846.npy,angry,train
features_logmel\train\5847.npy,happy,train
features_logmel\train\5848.npy,neutral,train
features_logmel\train\5849.npy,angry,train
features_logmel\train\5850.npy,angry,train
features_logmel\train\5851.npy,neutral,train
features_logmel\train\5852.npy,sad,train
features_logmel\train\5853.npy,sad,train
features_logmel\train\5854.npy,happy,train
features_logmel\train\5855.npy,sad,train
features_logmel\train\5856.npy,sad,train
features_logmel\train\5857.npy,sad,train
features_logmel\train\5858.npy,happy,train
features_logmel\train\5859.npy,sad,train
features_logmel\train\5860.npy,neutral,train
features_logmel\train\5861.npy,neutral,train
features_logmel\train\5862.npy,neutral,train
features_logmel\train\5863.npy,angry,train
features_logmel\train\5864.npy,sad,train
features_logmel\train\5865.npy,angry,train
features_logmel\train\5866.npy,angry,train
features_logmel\train\5867.npy,neutral,train
features_logmel\train\5868.npy,happy,train
features_logmel\train\5869.npy,neutral,train
features_logmel\train\5870.npy,sad,train
features_logmel\train\5871.npy,happy,train
features_logmel\train\5872.npy,angry,train
features_logmel\train\5873.npy,happy,train
features_logmel\train\5874.npy,angry,train
features_logmel\train\5875.npy,sad,train
features_logmel\train\5876.npy,angry,train
features_logmel\train\5877.npy,happy,train
features_logmel\train\5878.npy,happy,train
features_logmel\train\5879.npy,neutral,train
features_logmel\train\5880.npy,happy,train
features_logmel\train\5881.npy,happy,train
features_logmel\train\5882.npy,happy,train
features_logmel\train\5883.npy,angry,train
features_logmel\train\5884.npy,happy,train
features_logmel\train\5885.npy,happy,train
features_logmel\train\5886.npy,happy,train
features_logmel\train\5887.npy,angry,train
features_logmel\train\5888.npy,neutral,train
features_logmel\train\5889.npy,sad,train
features_logmel\train\5890.npy,neutral,train
features_logmel\train\5891.npy,neutral,train
features_logmel\train\5892.npy,happy,train
features_logmel\train\5893.npy,neutral,train
features_logmel\train\5894.npy,neutral,train
features_logmel\train\5895.npy,sad,train
features_logmel\train\5896.npy,angry,train
features_logmel\train\5897.npy,sad,train
features_logmel\train\5898.npy,happy,train
features_logmel\train\5899.npy,sad,train
features_logmel\train\5900.npy,sad,train
features_logmel\train\5901.npy,sad,train
features_logmel\train\5902.npy,neutral,train
features_logmel\train\5903.npy,happy,train
features_logmel\train\5904.npy,angry,train
features_logmel\train\5905.npy,sad,train
features_logmel\train\5906.npy,neutral,train
features_logmel\train\5907.npy,happy,train
features_logmel\train\5908.npy,sad,train
features_logmel\train\5909.npy,angry,train
features_logmel\train\5910.npy,angry,train
features_logmel\train\5911.npy,sad,train
features_logmel\train\5912.npy,neutral,train
features_logmel\train\5913.npy,angry,train
features_logmel\train\5914.npy,neutral,train
features_logmel\train\5915.npy,sad,train
features_logmel\train\5916.npy,sad,train
features_logmel\train\5917.npy,happy,train
features_logmel\train\5918.npy,angry,train
features_logmel\train\5919.npy,neutral,train
features_logmel\train\5920.npy,neutral,train
features_logmel\train\5921.npy,happy,train
features_logmel\train\5922.npy,happy,train
features_logmel\train\5923.npy,sad,train
features_logmel\train\5924.npy,happy,train
features_logmel\train\5925.npy,sad,train
features_logmel\train\5926.npy,sad,train
features_logmel\train\5927.npy,happy,train
features_logmel\train\5928.npy,angry,train
features_logmel\train\5929.npy,angry,train
features_logmel\train\5930.npy,neutral,train
features_logmel\train\5931.npy,sad,train
features_logmel\train\5932.npy,neutral,train
features_logmel\train\5933.npy,happy,train
features_logmel\train\5934.npy,neutral,train
features_logmel\train\5935.npy,happy,train
features_logmel\train\5936.npy,angry,train
features_logmel\train\5937.npy,neutral,train
features_logmel\train\5938.npy,angry,train
features_logmel\train\5939.npy,neutral,train
features_logmel\train\5940.npy,angry,train
features_logmel\train\5941.npy,happy,train
features_logmel\train\5942.npy,angry,train
features_logmel\train\5943.npy,neutral,train
features_logmel\train\5944.npy,happy,train
features_logmel\train\5945.npy,angry,train
features_logmel\train\5946.npy,neutral,train
features_logmel\train\5947.npy,happy,train
features_logmel\train\5948.npy,happy,train
features_logmel\train\5949.npy,angry,train
features_logmel\train\5950.npy,happy,train
features_logmel\train\5951.npy,happy,train
features_logmel\train\5952.npy,angry,train
features_logmel\train\5953.npy,neutral,train
features_logmel\train\5954.npy,neutral,train
features_logmel\train\5955.npy,neutral,train
features_logmel\train\5956.npy,angry,train
features_logmel\train\5957.npy,neutral,train
features_logmel\train\5958.npy,neutral,train
features_logmel\train\5959.npy,sad,train
features_logmel\train\5960.npy,sad,train
features_logmel\train\5961.npy,neutral,train
features_logmel\train\5962.npy,sad,train
features_logmel\train\5963.npy,neutral,train
features_logmel\train\5964.npy,happy,train
features_logmel\train\5965.npy,angry,train
features_logmel\train\5966.npy,happy,train
features_logmel\train\5967.npy,happy,train
features_logmel\train\5968.npy,neutral,train
features_logmel\train\5969.npy,sad,train
features_logmel\train\5970.npy,sad,train
features_logmel\train\5971.npy,sad,train
features_logmel\train\5972.npy,angry,train
features_logmel\train\5973.npy,neutral,train
features_logmel\train\5974.npy,neutral,train
features_logmel\train\5975.npy,neutral,train
features_logmel\train\5976.npy,angry,train
features_logmel\train\5977.npy,neutral,train
features_logmel\train\5978.npy,sad,train
features_logmel\train\5979.npy,neutral,train
features_logmel\train\5980.npy,happy,train
features_logmel\train\5981.npy,happy,train
features_logmel\train\5982.npy,happy,train
features_logmel\train\5983.npy,neutral,train
features_logmel\train\5984.npy,happy,train
features_logmel\train\5985.npy,sad,train
features_logmel\train\5986.npy,happy,train
features_logmel\train\5987.npy,happy,train
features_logmel\train\5988.npy,neutral,train
features_logmel\train\5989.npy,happy,train
features_logmel\train\5990.npy,neutral,train
features_logmel\train\5991.npy,sad,train
features_logmel\train\5992.npy,sad,train
features_logmel\train\5993.npy,happy,train
features_logmel\train\5994.npy,happy,train
features_logmel\train\5995.npy,sad,train
features_logmel\train\5996.npy,sad,train
features_logmel\train\5997.npy,angry,train
features_logmel\train\5998.npy,angry,train
features_logmel\train\5999.npy,happy,train
features_logmel\train\6000.npy,neutral,train
features_logmel\train\6001.npy,angry,train
features_logmel\train\6002.npy,happy,train
features_logmel\train\6003.npy,sad,train
features_logmel\train\6004.npy,neutral,train
features_logmel\train\6005.npy,angry,train
features_logmel\train\6006.npy,happy,train
features_logmel\train\6007.npy,sad,train
features_logmel\train\6008.npy,happy,train
features_logmel\train\6009.npy,happy,train
features_logmel\train\6010.npy,happy,train
features_logmel\train\6011.npy,sad,train
features_logmel\train\6012.npy,neutral,train
features_logmel\train\6013.npy,angry,train
features_logmel\train\6014.npy,neutral,train
features_logmel\train\6015.npy,happy,train
features_logmel\train\6016.npy,angry,train
features_logmel\train\6017.npy,neutral,train
features_logmel\train\6018.npy,angry,train
features_logmel\train\6019.npy,neutral,train
features_logmel\train\6020.npy,sad,train
features_logmel\train\6021.npy,sad,train
features_logmel\train\6022.npy,happy,train
features_logmel\train\6023.npy,angry,train
features_logmel\train\6024.npy,angry,train
features_logmel\train\6025.npy,sad,train
features_logmel\train\6026.npy,neutral,train
features_logmel\train\6027.npy,neutral,train
features_logmel\train\6028.npy,angry,train
features_logmel\train\6029.npy,sad,train
features_logmel\train\6030.npy,happy,train
features_logmel\train\6031.npy,neutral,train
features_logmel\train\6032.npy,sad,train
features_logmel\train\6033.npy,angry,train
features_logmel\train\6034.npy,angry,train
features_logmel\train\6035.npy,sad,train
features_logmel\train\6036.npy,happy,train
features_logmel\train\6037.npy,neutral,train
features_logmel\train\6038.npy,happy,train
features_logmel\train\6039.npy,happy,train
features_logmel\train\6040.npy,neutral,train
features_logmel\train\6041.npy,sad,train
features_logmel\train\6042.npy,angry,train
features_logmel\train\6043.npy,sad,train
features_logmel\train\6044.npy,angry,train
features_logmel\train\6045.npy,happy,train
features_logmel\train\6046.npy,angry,train
features_logmel\train\6047.npy,happy,train
features_logmel\train\6048.npy,happy,train
features_logmel\train\6049.npy,angry,train
features_logmel\train\6050.npy,sad,train
features_logmel\train\6051.npy,happy,train
features_logmel\train\6052.npy,happy,train
features_logmel\train\6053.npy,sad,train
features_logmel\train\6054.npy,happy,train
features_logmel\train\6055.npy,sad,train
features_logmel\train\6056.npy,angry,train
features_logmel\train\6057.npy,sad,train
features_logmel\train\6058.npy,neutral,train
features_logmel\train\6059.npy,angry,train
features_logmel\train\6060.npy,angry,train
features_logmel\train\6061.npy,happy,train
features_logmel\train\6062.npy,angry,train
features_logmel\train\6063.npy,sad,train
features_logmel\train\6064.npy,sad,train
features_logmel\train\6065.npy,happy,train
features_logmel\train\6066.npy,happy,train
features_logmel\train\6067.npy,neutral,train
features_logmel\train\6068.npy,sad,train
features_logmel\train\6069.npy,neutral,train
features_logmel\train\6070.npy,happy,train
features_logmel\train\6071.npy,sad,train
features_logmel\train\6072.npy,happy,train
features_logmel\train\6073.npy,happy,train
features_logmel\train\6074.npy,neutral,train
features_logmel\train\6075.npy,sad,train
features_logmel\train\6076.npy,angry,train
features_logmel\train\6077.npy,angry,train
features_logmel\train\6078.npy,sad,train
features_logmel\train\6079.npy,angry,train
features_logmel\train\6080.npy,sad,train
features_logmel\train\6081.npy,neutral,train
features_logmel\train\6082.npy,happy,train
features_logmel\train\6083.npy,angry,train
features_logmel\train\6084.npy,happy,train
features_logmel\train\6085.npy,happy,train
features_logmel\train\6086.npy,neutral,train
features_logmel\train\6087.npy,neutral,train
features_logmel\train\6088.npy,neutral,train
features_logmel\train\6089.npy,neutral,train
features_logmel\train\6090.npy,neutral,train
features_logmel\train\6091.npy,neutral,train
features_logmel\train\6092.npy,sad,train
features_logmel\train\6093.npy,happy,train
features_logmel\train\6094.npy,happy,train
features_logmel\train\6095.npy,happy,train
features_logmel\train\6096.npy,angry,train
features_logmel\train\6097.npy,neutral,train
features_logmel\train\6098.npy,sad,train
features_logmel\train\6099.npy,neutral,train
features_logmel\train\6100.npy,neutral,train
features_logmel\train\6101.npy,happy,train
features_logmel\train\6102.npy,neutral,train
features_logmel\train\6103.npy,happy,train
features_logmel\train\6104.npy,neutral,train
features_logmel\train\6105.npy,sad,train
features_logmel\train\6106.npy,happy,train
features_logmel\train\6107.npy,neutral,train
features_logmel\train\6108.npy,sad,train
features_logmel\train\6109.npy,sad,train
features_logmel\train\6110.npy,happy,train
features_logmel\train\6111.npy,neutral,train
features_logmel\train\6112.npy,sad,train
features_logmel\train\6113.npy,angry,train
features_logmel\train\6114.npy,happy,train
features_logmel\train\6115.npy,happy,train
features_logmel\train\6116.npy,neutral,train
features_logmel\train\6117.npy,angry,train
features_logmel\train\6118.npy,happy,train
features_logmel\train\6119.npy,happy,train
features_logmel\train\6120.npy,happy,train
features_logmel\train\6121.npy,neutral,train
features_logmel\train\6122.npy,happy,train
features_logmel\train\6123.npy,sad,train
features_logmel\train\6124.npy,sad,train
features_logmel\train\6125.npy,happy,train
features_logmel\train\6126.npy,angry,train
features_logmel\train\6127.npy,sad,train
features_logmel\train\6128.npy,sad,train
features_logmel\train\6129.npy,sad,train
features_logmel\train\6130.npy,neutral,train
features_logmel\train\6131.npy,happy,train
features_logmel\train\6132.npy,happy,train
features_logmel\train\6133.npy,happy,train
features_logmel\train\6134.npy,happy,train
features_logmel\train\6135.npy,sad,train
features_logmel\train\6136.npy,sad,train
features_logmel\train\6137.npy,neutral,train
features_logmel\train\6138.npy,neutral,train
features_logmel\train\6139.npy,happy,train
features_logmel\train\6140.npy,angry,train
features_logmel\train\6141.npy,happy,train
features_logmel\train\6142.npy,sad,train
features_logmel\train\6143.npy,sad,train
features_logmel\train\6144.npy,angry,train
features_logmel\train\6145.npy,neutral,train
features_logmel\train\6146.npy,neutral,train
features_logmel\train\6147.npy,happy,train
features_logmel\train\6148.npy,happy,train
features_logmel\train\6149.npy,neutral,train
features_logmel\train\6150.npy,sad,train
features_logmel\train\6151.npy,neutral,train
features_logmel\train\6152.npy,sad,train
features_logmel\train\6153.npy,sad,train
features_logmel\train\6154.npy,sad,train
features_logmel\train\6155.npy,angry,train
features_logmel\train\6156.npy,neutral,train
features_logmel\train\6157.npy,angry,train
features_logmel\train\6158.npy,angry,train
features_logmel\train\6159.npy,happy,train
features_logmel\train\6160.npy,happy,train
features_logmel\train\6161.npy,sad,train
features_logmel\train\6162.npy,sad,train
features_logmel\train\6163.npy,neutral,train
features_logmel\train\6164.npy,angry,train
features_logmel\train\6165.npy,happy,train
features_logmel\train\6166.npy,neutral,train
features_logmel\train\6167.npy,neutral,train
features_logmel\train\6168.npy,happy,train
features_logmel\train\6169.npy,sad,train
features_logmel\train\6170.npy,sad,train
features_logmel\train\6171.npy,neutral,train
features_logmel\train\6172.npy,sad,train
features_logmel\train\6173.npy,sad,train
features_logmel\train\6174.npy,sad,train
features_logmel\train\6175.npy,happy,train
features_logmel\train\6176.npy,happy,train
features_logmel\train\6177.npy,neutral,train
features_logmel\train\6178.npy,happy,train
features_logmel\train\6179.npy,sad,train
features_logmel\train\6180.npy,happy,train
features_logmel\train\6181.npy,sad,train
features_logmel\train\6182.npy,neutral,train
features_logmel\train\6183.npy,neutral,train
features_logmel\train\6184.npy,neutral,train
features_logmel\train\6185.npy,neutral,train
features_logmel\train\6186.npy,happy,train
features_logmel\train\6187.npy,neutral,train
features_logmel\train\6188.npy,angry,train
features_logmel\train\6189.npy,angry,train
features_logmel\train\6190.npy,happy,train
features_logmel\train\6191.npy,happy,train
features_logmel\train\6192.npy,angry,train
features_logmel\train\6193.npy,happy,train
features_logmel\train\6194.npy,sad,train
features_logmel\train\6195.npy,neutral,train
features_logmel\train\6196.npy,neutral,train
features_logmel\train\6197.npy,happy,train
features_logmel\train\6198.npy,angry,train
features_logmel\train\6199.npy,angry,train
features_logmel\train\6200.npy,angry,train
features_logmel\train\6201.npy,angry,train
features_logmel\train\6202.npy,neutral,train
features_logmel\train\6203.npy,neutral,train
features_logmel\train\6204.npy,neutral,train
features_logmel\train\6205.npy,neutral,train
features_logmel\train\6206.npy,neutral,train
features_logmel\train\6207.npy,neutral,train
features_logmel\train\6208.npy,sad,train
features_logmel\train\6209.npy,sad,train
features_logmel\train\6210.npy,angry,train
features_logmel\train\6211.npy,angry,train
features_logmel\train\6212.npy,angry,train
features_logmel\train\6213.npy,sad,train
features_logmel\train\6214.npy,neutral,train
features_logmel\train\6215.npy,sad,train
features_logmel\train\6216.npy,happy,train
features_logmel\train\6217.npy,neutral,train
features_logmel\train\6218.npy,neutral,train
features_logmel\train\6219.npy,neutral,train
features_logmel\train\6220.npy,angry,train
features_logmel\train\6221.npy,neutral,train
features_logmel\train\6222.npy,sad,train
features_logmel\train\6223.npy,neutral,train
features_logmel\train\6224.npy,neutral,train
features_logmel\train\6225.npy,happy,train
features_logmel\train\6226.npy,happy,train
features_logmel\train\6227.npy,neutral,train
features_logmel\train\6228.npy,angry,train
features_logmel\train\6229.npy,angry,train
features_logmel\train\6230.npy,happy,train
features_logmel\train\6231.npy,angry,train
features_logmel\train\6232.npy,angry,train
features_logmel\train\6233.npy,happy,train
features_logmel\train\6234.npy,neutral,train
features_logmel\train\6235.npy,neutral,train
features_logmel\train\6236.npy,angry,train
features_logmel\train\6237.npy,neutral,train
features_logmel\train\6238.npy,sad,train
features_logmel\train\6239.npy,angry,train
features_logmel\train\6240.npy,sad,train
features_logmel\train\6241.npy,neutral,train
features_logmel\train\6242.npy,angry,train
features_logmel\train\6243.npy,happy,train
features_logmel\train\6244.npy,happy,train
features_logmel\train\6245.npy,happy,train
features_logmel\train\6246.npy,happy,train
features_logmel\train\6247.npy,angry,train
features_logmel\train\6248.npy,neutral,train
features_logmel\train\6249.npy,happy,train
features_logmel\train\6250.npy,neutral,train
features_logmel\train\6251.npy,happy,train
features_logmel\train\6252.npy,happy,train
features_logmel\train\6253.npy,angry,train
features_logmel\train\6254.npy,happy,train
features_logmel\train\6255.npy,angry,train
features_logmel\train\6256.npy,angry,train
features_logmel\train\6257.npy,angry,train
features_logmel\train\6258.npy,sad,train
features_logmel\train\6259.npy,angry,train
features_logmel\train\6260.npy,neutral,train
features_logmel\train\6261.npy,angry,train
features_logmel\train\6262.npy,happy,train
features_logmel\train\6263.npy,happy,train
features_logmel\train\6264.npy,angry,train
features_logmel\train\6265.npy,neutral,train
features_logmel\train\6266.npy,angry,train
features_logmel\train\6267.npy,neutral,train
features_logmel\train\6268.npy,neutral,train
features_logmel\train\6269.npy,neutral,train
features_logmel\train\6270.npy,sad,train
features_logmel\train\6271.npy,angry,train
features_logmel\train\6272.npy,neutral,train
features_logmel\train\6273.npy,happy,train
features_logmel\train\6274.npy,sad,train
features_logmel\train\6275.npy,angry,train
features_logmel\train\6276.npy,angry,train
features_logmel\train\6277.npy,happy,train
features_logmel\train\6278.npy,neutral,train
features_logmel\train\6279.npy,angry,train
features_logmel\train\6280.npy,angry,train
features_logmel\train\6281.npy,angry,train
features_logmel\train\6282.npy,happy,train
features_logmel\train\6283.npy,neutral,train
features_logmel\train\6284.npy,sad,train
features_logmel\train\6285.npy,neutral,train
features_logmel\train\6286.npy,angry,train
features_logmel\train\6287.npy,happy,train
features_logmel\train\6288.npy,angry,train
features_logmel\train\6289.npy,sad,train
features_logmel\train\6290.npy,happy,train
features_logmel\train\6291.npy,sad,train
features_logmel\train\6292.npy,angry,train
features_logmel\train\6293.npy,happy,train
features_logmel\train\6294.npy,neutral,train
features_logmel\train\6295.npy,angry,train
features_logmel\train\6296.npy,happy,train
features_logmel\train\6297.npy,happy,train
features_logmel\train\6298.npy,neutral,train
features_logmel\train\6299.npy,sad,train
features_logmel\train\6300.npy,happy,train
features_logmel\train\6301.npy,happy,train
features_logmel\train\6302.npy,happy,train
features_logmel\train\6303.npy,neutral,train
features_logmel\train\6304.npy,sad,train
features_logmel\train\6305.npy,angry,train
features_logmel\train\6306.npy,angry,train
features_logmel\train\6307.npy,happy,train
features_logmel\train\6308.npy,sad,train
features_logmel\train\6309.npy,sad,train
features_logmel\train\6310.npy,sad,train
features_logmel\train\6311.npy,angry,train
features_logmel\train\6312.npy,neutral,train
features_logmel\train\6313.npy,neutral,train
features_logmel\train\6314.npy,angry,train
features_logmel\train\6315.npy,neutral,train
features_logmel\train\6316.npy,happy,train
features_logmel\train\6317.npy,neutral,train
features_logmel\train\6318.npy,sad,train
features_logmel\train\6319.npy,sad,train
features_logmel\train\6320.npy,sad,train
features_logmel\train\6321.npy,sad,train
features_logmel\train\6322.npy,sad,train
features_logmel\train\6323.npy,angry,train
features_logmel\train\6324.npy,happy,train
features_logmel\train\6325.npy,sad,train
features_logmel\train\6326.npy,angry,train
features_logmel\train\6327.npy,neutral,train
features_logmel\train\6328.npy,sad,train
features_logmel\train\6329.npy,sad,train
features_logmel\train\6330.npy,neutral,train
features_logmel\train\6331.npy,neutral,train
features_logmel\train\6332.npy,angry,train
features_logmel\train\6333.npy,neutral,train
features_logmel\train\6334.npy,sad,train
features_logmel\train\6335.npy,happy,train
features_logmel\train\6336.npy,neutral,train
features_logmel\train\6337.npy,sad,train
features_logmel\train\6338.npy,sad,train
features_logmel\train\6339.npy,angry,train
features_logmel\train\6340.npy,sad,train
features_logmel\train\6341.npy,sad,train
features_logmel\train\6342.npy,happy,train
features_logmel\train\6343.npy,sad,train
features_logmel\train\6344.npy,happy,train
features_logmel\train\6345.npy,happy,train
features_logmel\train\6346.npy,sad,train
features_logmel\train\6347.npy,neutral,train
features_logmel\train\6348.npy,sad,train
features_logmel\train\6349.npy,happy,train
features_logmel\train\6350.npy,neutral,train
features_logmel\train\6351.npy,sad,train
features_logmel\train\6352.npy,neutral,train
features_logmel\train\6353.npy,sad,train
features_logmel\train\6354.npy,angry,train
features_logmel\train\6355.npy,happy,train
features_logmel\train\6356.npy,neutral,train
features_logmel\train\6357.npy,sad,train
features_logmel\train\6358.npy,angry,train
features_logmel\train\6359.npy,sad,train
features_logmel\train\6360.npy,happy,train
features_logmel\train\6361.npy,happy,train
features_logmel\train\6362.npy,neutral,train
features_logmel\train\6363.npy,happy,train
features_logmel\train\6364.npy,sad,train
features_logmel\train\6365.npy,neutral,train
features_logmel\train\6366.npy,happy,train
features_logmel\train\6367.npy,sad,train
features_logmel\train\6368.npy,sad,train
features_logmel\train\6369.npy,sad,train
features_logmel\train\6370.npy,sad,train
features_logmel\train\6371.npy,happy,train
features_logmel\train\6372.npy,neutral,train
features_logmel\train\6373.npy,happy,train
features_logmel\train\6374.npy,happy,train
features_logmel\train\6375.npy,sad,train
features_logmel\train\6376.npy,neutral,train
features_logmel\train\6377.npy,neutral,train
features_logmel\train\6378.npy,happy,train
features_logmel\train\6379.npy,neutral,train
features_logmel\train\6380.npy,angry,train
features_logmel\train\6381.npy,happy,train
features_logmel\train\6382.npy,happy,train
features_logmel\train\6383.npy,happy,train
features_logmel\train\6384.npy,angry,train
features_logmel\train\6385.npy,angry,train
features_logmel\train\6386.npy,neutral,train
features_logmel\train\6387.npy,neutral,train
features_logmel\train\6388.npy,sad,train
features_logmel\train\6389.npy,angry,train
features_logmel\train\6390.npy,sad,train
features_logmel\train\6391.npy,sad,train
features_logmel\train\6392.npy,angry,train
features_logmel\train\6393.npy,happy,train
features_logmel\train\6394.npy,happy,train
features_logmel\train\6395.npy,angry,train
features_logmel\train\6396.npy,angry,train
features_logmel\train\6397.npy,neutral,train
features_logmel\train\6398.npy,sad,train
features_logmel\train\6399.npy,neutral,train
features_logmel\train\6400.npy,happy,train
features_logmel\train\6401.npy,angry,train
features_logmel\train\6402.npy,happy,train
features_logmel\train\6403.npy,neutral,train
features_logmel\train\6404.npy,neutral,train
features_logmel\train\6405.npy,angry,train
features_logmel\train\6406.npy,angry,train
features_logmel\train\6407.npy,sad,train
features_logmel\train\6408.npy,sad,train
features_logmel\train\6409.npy,neutral,train
features_logmel\train\6410.npy,sad,train
features_logmel\train\6411.npy,neutral,train
features_logmel\train\6412.npy,neutral,train
features_logmel\train\6413.npy,happy,train
features_logmel\train\6414.npy,sad,train
features_logmel\train\6415.npy,angry,train
features_logmel\train\6416.npy,sad,train
features_logmel\train\6417.npy,sad,train
features_logmel\train\6418.npy,neutral,train
features_logmel\train\6419.npy,neutral,train
features_logmel\train\6420.npy,sad,train
features_logmel\train\6421.npy,happy,train
features_logmel\train\6422.npy,sad,train
features_logmel\train\6423.npy,happy,train
features_logmel\train\6424.npy,angry,train
features_logmel\train\6425.npy,angry,train
features_logmel\train\6426.npy,angry,train
features_logmel\train\6427.npy,angry,train
features_logmel\train\6428.npy,angry,train
features_logmel\train\6429.npy,sad,train
features_logmel\train\6430.npy,happy,train
features_logmel\train\6431.npy,happy,train
features_logmel\train\6432.npy,happy,train
features_logmel\train\6433.npy,angry,train
features_logmel\train\6434.npy,neutral,train
features_logmel\train\6435.npy,sad,train
features_logmel\train\6436.npy,neutral,train
features_logmel\train\6437.npy,sad,train
features_logmel\train\6438.npy,angry,train
features_logmel\train\6439.npy,happy,train
features_logmel\train\6440.npy,happy,train
features_logmel\train\6441.npy,sad,train
features_logmel\train\6442.npy,neutral,train
features_logmel\train\6443.npy,happy,train
features_logmel\train\6444.npy,angry,train
features_logmel\train\6445.npy,sad,train
features_logmel\train\6446.npy,sad,train
features_logmel\train\6447.npy,sad,train
features_logmel\train\6448.npy,angry,train
features_logmel\train\6449.npy,neutral,train
features_logmel\train\6450.npy,happy,train
features_logmel\train\6451.npy,neutral,train
features_logmel\train\6452.npy,happy,train
features_logmel\train\6453.npy,neutral,train
features_logmel\train\6454.npy,happy,train
features_logmel\train\6455.npy,neutral,train
features_logmel\train\6456.npy,neutral,train
features_logmel\train\6457.npy,neutral,train
features_logmel\train\6458.npy,happy,train
features_logmel\train\6459.npy,happy,train
features_logmel\train\6460.npy,neutral,train
features_logmel\train\6461.npy,happy,train
features_logmel\train\6462.npy,sad,train
features_logmel\train\6463.npy,neutral,train
features_logmel\train\6464.npy,happy,train
features_logmel\train\6465.npy,angry,train
features_logmel\train\6466.npy,sad,train
features_logmel\train\6467.npy,sad,train
features_logmel\train\6468.npy,neutral,train
features_logmel\train\6469.npy,sad,train
features_logmel\train\6470.npy,neutral,train
features_logmel\train\6471.npy,angry,train
features_logmel\train\6472.npy,neutral,train
features_logmel\train\6473.npy,neutral,train
features_logmel\train\6474.npy,happy,train
features_logmel\train\6475.npy,angry,train
features_logmel\train\6476.npy,neutral,train
features_logmel\train\6477.npy,neutral,train
features_logmel\train\6478.npy,sad,train
features_logmel\train\6479.npy,angry,train
features_logmel\train\6480.npy,happy,train
features_logmel\train\6481.npy,neutral,train
features_logmel\train\6482.npy,neutral,train
features_logmel\train\6483.npy,angry,train
features_logmel\train\6484.npy,neutral,train
features_logmel\train\6485.npy,angry,train
features_logmel\train\6486.npy,happy,train
features_logmel\train\6487.npy,neutral,train
features_logmel\train\6488.npy,angry,train
features_logmel\train\6489.npy,sad,train
features_logmel\train\6490.npy,neutral,train
features_logmel\train\6491.npy,sad,train
features_logmel\train\6492.npy,happy,train
features_logmel\train\6493.npy,neutral,train
features_logmel\train\6494.npy,happy,train
features_logmel\train\6495.npy,happy,train
features_logmel\train\6496.npy,angry,train
features_logmel\train\6497.npy,sad,train
features_logmel\train\6498.npy,happy,train
features_logmel\train\6499.npy,angry,train
features_logmel\train\6500.npy,angry,train
features_logmel\train\6501.npy,sad,train
features_logmel\train\6502.npy,happy,train
features_logmel\train\6503.npy,happy,train
features_logmel\train\6504.npy,neutral,train
features_logmel\train\6505.npy,angry,train
features_logmel\train\6506.npy,happy,train
features_logmel\train\6507.npy,angry,train
features_logmel\train\6508.npy,sad,train
features_logmel\train\6509.npy,sad,train
features_logmel\train\6510.npy,sad,train
features_logmel\train\6511.npy,sad,train
features_logmel\train\6512.npy,angry,train
features_logmel\train\6513.npy,happy,train
features_logmel\train\6514.npy,happy,train
features_logmel\train\6515.npy,neutral,train
features_logmel\train\6516.npy,sad,train
features_logmel\train\6517.npy,sad,train
features_logmel\train\6518.npy,happy,train
features_logmel\train\6519.npy,sad,train
features_logmel\train\6520.npy,sad,train
features_logmel\train\6521.npy,neutral,train
features_logmel\train\6522.npy,neutral,train
features_logmel\train\6523.npy,sad,train
features_logmel\train\6524.npy,sad,train
features_logmel\train\6525.npy,angry,train
features_logmel\train\6526.npy,sad,train
features_logmel\train\6527.npy,happy,train
features_logmel\train\6528.npy,happy,train
features_logmel\train\6529.npy,neutral,train
features_logmel\train\6530.npy,angry,train
features_logmel\train\6531.npy,neutral,train
features_logmel\train\6532.npy,angry,train
features_logmel\train\6533.npy,neutral,train
features_logmel\train\6534.npy,angry,train
features_logmel\train\6535.npy,angry,train
features_logmel\train\6536.npy,neutral,train
features_logmel\train\6537.npy,neutral,train
features_logmel\train\6538.npy,angry,train
features_logmel\train\6539.npy,angry,train
features_logmel\train\6540.npy,neutral,train
features_logmel\train\6541.npy,neutral,train
features_logmel\train\6542.npy,angry,train
features_logmel\train\6543.npy,happy,train
features_logmel\train\6544.npy,sad,train
features_logmel\train\6545.npy,happy,train
features_logmel\train\6546.npy,angry,train
features_logmel\train\6547.npy,sad,train
features_logmel\train\6548.npy,happy,train
features_logmel\train\6549.npy,happy,train
features_logmel\train\6550.npy,sad,train
features_logmel\train\6551.npy,happy,train
features_logmel\train\6552.npy,happy,train
features_logmel\train\6553.npy,angry,train
features_logmel\train\6554.npy,happy,train
features_logmel\train\6555.npy,sad,train
features_logmel\train\6556.npy,sad,train
features_logmel\train\6557.npy,happy,train
features_logmel\train\6558.npy,sad,train
features_logmel\train\6559.npy,neutral,train
features_logmel\train\6560.npy,angry,train
features_logmel\train\6561.npy,happy,train
features_logmel\train\6562.npy,happy,train
features_logmel\train\6563.npy,angry,train
features_logmel\train\6564.npy,neutral,train
features_logmel\train\6565.npy,neutral,train
features_logmel\train\6566.npy,sad,train
features_logmel\train\6567.npy,sad,train
features_logmel\train\6568.npy,neutral,train
features_logmel\train\6569.npy,sad,train
features_logmel\train\6570.npy,sad,train
features_logmel\train\6571.npy,neutral,train
features_logmel\train\6572.npy,happy,train
features_logmel\train\6573.npy,neutral,train
features_logmel\train\6574.npy,angry,train
features_logmel\train\6575.npy,angry,train
features_logmel\train\6576.npy,neutral,train
features_logmel\train\6577.npy,angry,train
features_logmel\train\6578.npy,angry,train
features_logmel\train\6579.npy,sad,train
features_logmel\train\6580.npy,sad,train
features_logmel\train\6581.npy,happy,train
features_logmel\train\6582.npy,angry,train
features_logmel\train\6583.npy,angry,train
features_logmel\train\6584.npy,happy,train
features_logmel\train\6585.npy,neutral,train
features_logmel\train\6586.npy,happy,train
features_logmel\train\6587.npy,angry,train
features_logmel\train\6588.npy,happy,train
features_logmel\train\6589.npy,happy,train
features_logmel\train\6590.npy,sad,train
features_logmel\train\6591.npy,happy,train
features_logmel\train\6592.npy,happy,train
features_logmel\train\6593.npy,happy,train
features_logmel\train\6594.npy,angry,train
features_logmel\train\6595.npy,neutral,train
features_logmel\train\6596.npy,angry,train
features_logmel\train\6597.npy,neutral,train
features_logmel\train\6598.npy,happy,train
features_logmel\train\6599.npy,happy,train
features_logmel\train\6600.npy,angry,train
features_logmel\train\6601.npy,happy,train
features_logmel\train\6602.npy,angry,train
features_logmel\train\6603.npy,sad,train
features_logmel\train\6604.npy,neutral,train
features_logmel\train\6605.npy,sad,train
features_logmel\train\6606.npy,sad,train
features_logmel\train\6607.npy,neutral,train
features_logmel\train\6608.npy,neutral,train
features_logmel\train\6609.npy,happy,train
features_logmel\train\6610.npy,neutral,train
features_logmel\train\6611.npy,happy,train
features_logmel\train\6612.npy,sad,train
features_logmel\train\6613.npy,neutral,train
features_logmel\train\6614.npy,neutral,train
features_logmel\train\6615.npy,angry,train
features_logmel\train\6616.npy,sad,train
features_logmel\train\6617.npy,sad,train
features_logmel\train\6618.npy,happy,train
features_logmel\train\6619.npy,happy,train
features_logmel\train\6620.npy,neutral,train
features_logmel\train\6621.npy,neutral,train
features_logmel\train\6622.npy,happy,train
features_logmel\train\6623.npy,sad,train
features_logmel\train\6624.npy,angry,train
features_logmel\train\6625.npy,happy,train
features_logmel\train\6626.npy,neutral,train
features_logmel\train\6627.npy,happy,train
features_logmel\train\6628.npy,happy,train
features_logmel\train\6629.npy,angry,train
features_logmel\train\6630.npy,happy,train
features_logmel\train\6631.npy,happy,train
features_logmel\train\6632.npy,sad,train
features_logmel\train\6633.npy,happy,train
features_logmel\train\6634.npy,happy,train
features_logmel\train\6635.npy,neutral,train
features_logmel\train\6636.npy,angry,train
features_logmel\train\6637.npy,happy,train
features_logmel\train\6638.npy,happy,train
features_logmel\train\6639.npy,angry,train
features_logmel\train\6640.npy,sad,train
features_logmel\train\6641.npy,sad,train
features_logmel\train\6642.npy,angry,train
features_logmel\train\6643.npy,angry,train
features_logmel\train\6644.npy,sad,train
features_logmel\train\6645.npy,sad,train
features_logmel\train\6646.npy,neutral,train
features_logmel\train\6647.npy,happy,train
features_logmel\train\6648.npy,angry,train
features_logmel\train\6649.npy,sad,train
features_logmel\train\6650.npy,sad,train
features_logmel\train\6651.npy,neutral,train
features_logmel\train\6652.npy,happy,train
features_logmel\train\6653.npy,angry,train
features_logmel\train\6654.npy,neutral,train
features_logmel\train\6655.npy,angry,train
features_logmel\train\6656.npy,happy,train
features_logmel\train\6657.npy,neutral,train
features_logmel\train\6658.npy,sad,train
features_logmel\train\6659.npy,angry,train
features_logmel\train\6660.npy,neutral,train
features_logmel\train\6661.npy,happy,train
features_logmel\train\6662.npy,neutral,train
features_logmel\train\6663.npy,sad,train
features_logmel\train\6664.npy,neutral,train
features_logmel\train\6665.npy,sad,train
features_logmel\train\6666.npy,happy,train
features_logmel\train\6667.npy,sad,train
features_logmel\train\6668.npy,sad,train
features_logmel\train\6669.npy,happy,train
features_logmel\train\6670.npy,sad,train
features_logmel\train\6671.npy,angry,train
features_logmel\train\6672.npy,neutral,train
features_logmel\train\6673.npy,sad,train
features_logmel\train\6674.npy,angry,train
features_logmel\train\6675.npy,neutral,train
features_logmel\train\6676.npy,sad,train
features_logmel\train\6677.npy,angry,train
features_logmel\train\6678.npy,sad,train
features_logmel\train\6679.npy,angry,train
features_logmel\train\6680.npy,happy,train
features_logmel\train\6681.npy,happy,train
features_logmel\train\6682.npy,happy,train
features_logmel\train\6683.npy,sad,train
features_logmel\train\6684.npy,neutral,train
features_logmel\train\6685.npy,neutral,train
features_logmel\train\6686.npy,angry,train
features_logmel\train\6687.npy,happy,train
features_logmel\train\6688.npy,sad,train
features_logmel\train\6689.npy,neutral,train
features_logmel\train\6690.npy,happy,train
features_logmel\train\6691.npy,angry,train
features_logmel\train\6692.npy,happy,train
features_logmel\train\6693.npy,angry,train
features_logmel\train\6694.npy,angry,train
features_logmel\train\6695.npy,happy,train
features_logmel\train\6696.npy,happy,train
features_logmel\train\6697.npy,happy,train
features_logmel\train\6698.npy,happy,train
features_logmel\train\6699.npy,happy,train
features_logmel\train\6700.npy,happy,train
features_logmel\train\6701.npy,happy,train
features_logmel\train\6702.npy,neutral,train
features_logmel\train\6703.npy,sad,train
features_logmel\train\6704.npy,angry,train
features_logmel\train\6705.npy,neutral,train
features_logmel\train\6706.npy,sad,train
features_logmel\train\6707.npy,sad,train
features_logmel\train\6708.npy,angry,train
features_logmel\train\6709.npy,angry,train
features_logmel\train\6710.npy,happy,train
features_logmel\train\6711.npy,happy,train
features_logmel\train\6712.npy,happy,train
features_logmel\train\6713.npy,happy,train
features_logmel\train\6714.npy,sad,train
features_logmel\train\6715.npy,neutral,train
features_logmel\train\6716.npy,sad,train
features_logmel\train\6717.npy,angry,train
features_logmel\train\6718.npy,neutral,train
features_logmel\train\6719.npy,sad,train
features_logmel\train\6720.npy,sad,train
features_logmel\train\6721.npy,angry,train
features_logmel\train\6722.npy,happy,train
features_logmel\train\6723.npy,sad,train
features_logmel\train\6724.npy,neutral,train
features_logmel\train\6725.npy,happy,train
features_logmel\train\6726.npy,sad,train
features_logmel\train\6727.npy,neutral,train
features_logmel\train\6728.npy,happy,train
features_logmel\train\6729.npy,neutral,train
features_logmel\train\6730.npy,neutral,train
features_logmel\train\6731.npy,sad,train
features_logmel\train\6732.npy,sad,train
features_logmel\train\6733.npy,sad,train
features_logmel\train\6734.npy,neutral,train
features_logmel\train\6735.npy,sad,train
features_logmel\train\6736.npy,angry,train
features_logmel\train\6737.npy,sad,train
features_logmel\train\6738.npy,neutral,train
features_logmel\train\6739.npy,sad,train
features_logmel\train\6740.npy,neutral,train
features_logmel\train\6741.npy,neutral,train
features_logmel\train\6742.npy,happy,train
features_logmel\train\6743.npy,sad,train
features_logmel\train\6744.npy,neutral,train
features_logmel\train\6745.npy,sad,train
features_logmel\train\6746.npy,happy,train
features_logmel\train\6747.npy,sad,train
features_logmel\train\6748.npy,sad,train
features_logmel\train\6749.npy,angry,train
features_logmel\train\6750.npy,happy,train
features_logmel\train\6751.npy,neutral,train
features_logmel\train\6752.npy,sad,train
features_logmel\train\6753.npy,angry,train
features_logmel\train\6754.npy,angry,train
features_logmel\train\6755.npy,happy,train
features_logmel\train\6756.npy,neutral,train
features_logmel\train\6757.npy,angry,train
features_logmel\train\6758.npy,sad,train
features_logmel\train\6759.npy,neutral,train
features_logmel\train\6760.npy,neutral,train
features_logmel\train\6761.npy,sad,train
features_logmel\train\6762.npy,happy,train
features_logmel\train\6763.npy,happy,train
features_logmel\train\6764.npy,happy,train
features_logmel\train\6765.npy,sad,train
features_logmel\train\6766.npy,happy,train
features_logmel\train\6767.npy,happy,train
features_logmel\train\6768.npy,sad,train
features_logmel\train\6769.npy,angry,train
features_logmel\train\6770.npy,neutral,train
features_logmel\train\6771.npy,happy,train
features_logmel\train\6772.npy,neutral,train
features_logmel\train\6773.npy,happy,train
features_logmel\train\6774.npy,angry,train
features_logmel\train\6775.npy,angry,train
features_logmel\train\6776.npy,angry,train
features_logmel\train\6777.npy,neutral,train
features_logmel\train\6778.npy,angry,train
features_logmel\train\6779.npy,sad,train
features_logmel\train\6780.npy,neutral,train
features_logmel\train\6781.npy,neutral,train
features_logmel\train\6782.npy,angry,train
features_logmel\train\6783.npy,happy,train
features_logmel\train\6784.npy,happy,train
features_logmel\train\6785.npy,sad,train
features_logmel\train\6786.npy,angry,train
features_logmel\train\6787.npy,neutral,train
features_logmel\train\6788.npy,happy,train
features_logmel\train\6789.npy,sad,train
features_logmel\train\6790.npy,neutral,train
features_logmel\train\6791.npy,sad,train
features_logmel\train\6792.npy,neutral,train
features_logmel\train\6793.npy,neutral,train
features_logmel\train\6794.npy,happy,train
features_logmel\train\6795.npy,sad,train
features_logmel\train\6796.npy,angry,train
features_logmel\train\6797.npy,happy,train
features_logmel\train\6798.npy,happy,train
features_logmel\train\6799.npy,angry,train
features_logmel\train\6800.npy,happy,train
features_logmel\train\6801.npy,happy,train
features_logmel\train\6802.npy,happy,train
features_logmel\train\6803.npy,happy,train
features_logmel\train\6804.npy,neutral,train
features_logmel\train\6805.npy,neutral,train
features_logmel\train\6806.npy,neutral,train
features_logmel\train\6807.npy,happy,train
features_logmel\train\6808.npy,angry,train
features_logmel\train\6809.npy,happy,train
features_logmel\train\6810.npy,happy,train
features_logmel\train\6811.npy,angry,train
features_logmel\train\6812.npy,sad,train
features_logmel\train\6813.npy,angry,train
features_logmel\train\6814.npy,neutral,train
features_logmel\train\6815.npy,angry,train
features_logmel\train\6816.npy,neutral,train
features_logmel\train\6817.npy,angry,train
features_logmel\train\6818.npy,happy,train
features_logmel\train\6819.npy,happy,train
features_logmel\train\6820.npy,happy,train
features_logmel\train\6821.npy,happy,train
features_logmel\train\6822.npy,neutral,train
features_logmel\train\6823.npy,angry,train
features_logmel\train\6824.npy,neutral,train
features_logmel\train\6825.npy,angry,train
features_logmel\train\6826.npy,sad,train
features_logmel\train\6827.npy,neutral,train
features_logmel\train\6828.npy,sad,train
features_logmel\train\6829.npy,neutral,train
features_logmel\train\6830.npy,sad,train
features_logmel\train\6831.npy,angry,train
features_logmel\train\6832.npy,sad,train
features_logmel\train\6833.npy,neutral,train
features_logmel\train\6834.npy,angry,train
features_logmel\train\6835.npy,angry,train
features_logmel\train\6836.npy,angry,train
features_logmel\train\6837.npy,angry,train
features_logmel\train\6838.npy,neutral,train
features_logmel\train\6839.npy,neutral,train
features_logmel\train\6840.npy,happy,train
features_logmel\train\6841.npy,neutral,train
features_logmel\train\6842.npy,neutral,train
features_logmel\train\6843.npy,neutral,train
features_logmel\train\6844.npy,angry,train
features_logmel\train\6845.npy,sad,train
features_logmel\train\6846.npy,angry,train
features_logmel\train\6847.npy,neutral,train
features_logmel\train\6848.npy,angry,train
features_logmel\train\6849.npy,neutral,train
features_logmel\train\6850.npy,sad,train
features_logmel\train\6851.npy,sad,train
features_logmel\train\6852.npy,angry,train
features_logmel\train\6853.npy,sad,train
features_logmel\train\6854.npy,neutral,train
features_logmel\train\6855.npy,neutral,train
features_logmel\train\6856.npy,sad,train
features_logmel\train\6857.npy,neutral,train
features_logmel\train\6858.npy,angry,train
features_logmel\train\6859.npy,happy,train
features_logmel\train\6860.npy,angry,train
features_logmel\train\6861.npy,neutral,train
features_logmel\train\6862.npy,neutral,train
features_logmel\train\6863.npy,neutral,train
features_logmel\train\6864.npy,happy,train
features_logmel\train\6865.npy,neutral,train
features_logmel\train\6866.npy,angry,train
features_logmel\train\6867.npy,neutral,train
features_logmel\train\6868.npy,happy,train
features_logmel\train\6869.npy,sad,train
features_logmel\train\6870.npy,angry,train
features_logmel\train\6871.npy,happy,train
features_logmel\train\6872.npy,happy,train
features_logmel\train\6873.npy,angry,train
features_logmel\train\6874.npy,happy,train
features_logmel\train\6875.npy,angry,train
features_logmel\train\6876.npy,sad,train
features_logmel\train\6877.npy,neutral,train
features_logmel\train\6878.npy,happy,train
features_logmel\train\6879.npy,sad,train
features_logmel\train\6880.npy,neutral,train
features_logmel\train\6881.npy,happy,train
features_logmel\train\6882.npy,sad,train
features_logmel\train\6883.npy,neutral,train
features_logmel\train\6884.npy,happy,train
features_logmel\train\6885.npy,happy,train
features_logmel\train\6886.npy,happy,train
features_logmel\train\6887.npy,sad,train
features_logmel\train\6888.npy,sad,train
features_logmel\train\6889.npy,sad,train
features_logmel\train\6890.npy,sad,train
features_logmel\train\6891.npy,happy,train
features_logmel\train\6892.npy,sad,train
features_logmel\train\6893.npy,happy,train
features_logmel\train\6894.npy,neutral,train
features_logmel\train\6895.npy,sad,train
features_logmel\train\6896.npy,happy,train
features_logmel\train\6897.npy,neutral,train
features_logmel\train\6898.npy,sad,train
features_logmel\train\6899.npy,angry,train
features_logmel\train\6900.npy,neutral,train
features_logmel\train\6901.npy,happy,train
features_logmel\train\6902.npy,neutral,train
features_logmel\train\6903.npy,sad,train
features_logmel\train\6904.npy,happy,train
features_logmel\train\6905.npy,angry,train
features_logmel\train\6906.npy,happy,train
features_logmel\train\6907.npy,sad,train
features_logmel\train\6908.npy,happy,train
features_logmel\train\6909.npy,happy,train
features_logmel\train\6910.npy,neutral,train
features_logmel\train\6911.npy,sad,train
features_logmel\train\6912.npy,angry,train
features_logmel\train\6913.npy,neutral,train
features_logmel\train\6914.npy,sad,train
features_logmel\train\6915.npy,happy,train
features_logmel\train\6916.npy,angry,train
features_logmel\train\6917.npy,neutral,train
features_logmel\train\6918.npy,sad,train
features_logmel\train\6919.npy,happy,train
features_logmel\train\6920.npy,angry,train
features_logmel\train\6921.npy,happy,train
features_logmel\train\6922.npy,neutral,train
features_logmel\train\6923.npy,happy,train
features_logmel\train\6924.npy,happy,train
features_logmel\train\6925.npy,angry,train
features_logmel\train\6926.npy,neutral,train
features_logmel\train\6927.npy,happy,train
features_logmel\train\6928.npy,neutral,train
features_logmel\train\6929.npy,happy,train
features_logmel\train\6930.npy,angry,train
features_logmel\train\6931.npy,neutral,train
features_logmel\train\6932.npy,neutral,train
features_logmel\train\6933.npy,sad,train
features_logmel\train\6934.npy,neutral,train
features_logmel\train\6935.npy,happy,train
features_logmel\train\6936.npy,angry,train
features_logmel\train\6937.npy,neutral,train
features_logmel\train\6938.npy,sad,train
features_logmel\train\6939.npy,happy,train
features_logmel\train\6940.npy,angry,train
features_logmel\train\6941.npy,sad,train
features_logmel\train\6942.npy,happy,train
features_logmel\train\6943.npy,neutral,train
features_logmel\train\6944.npy,sad,train
features_logmel\train\6945.npy,neutral,train
features_logmel\train\6946.npy,sad,train
features_logmel\train\6947.npy,angry,train
features_logmel\train\6948.npy,neutral,train
features_logmel\train\6949.npy,neutral,train
features_logmel\train\6950.npy,neutral,train
features_logmel\train\6951.npy,neutral,train
features_logmel\train\6952.npy,neutral,train
features_logmel\train\6953.npy,neutral,train
features_logmel\train\6954.npy,sad,train
features_logmel\train\6955.npy,neutral,train
features_logmel\train\6956.npy,angry,train
features_logmel\train\6957.npy,neutral,train
features_logmel\train\6958.npy,neutral,train
features_logmel\train\6959.npy,neutral,train
features_logmel\train\6960.npy,happy,train
features_logmel\train\6961.npy,neutral,train
features_logmel\train\6962.npy,neutral,train
features_logmel\train\6963.npy,happy,train
features_logmel\train\6964.npy,sad,train
features_logmel\train\6965.npy,happy,train
features_logmel\train\6966.npy,neutral,train
features_logmel\train\6967.npy,angry,train
features_logmel\train\6968.npy,happy,train
features_logmel\train\6969.npy,neutral,train
features_logmel\train\6970.npy,happy,train
features_logmel\train\6971.npy,neutral,train
features_logmel\train\6972.npy,sad,train
features_logmel\train\6973.npy,neutral,train
features_logmel\train\6974.npy,sad,train
features_logmel\train\6975.npy,sad,train
features_logmel\train\6976.npy,neutral,train
features_logmel\train\6977.npy,sad,train
features_logmel\train\6978.npy,neutral,train
features_logmel\train\6979.npy,neutral,train
features_logmel\train\6980.npy,neutral,train
features_logmel\train\6981.npy,happy,train
features_logmel\train\6982.npy,happy,train
features_logmel\train\6983.npy,angry,train
features_logmel\train\6984.npy,sad,train
features_logmel\train\6985.npy,sad,train
features_logmel\train\6986.npy,angry,train
features_logmel\train\6987.npy,happy,train
features_logmel\train\6988.npy,angry,train
features_logmel\train\6989.npy,angry,train
features_logmel\train\6990.npy,sad,train
features_logmel\train\6991.npy,happy,train
features_logmel\train\6992.npy,angry,train
features_logmel\train\6993.npy,neutral,train
features_logmel\train\6994.npy,sad,train
features_logmel\train\6995.npy,angry,train
features_logmel\train\6996.npy,neutral,train
features_logmel\train\6997.npy,happy,train
features_logmel\train\6998.npy,happy,train
features_logmel\train\6999.npy,sad,train
features_logmel\train\7000.npy,sad,train
features_logmel\train\7001.npy,neutral,train
features_logmel\train\7002.npy,happy,train
features_logmel\train\7003.npy,neutral,train
features_logmel\train\7004.npy,angry,train
features_logmel\train\7005.npy,sad,train
features_logmel\train\7006.npy,neutral,train
features_logmel\train\7007.npy,sad,train
features_logmel\train\7008.npy,happy,train
features_logmel\train\7009.npy,sad,train
features_logmel\train\7010.npy,happy,train
features_logmel\train\7011.npy,neutral,train
features_logmel\train\7012.npy,happy,train
features_logmel\train\7013.npy,angry,train
features_logmel\train\7014.npy,angry,train
features_logmel\train\7015.npy,happy,train
features_logmel\train\7016.npy,angry,train
features_logmel\train\7017.npy,happy,train
features_logmel\train\7018.npy,angry,train
features_logmel\train\7019.npy,neutral,train
features_logmel\train\7020.npy,angry,train
features_logmel\train\7021.npy,neutral,train
features_logmel\train\7022.npy,happy,train
features_logmel\train\7023.npy,angry,train
features_logmel\train\7024.npy,angry,train
features_logmel\train\7025.npy,angry,train
features_logmel\train\7026.npy,neutral,train
features_logmel\train\7027.npy,angry,train
features_logmel\train\7028.npy,angry,train
features_logmel\train\7029.npy,angry,train
features_logmel\train\7030.npy,happy,train
features_logmel\train\7031.npy,sad,train
features_logmel\train\7032.npy,neutral,train
features_logmel\train\7033.npy,sad,train
features_logmel\train\7034.npy,sad,train
features_logmel\train\7035.npy,neutral,train
features_logmel\train\7036.npy,happy,train
features_logmel\train\7037.npy,happy,train
features_logmel\train\7038.npy,happy,train
features_logmel\train\7039.npy,angry,train
features_logmel\train\7040.npy,angry,train
features_logmel\train\7041.npy,happy,train
features_logmel\train\7042.npy,happy,train
features_logmel\train\7043.npy,neutral,train
features_logmel\train\7044.npy,happy,train
features_logmel\train\7045.npy,sad,train
features_logmel\train\7046.npy,angry,train
features_logmel\train\7047.npy,happy,train
features_logmel\train\7048.npy,happy,train
features_logmel\train\7049.npy,happy,train
features_logmel\train\7050.npy,angry,train
features_logmel\train\7051.npy,neutral,train
features_logmel\train\7052.npy,angry,train
features_logmel\train\7053.npy,angry,train
features_logmel\train\7054.npy,sad,train
features_logmel\train\7055.npy,neutral,train
features_logmel\train\7056.npy,angry,train
features_logmel\train\7057.npy,happy,train
features_logmel\train\7058.npy,happy,train
features_logmel\train\7059.npy,sad,train
features_logmel\train\7060.npy,neutral,train
features_logmel\train\7061.npy,neutral,train
features_logmel\train\7062.npy,sad,train
features_logmel\train\7063.npy,sad,train
features_logmel\train\7064.npy,angry,train
features_logmel\train\7065.npy,neutral,train
features_logmel\train\7066.npy,sad,train
features_logmel\train\7067.npy,angry,train
features_logmel\train\7068.npy,neutral,train
features_logmel\train\7069.npy,angry,train
features_logmel\train\7070.npy,neutral,train
features_logmel\train\7071.npy,sad,train
features_logmel\train\7072.npy,happy,train
features_logmel\train\7073.npy,happy,train
features_logmel\train\7074.npy,happy,train
features_logmel\train\7075.npy,neutral,train
features_logmel\train\7076.npy,happy,train
features_logmel\train\7077.npy,happy,train
features_logmel\train\7078.npy,sad,train
features_logmel\train\7079.npy,sad,train
features_logmel\train\7080.npy,neutral,train
features_logmel\train\7081.npy,angry,train
features_logmel\train\7082.npy,neutral,train
features_logmel\train\7083.npy,happy,train
features_logmel\train\7084.npy,happy,train
features_logmel\train\7085.npy,neutral,train
features_logmel\train\7086.npy,happy,train
features_logmel\train\7087.npy,happy,train
features_logmel\train\7088.npy,angry,train
features_logmel\train\7089.npy,angry,train
features_logmel\train\7090.npy,angry,train
features_logmel\train\7091.npy,happy,train
features_logmel\train\7092.npy,neutral,train
features_logmel\train\7093.npy,happy,train
features_logmel\train\7094.npy,sad,train
features_logmel\train\7095.npy,angry,train
features_logmel\train\7096.npy,happy,train
features_logmel\train\7097.npy,sad,train
features_logmel\train\7098.npy,happy,train
features_logmel\train\7099.npy,happy,train
features_logmel\train\7100.npy,angry,train
features_logmel\train\7101.npy,sad,train
features_logmel\train\7102.npy,happy,train
features_logmel\train\7103.npy,angry,train
features_logmel\train\7104.npy,neutral,train
features_logmel\train\7105.npy,neutral,train
features_logmel\train\7106.npy,neutral,train
features_logmel\train\7107.npy,sad,train
features_logmel\train\7108.npy,happy,train
features_logmel\train\7109.npy,happy,train
features_logmel\train\7110.npy,neutral,train
features_logmel\train\7111.npy,happy,train
features_logmel\train\7112.npy,sad,train
features_logmel\train\7113.npy,sad,train
features_logmel\train\7114.npy,neutral,train
features_logmel\train\7115.npy,happy,train
features_logmel\train\7116.npy,angry,train
features_logmel\train\7117.npy,sad,train
features_logmel\train\7118.npy,angry,train
features_logmel\train\7119.npy,angry,train
features_logmel\train\7120.npy,angry,train
features_logmel\train\7121.npy,happy,train
features_logmel\train\7122.npy,sad,train
features_logmel\train\7123.npy,angry,train
features_logmel\train\7124.npy,neutral,train
features_logmel\train\7125.npy,angry,train
features_logmel\train\7126.npy,neutral,train
features_logmel\train\7127.npy,neutral,train
features_logmel\train\7128.npy,happy,train
features_logmel\train\7129.npy,angry,train
features_logmel\train\7130.npy,sad,train
features_logmel\train\7131.npy,sad,train
features_logmel\train\7132.npy,happy,train
features_logmel\train\7133.npy,happy,train
features_logmel\train\7134.npy,angry,train
features_logmel\train\7135.npy,sad,train
features_logmel\train\7136.npy,sad,train
features_logmel\train\7137.npy,neutral,train
features_logmel\train\7138.npy,neutral,train
features_logmel\train\7139.npy,happy,train
features_logmel\train\7140.npy,happy,train
features_logmel\train\7141.npy,happy,train
features_logmel\train\7142.npy,sad,train
features_logmel\train\7143.npy,happy,train
features_logmel\train\7144.npy,sad,train
features_logmel\train\7145.npy,neutral,train
features_logmel\train\7146.npy,happy,train
features_logmel\train\7147.npy,happy,train
features_logmel\train\7148.npy,happy,train
features_logmel\train\7149.npy,angry,train
features_logmel\train\7150.npy,angry,train
features_logmel\train\7151.npy,angry,train
features_logmel\train\7152.npy,angry,train
features_logmel\train\7153.npy,sad,train
features_logmel\train\7154.npy,happy,train
features_logmel\train\7155.npy,happy,train
features_logmel\train\7156.npy,happy,train
features_logmel\train\7157.npy,happy,train
features_logmel\train\7158.npy,happy,train
features_logmel\train\7159.npy,neutral,train
features_logmel\train\7160.npy,neutral,train
features_logmel\train\7161.npy,happy,train
features_logmel\train\7162.npy,sad,train
features_logmel\train\7163.npy,angry,train
features_logmel\train\7164.npy,angry,train
features_logmel\train\7165.npy,sad,train
features_logmel\train\7166.npy,happy,train
features_logmel\train\7167.npy,neutral,train
features_logmel\train\7168.npy,neutral,train
features_logmel\train\7169.npy,angry,train
features_logmel\train\7170.npy,angry,train
features_logmel\train\7171.npy,neutral,train
features_logmel\train\7172.npy,neutral,train
features_logmel\train\7173.npy,neutral,train
features_logmel\train\7174.npy,angry,train
features_logmel\train\7175.npy,neutral,train
features_logmel\train\7176.npy,neutral,train
features_logmel\train\7177.npy,neutral,train
features_logmel\train\7178.npy,neutral,train
features_logmel\train\7179.npy,neutral,train
features_logmel\train\7180.npy,neutral,train
features_logmel\train\7181.npy,happy,train
features_logmel\train\7182.npy,angry,train
features_logmel\train\7183.npy,happy,train
features_logmel\train\7184.npy,angry,train
features_logmel\train\7185.npy,neutral,train
features_logmel\train\7186.npy,neutral,train
features_logmel\train\7187.npy,neutral,train
features_logmel\train\7188.npy,happy,train
features_logmel\train\7189.npy,neutral,train
features_logmel\train\7190.npy,happy,train
features_logmel\train\7191.npy,sad,train
features_logmel\train\7192.npy,happy,train
features_logmel\train\7193.npy,neutral,train
features_logmel\train\7194.npy,happy,train
features_logmel\train\7195.npy,neutral,train
features_logmel\train\7196.npy,neutral,train
features_logmel\train\7197.npy,happy,train
features_logmel\train\7198.npy,neutral,train
features_logmel\train\7199.npy,angry,train
features_logmel\train\7200.npy,sad,train
features_logmel\train\7201.npy,happy,train
features_logmel\train\7202.npy,happy,train
features_logmel\train\7203.npy,sad,train
features_logmel\train\7204.npy,neutral,train
features_logmel\train\7205.npy,sad,train
features_logmel\train\7206.npy,angry,train
features_logmel\train\7207.npy,happy,train
features_logmel\train\7208.npy,angry,train
features_logmel\train\7209.npy,angry,train
features_logmel\train\7210.npy,sad,train
features_logmel\train\7211.npy,neutral,train
features_logmel\train\7212.npy,angry,train
features_logmel\train\7213.npy,angry,train
features_logmel\train\7214.npy,angry,train
features_logmel\train\7215.npy,angry,train
features_logmel\train\7216.npy,sad,train
features_logmel\train\7217.npy,angry,train
features_logmel\train\7218.npy,sad,train
features_logmel\train\7219.npy,angry,train
features_logmel\train\7220.npy,angry,train
features_logmel\train\7221.npy,angry,train
features_logmel\train\7222.npy,neutral,train
features_logmel\train\7223.npy,happy,train
features_logmel\train\7224.npy,angry,train
features_logmel\train\7225.npy,happy,train
features_logmel\train\7226.npy,sad,train
features_logmel\train\7227.npy,sad,train
features_logmel\train\7228.npy,neutral,train
features_logmel\train\7229.npy,angry,train
features_logmel\train\7230.npy,neutral,train
features_logmel\train\7231.npy,happy,train
features_logmel\train\7232.npy,neutral,train
features_logmel\train\7233.npy,happy,train
features_logmel\train\7234.npy,neutral,train
features_logmel\train\7235.npy,neutral,train
features_logmel\train\7236.npy,neutral,train
features_logmel\train\7237.npy,sad,train
features_logmel\train\7238.npy,sad,train
features_logmel\train\7239.npy,neutral,train
features_logmel\train\7240.npy,happy,train
features_logmel\train\7241.npy,happy,train
features_logmel\train\7242.npy,angry,train
features_logmel\train\7243.npy,sad,train
features_logmel\train\7244.npy,happy,train
features_logmel\train\7245.npy,neutral,train
features_logmel\train\7246.npy,neutral,train
features_logmel\train\7247.npy,happy,train
features_logmel\train\7248.npy,neutral,train
features_logmel\train\7249.npy,angry,train
features_logmel\train\7250.npy,happy,train
features_logmel\train\7251.npy,sad,train
features_logmel\train\7252.npy,sad,train
features_logmel\train\7253.npy,angry,train
features_logmel\train\7254.npy,neutral,train
features_logmel\train\7255.npy,sad,train
features_logmel\train\7256.npy,neutral,train
features_logmel\train\7257.npy,sad,train
features_logmel\train\7258.npy,happy,train
features_logmel\train\7259.npy,angry,train
features_logmel\train\7260.npy,neutral,train
features_logmel\train\7261.npy,happy,train
features_logmel\train\7262.npy,neutral,train
features_logmel\train\7263.npy,neutral,train
features_logmel\train\7264.npy,angry,train
features_logmel\train\7265.npy,angry,train
features_logmel\train\7266.npy,happy,train
features_logmel\train\7267.npy,angry,train
features_logmel\train\7268.npy,angry,train
features_logmel\train\7269.npy,happy,train
features_logmel\train\7270.npy,happy,train
features_logmel\train\7271.npy,happy,train
features_logmel\train\7272.npy,neutral,train
features_logmel\train\7273.npy,happy,train
features_logmel\train\7274.npy,sad,train
features_logmel\train\7275.npy,sad,train
features_logmel\train\7276.npy,angry,train
features_logmel\train\7277.npy,angry,train
features_logmel\train\7278.npy,neutral,train
features_logmel\train\7279.npy,angry,train
features_logmel\train\7280.npy,happy,train
features_logmel\train\7281.npy,happy,train
features_logmel\train\7282.npy,neutral,train
features_logmel\train\7283.npy,angry,train
features_logmel\train\7284.npy,happy,train
features_logmel\train\7285.npy,neutral,train
features_logmel\train\7286.npy,angry,train
features_logmel\train\7287.npy,happy,train
features_logmel\train\7288.npy,happy,train
features_logmel\train\7289.npy,neutral,train
features_logmel\train\7290.npy,angry,train
features_logmel\train\7291.npy,angry,train
features_logmel\train\7292.npy,angry,train
features_logmel\train\7293.npy,angry,train
features_logmel\train\7294.npy,happy,train
features_logmel\train\7295.npy,angry,train
features_logmel\train\7296.npy,angry,train
features_logmel\train\7297.npy,neutral,train
features_logmel\train\7298.npy,neutral,train
features_logmel\train\7299.npy,happy,train
features_logmel\train\7300.npy,neutral,train
features_logmel\train\7301.npy,neutral,train
features_logmel\train\7302.npy,neutral,train
features_logmel\train\7303.npy,happy,train
features_logmel\train\7304.npy,sad,train
features_logmel\train\7305.npy,happy,train
features_logmel\train\7306.npy,angry,train
features_logmel\train\7307.npy,angry,train
features_logmel\train\7308.npy,neutral,train
features_logmel\train\7309.npy,angry,train
features_logmel\train\7310.npy,neutral,train
features_logmel\train\7311.npy,angry,train
features_logmel\train\7312.npy,neutral,train
features_logmel\train\7313.npy,sad,train
features_logmel\train\7314.npy,happy,train
features_logmel\train\7315.npy,angry,train
features_logmel\train\7316.npy,sad,train
features_logmel\train\7317.npy,happy,train
features_logmel\train\7318.npy,happy,train
features_logmel\train\7319.npy,neutral,train
features_logmel\train\7320.npy,neutral,train
features_logmel\train\7321.npy,sad,train
features_logmel\train\7322.npy,happy,train
features_logmel\train\7323.npy,angry,train
features_logmel\train\7324.npy,angry,train
features_logmel\train\7325.npy,happy,train
features_logmel\train\7326.npy,neutral,train
features_logmel\train\7327.npy,sad,train
features_logmel\train\7328.npy,neutral,train
features_logmel\train\7329.npy,angry,train
features_logmel\train\7330.npy,angry,train
features_logmel\train\7331.npy,sad,train
features_logmel\train\7332.npy,happy,train
features_logmel\train\7333.npy,happy,train
features_logmel\train\7334.npy,sad,train
features_logmel\train\7335.npy,neutral,train
features_logmel\train\7336.npy,sad,train
features_logmel\train\7337.npy,neutral,train
features_logmel\train\7338.npy,happy,train
features_logmel\train\7339.npy,sad,train
features_logmel\train\7340.npy,neutral,train
features_logmel\train\7341.npy,happy,train
features_logmel\train\7342.npy,sad,train
features_logmel\train\7343.npy,sad,train
features_logmel\train\7344.npy,neutral,train
features_logmel\train\7345.npy,sad,train
features_logmel\train\7346.npy,angry,train
features_logmel\train\7347.npy,happy,train
features_logmel\train\7348.npy,sad,train
features_logmel\train\7349.npy,happy,train
features_logmel\train\7350.npy,neutral,train
features_logmel\train\7351.npy,angry,train
features_logmel\train\7352.npy,happy,train
features_logmel\train\7353.npy,angry,train
features_logmel\train\7354.npy,happy,train
features_logmel\train\7355.npy,neutral,train
features_logmel\train\7356.npy,sad,train
features_logmel\train\7357.npy,angry,train
features_logmel\train\7358.npy,neutral,train
features_logmel\train\7359.npy,neutral,train
features_logmel\train\7360.npy,angry,train
features_logmel\train\7361.npy,happy,train
features_logmel\train\7362.npy,angry,train
features_logmel\train\7363.npy,happy,train
features_logmel\train\7364.npy,neutral,train
features_logmel\train\7365.npy,neutral,train
features_logmel\train\7366.npy,happy,train
features_logmel\train\7367.npy,neutral,train
features_logmel\train\7368.npy,angry,train
features_logmel\train\7369.npy,neutral,train
features_logmel\train\7370.npy,happy,train
features_logmel\train\7371.npy,sad,train
features_logmel\train\7372.npy,neutral,train
features_logmel\train\7373.npy,angry,train
features_logmel\train\7374.npy,sad,train
features_logmel\train\7375.npy,happy,train
features_logmel\train\7376.npy,neutral,train
features_logmel\train\7377.npy,happy,train
features_logmel\train\7378.npy,angry,train
features_logmel\train\7379.npy,angry,train
features_logmel\train\7380.npy,sad,train
features_logmel\train\7381.npy,angry,train
features_logmel\train\7382.npy,neutral,train
features_logmel\train\7383.npy,neutral,train
features_logmel\train\7384.npy,neutral,train
features_logmel\train\7385.npy,happy,train
features_logmel\train\7386.npy,sad,train
features_logmel\train\7387.npy,happy,train
features_logmel\train\7388.npy,sad,train
features_logmel\train\7389.npy,sad,train
features_logmel\train\7390.npy,neutral,train
features_logmel\train\7391.npy,happy,train
features_logmel\train\7392.npy,neutral,train
features_logmel\train\7393.npy,neutral,train
features_logmel\train\7394.npy,neutral,train
features_logmel\train\7395.npy,happy,train
features_logmel\train\7396.npy,sad,train
features_logmel\train\7397.npy,sad,train
features_logmel\train\7398.npy,angry,train
features_logmel\train\7399.npy,happy,train
features_logmel\train\7400.npy,angry,train
features_logmel\train\7401.npy,happy,train
features_logmel\train\7402.npy,happy,train
features_logmel\train\7403.npy,neutral,train
features_logmel\train\7404.npy,angry,train
features_logmel\train\7405.npy,angry,train
features_logmel\train\7406.npy,happy,train
features_logmel\train\7407.npy,sad,train
features_logmel\train\7408.npy,angry,train
features_logmel\train\7409.npy,sad,train
features_logmel\train\7410.npy,sad,train
features_logmel\train\7411.npy,neutral,train
features_logmel\train\7412.npy,happy,train
features_logmel\train\7413.npy,sad,train
features_logmel\train\7414.npy,sad,train
features_logmel\train\7415.npy,sad,train
features_logmel\train\7416.npy,neutral,train
features_logmel\train\7417.npy,neutral,train
features_logmel\train\7418.npy,neutral,train
features_logmel\train\7419.npy,sad,train
features_logmel\train\7420.npy,happy,train
features_logmel\train\7421.npy,neutral,train
features_logmel\train\7422.npy,sad,train
features_logmel\train\7423.npy,angry,train
features_logmel\train\7424.npy,sad,train
features_logmel\train\7425.npy,angry,train
features_logmel\train\7426.npy,sad,train
features_logmel\train\7427.npy,sad,train
features_logmel\train\7428.npy,happy,train
features_logmel\train\7429.npy,sad,train
features_logmel\train\7430.npy,happy,train
features_logmel\train\7431.npy,happy,train
features_logmel\train\7432.npy,neutral,train
features_logmel\train\7433.npy,happy,train
features_logmel\train\7434.npy,happy,train
features_logmel\train\7435.npy,happy,train
features_logmel\train\7436.npy,sad,train
features_logmel\train\7437.npy,angry,train
features_logmel\train\7438.npy,happy,train
features_logmel\train\7439.npy,sad,train
features_logmel\train\7440.npy,neutral,train
features_logmel\train\7441.npy,happy,train
features_logmel\train\7442.npy,neutral,train
features_logmel\train\7443.npy,happy,train
features_logmel\train\7444.npy,sad,train
features_logmel\train\7445.npy,neutral,train
features_logmel\train\7446.npy,happy,train
features_logmel\train\7447.npy,happy,train
features_logmel\train\7448.npy,happy,train
features_logmel\train\7449.npy,angry,train
features_logmel\train\7450.npy,neutral,train
features_logmel\train\7451.npy,neutral,train
features_logmel\train\7452.npy,sad,train
features_logmel\train\7453.npy,sad,train
features_logmel\train\7454.npy,sad,train
features_logmel\train\7455.npy,sad,train
features_logmel\train\7456.npy,sad,train
features_logmel\train\7457.npy,happy,train
features_logmel\train\7458.npy,neutral,train
features_logmel\train\7459.npy,angry,train
features_logmel\train\7460.npy,happy,train
features_logmel\train\7461.npy,sad,train
features_logmel\train\7462.npy,neutral,train
features_logmel\train\7463.npy,happy,train
features_logmel\train\7464.npy,angry,train
features_logmel\train\7465.npy,angry,train
features_logmel\train\7466.npy,happy,train
features_logmel\train\7467.npy,angry,train
features_logmel\train\7468.npy,neutral,train
features_logmel\train\7469.npy,angry,train
features_logmel\train\7470.npy,neutral,train
features_logmel\train\7471.npy,happy,train
features_logmel\train\7472.npy,happy,train
features_logmel\train\7473.npy,sad,train
features_logmel\train\7474.npy,angry,train
features_logmel\train\7475.npy,happy,train
features_logmel\train\7476.npy,happy,train
features_logmel\train\7477.npy,happy,train
features_logmel\train\7478.npy,angry,train
features_logmel\train\7479.npy,neutral,train
features_logmel\train\7480.npy,sad,train
features_logmel\train\7481.npy,angry,train
features_logmel\train\7482.npy,neutral,train
features_logmel\train\7483.npy,angry,train
features_logmel\train\7484.npy,sad,train
features_logmel\train\7485.npy,angry,train
features_logmel\train\7486.npy,angry,train
features_logmel\train\7487.npy,sad,train
features_logmel\train\7488.npy,neutral,train
features_logmel\train\7489.npy,happy,train
features_logmel\train\7490.npy,angry,train
features_logmel\train\7491.npy,angry,train
features_logmel\train\7492.npy,neutral,train
features_logmel\train\7493.npy,happy,train
features_logmel\train\7494.npy,happy,train
features_logmel\train\7495.npy,sad,train
features_logmel\train\7496.npy,angry,train
features_logmel\train\7497.npy,angry,train
features_logmel\train\7498.npy,angry,train
features_logmel\train\7499.npy,sad,train
features_logmel\train\7500.npy,angry,train
features_logmel\train\7501.npy,neutral,train
features_logmel\train\7502.npy,angry,train
features_logmel\train\7503.npy,neutral,train
features_logmel\train\7504.npy,happy,train
features_logmel\train\7505.npy,neutral,train
features_logmel\train\7506.npy,happy,train
features_logmel\train\7507.npy,sad,train
features_logmel\train\7508.npy,happy,train
features_logmel\train\7509.npy,happy,train
features_logmel\train\7510.npy,angry,train
features_logmel\train\7511.npy,sad,train
features_logmel\train\7512.npy,angry,train
features_logmel\train\7513.npy,neutral,train
features_logmel\train\7514.npy,sad,train
features_logmel\train\7515.npy,happy,train
features_logmel\train\7516.npy,happy,train
features_logmel\train\7517.npy,neutral,train
features_logmel\train\7518.npy,angry,train
features_logmel\train\7519.npy,sad,train
features_logmel\train\7520.npy,neutral,train
features_logmel\train\7521.npy,happy,train
features_logmel\train\7522.npy,angry,train
features_logmel\train\7523.npy,happy,train
features_logmel\train\7524.npy,angry,train
features_logmel\train\7525.npy,sad,train
features_logmel\train\7526.npy,neutral,train
features_logmel\train\7527.npy,sad,train
features_logmel\train\7528.npy,angry,train
features_logmel\train\7529.npy,happy,train
features_logmel\train\7530.npy,angry,train
features_logmel\train\7531.npy,angry,train
features_logmel\train\7532.npy,happy,train
features_logmel\train\7533.npy,neutral,train
features_logmel\train\7534.npy,happy,train
features_logmel\train\7535.npy,angry,train
features_logmel\train\7536.npy,happy,train
features_logmel\train\7537.npy,happy,train
features_logmel\train\7538.npy,angry,train
features_logmel\train\7539.npy,angry,train
features_logmel\train\7540.npy,neutral,train
features_logmel\train\7541.npy,sad,train
features_logmel\train\7542.npy,neutral,train
features_logmel\train\7543.npy,sad,train
features_logmel\train\7544.npy,neutral,train
features_logmel\train\7545.npy,angry,train
features_logmel\train\7546.npy,angry,train
features_logmel\train\7547.npy,sad,train
features_logmel\train\7548.npy,neutral,train
features_logmel\train\7549.npy,neutral,train
features_logmel\train\7550.npy,neutral,train
features_logmel\train\7551.npy,happy,train
features_logmel\train\7552.npy,angry,train
features_logmel\train\7553.npy,angry,train
features_logmel\train\7554.npy,neutral,train
features_logmel\train\7555.npy,sad,train
features_logmel\train\7556.npy,neutral,train
features_logmel\train\7557.npy,angry,train
features_logmel\train\7558.npy,happy,train
features_logmel\train\7559.npy,happy,train
features_logmel\train\7560.npy,angry,train
features_logmel\train\7561.npy,sad,train
features_logmel\train\7562.npy,neutral,train
features_logmel\train\7563.npy,angry,train
features_logmel\train\7564.npy,neutral,train
features_logmel\train\7565.npy,happy,train
features_logmel\train\7566.npy,angry,train
features_logmel\train\7567.npy,happy,train
features_logmel\train\7568.npy,happy,train
features_logmel\train\7569.npy,sad,train
features_logmel\train\7570.npy,angry,train
features_logmel\train\7571.npy,neutral,train
features_logmel\train\7572.npy,happy,train
features_logmel\train\7573.npy,neutral,train
features_logmel\train\7574.npy,angry,train
features_logmel\train\7575.npy,happy,train
features_logmel\train\7576.npy,angry,train
features_logmel\train\7577.npy,neutral,train
features_logmel\train\7578.npy,angry,train
features_logmel\train\7579.npy,happy,train
features_logmel\train\7580.npy,neutral,train
features_logmel\train\7581.npy,neutral,train
features_logmel\train\7582.npy,happy,train
features_logmel\train\7583.npy,happy,train
features_logmel\train\7584.npy,sad,train
features_logmel\train\7585.npy,angry,train
features_logmel\train\7586.npy,neutral,train
features_logmel\train\7587.npy,angry,train
features_logmel\train\7588.npy,happy,train
features_logmel\train\7589.npy,sad,train
features_logmel\train\7590.npy,angry,train
features_logmel\train\7591.npy,sad,train
features_logmel\train\7592.npy,neutral,train
features_logmel\train\7593.npy,sad,train
features_logmel\train\7594.npy,sad,train
features_logmel\train\7595.npy,sad,train
features_logmel\train\7596.npy,happy,train
features_logmel\train\7597.npy,happy,train
features_logmel\train\7598.npy,happy,train
features_logmel\train\7599.npy,angry,train
features_logmel\train\7600.npy,happy,train
features_logmel\train\7601.npy,neutral,train
features_logmel\train\7602.npy,sad,train
features_logmel\train\7603.npy,sad,train
features_logmel\train\7604.npy,angry,train
features_logmel\train\7605.npy,angry,train
features_logmel\train\7606.npy,angry,train
features_logmel\train\7607.npy,neutral,train
features_logmel\train\7608.npy,angry,train
features_logmel\train\7609.npy,sad,train
features_logmel\train\7610.npy,neutral,train
features_logmel\train\7611.npy,angry,train
features_logmel\train\7612.npy,neutral,train
features_logmel\train\7613.npy,sad,train
features_logmel\train\7614.npy,happy,train
features_logmel\train\7615.npy,happy,train
features_logmel\train\7616.npy,happy,train
features_logmel\train\7617.npy,happy,train
features_logmel\train\7618.npy,sad,train
features_logmel\train\7619.npy,sad,train
features_logmel\train\7620.npy,angry,train
features_logmel\train\7621.npy,neutral,train
features_logmel\train\7622.npy,sad,train
features_logmel\train\7623.npy,angry,train
features_logmel\train\7624.npy,neutral,train
features_logmel\train\7625.npy,neutral,train
features_logmel\train\7626.npy,happy,train
features_logmel\train\7627.npy,neutral,train
features_logmel\train\7628.npy,neutral,train
features_logmel\train\7629.npy,angry,train
features_logmel\train\7630.npy,sad,train
features_logmel\train\7631.npy,happy,train
features_logmel\train\7632.npy,sad,train
features_logmel\train\7633.npy,angry,train
features_logmel\train\7634.npy,happy,train
features_logmel\train\7635.npy,neutral,train
features_logmel\train\7636.npy,neutral,train
features_logmel\train\7637.npy,sad,train
features_logmel\train\7638.npy,angry,train
features_logmel\train\7639.npy,neutral,train
features_logmel\train\7640.npy,neutral,train
features_logmel\train\7641.npy,happy,train
features_logmel\train\7642.npy,neutral,train
features_logmel\train\7643.npy,neutral,train
features_logmel\train\7644.npy,angry,train
features_logmel\train\7645.npy,sad,train
features_logmel\train\7646.npy,neutral,train
features_logmel\train\7647.npy,neutral,train
features_logmel\train\7648.npy,angry,train
features_logmel\train\7649.npy,happy,train
features_logmel\train\7650.npy,neutral,train
features_logmel\train\7651.npy,happy,train
features_logmel\train\7652.npy,neutral,train
features_logmel\train\7653.npy,angry,train
features_logmel\train\7654.npy,sad,train
features_logmel\train\7655.npy,happy,train
features_logmel\train\7656.npy,angry,train
features_logmel\train\7657.npy,angry,train
features_logmel\train\7658.npy,angry,train
features_logmel\train\7659.npy,sad,train
features_logmel\train\7660.npy,sad,train
features_logmel\train\7661.npy,neutral,train
features_logmel\train\7662.npy,neutral,train
features_logmel\train\7663.npy,happy,train
features_logmel\train\7664.npy,angry,train
features_logmel\train\7665.npy,neutral,train
features_logmel\train\7666.npy,angry,train
features_logmel\train\7667.npy,happy,train
features_logmel\train\7668.npy,sad,train
features_logmel\train\7669.npy,happy,train
features_logmel\train\7670.npy,sad,train
features_logmel\train\7671.npy,angry,train
features_logmel\train\7672.npy,sad,train
features_logmel\train\7673.npy,neutral,train
features_logmel\train\7674.npy,sad,train
features_logmel\train\7675.npy,happy,train
features_logmel\train\7676.npy,happy,train
features_logmel\train\7677.npy,happy,train
features_logmel\train\7678.npy,neutral,train
features_logmel\train\7679.npy,angry,train
features_logmel\train\7680.npy,neutral,train
features_logmel\train\7681.npy,happy,train
features_logmel\train\7682.npy,sad,train
features_logmel\train\7683.npy,angry,train
features_logmel\train\7684.npy,angry,train
features_logmel\train\7685.npy,neutral,train
features_logmel\train\7686.npy,happy,train
features_logmel\train\7687.npy,neutral,train
features_logmel\train\7688.npy,sad,train
features_logmel\train\7689.npy,sad,train
features_logmel\train\7690.npy,angry,train
features_logmel\train\7691.npy,angry,train
features_logmel\train\7692.npy,neutral,train
features_logmel\train\7693.npy,neutral,train
features_logmel\train\7694.npy,angry,train
features_logmel\train\7695.npy,neutral,train
features_logmel\train\7696.npy,angry,train
features_logmel\train\7697.npy,neutral,train
features_logmel\train\7698.npy,neutral,train
features_logmel\train\7699.npy,neutral,train
features_logmel\train\7700.npy,sad,train
features_logmel\train\7701.npy,happy,train
features_logmel\train\7702.npy,angry,train
features_logmel\train\7703.npy,happy,train
features_logmel\train\7704.npy,happy,train
features_logmel\train\7705.npy,happy,train
features_logmel\train\7706.npy,neutral,train
features_logmel\train\7707.npy,happy,train
features_logmel\train\7708.npy,neutral,train
features_logmel\train\7709.npy,neutral,train
features_logmel\train\7710.npy,sad,train
features_logmel\train\7711.npy,happy,train
features_logmel\train\7712.npy,sad,train
features_logmel\train\7713.npy,happy,train
features_logmel\train\7714.npy,neutral,train
features_logmel\train\7715.npy,neutral,train
features_logmel\train\7716.npy,happy,train
features_logmel\train\7717.npy,neutral,train
features_logmel\train\7718.npy,happy,train
features_logmel\train\7719.npy,neutral,train
features_logmel\train\7720.npy,sad,train
features_logmel\train\7721.npy,happy,train
features_logmel\train\7722.npy,happy,train
features_logmel\train\7723.npy,sad,train
features_logmel\train\7724.npy,happy,train
features_logmel\train\7725.npy,neutral,train
features_logmel\train\7726.npy,sad,train
features_logmel\train\7727.npy,happy,train
features_logmel\train\7728.npy,sad,train
features_logmel\train\7729.npy,angry,train
features_logmel\train\7730.npy,neutral,train
features_logmel\train\7731.npy,sad,train
features_logmel\train\7732.npy,happy,train
features_logmel\train\7733.npy,happy,train
features_logmel\train\7734.npy,neutral,train
features_logmel\train\7735.npy,sad,train
features_logmel\train\7736.npy,neutral,train
features_logmel\train\7737.npy,sad,train
features_logmel\train\7738.npy,sad,train
features_logmel\train\7739.npy,angry,train
features_logmel\train\7740.npy,neutral,train
features_logmel\train\7741.npy,sad,train
features_logmel\train\7742.npy,happy,train
features_logmel\train\7743.npy,sad,train
features_logmel\train\7744.npy,angry,train
features_logmel\train\7745.npy,sad,train
features_logmel\train\7746.npy,neutral,train
features_logmel\train\7747.npy,happy,train
features_logmel\train\7748.npy,sad,train
features_logmel\train\7749.npy,happy,train
features_logmel\train\7750.npy,sad,train
features_logmel\train\7751.npy,sad,train
features_logmel\train\7752.npy,neutral,train
features_logmel\train\7753.npy,sad,train
features_logmel\train\7754.npy,sad,train
features_logmel\train\7755.npy,sad,train
features_logmel\train\7756.npy,happy,train
features_logmel\train\7757.npy,neutral,train
features_logmel\train\7758.npy,happy,train
features_logmel\train\7759.npy,angry,train
features_logmel\train\7760.npy,happy,train
features_logmel\train\7761.npy,neutral,train
features_logmel\train\7762.npy,angry,train
features_logmel\train\7763.npy,happy,train
features_logmel\train\7764.npy,neutral,train
features_logmel\train\7765.npy,neutral,train
features_logmel\train\7766.npy,angry,train
features_logmel\train\7767.npy,happy,train
features_logmel\train\7768.npy,sad,train
features_logmel\train\7769.npy,angry,train
features_logmel\train\7770.npy,sad,train
features_logmel\train\7771.npy,sad,train
features_logmel\train\7772.npy,angry,train
features_logmel\train\7773.npy,angry,train
features_logmel\train\7774.npy,sad,train
features_logmel\train\7775.npy,neutral,train
features_logmel\train\7776.npy,happy,train
features_logmel\train\7777.npy,sad,train
features_logmel\train\7778.npy,neutral,train
features_logmel\train\7779.npy,angry,train
features_logmel\train\7780.npy,angry,train
features_logmel\train\7781.npy,angry,train
features_logmel\train\7782.npy,neutral,train
features_logmel\train\7783.npy,sad,train
features_logmel\train\7784.npy,neutral,train
features_logmel\train\7785.npy,angry,train
features_logmel\train\7786.npy,neutral,train
features_logmel\train\7787.npy,angry,train
features_logmel\train\7788.npy,neutral,train
features_logmel\train\7789.npy,happy,train
features_logmel\train\7790.npy,sad,train
features_logmel\train\7791.npy,happy,train
features_logmel\train\7792.npy,neutral,train
features_logmel\train\7793.npy,angry,train
features_logmel\train\7794.npy,neutral,train
features_logmel\train\7795.npy,angry,train
features_logmel\train\7796.npy,angry,train
features_logmel\train\7797.npy,angry,train
features_logmel\train\7798.npy,happy,train
features_logmel\train\7799.npy,neutral,train
features_logmel\train\7800.npy,neutral,train
features_logmel\train\7801.npy,angry,train
features_logmel\train\7802.npy,sad,train
features_logmel\train\7803.npy,happy,train
features_logmel\train\7804.npy,happy,train
features_logmel\train\7805.npy,happy,train
features_logmel\train\7806.npy,angry,train
features_logmel\train\7807.npy,happy,train
features_logmel\train\7808.npy,angry,train
features_logmel\train\7809.npy,happy,train
features_logmel\train\7810.npy,neutral,train
features_logmel\train\7811.npy,happy,train
features_logmel\train\7812.npy,happy,train
features_logmel\train\7813.npy,neutral,train
features_logmel\train\7814.npy,sad,train
features_logmel\train\7815.npy,angry,train
features_logmel\train\7816.npy,sad,train
features_logmel\train\7817.npy,angry,train
features_logmel\train\7818.npy,happy,train
features_logmel\train\7819.npy,angry,train
features_logmel\train\7820.npy,sad,train
features_logmel\train\7821.npy,angry,train
features_logmel\train\7822.npy,angry,train
features_logmel\train\7823.npy,happy,train
features_logmel\train\7824.npy,sad,train
features_logmel\train\7825.npy,sad,train
features_logmel\train\7826.npy,sad,train
features_logmel\train\7827.npy,angry,train
features_logmel\train\7828.npy,angry,train
features_logmel\train\7829.npy,angry,train
features_logmel\train\7830.npy,angry,train
features_logmel\train\7831.npy,angry,train
features_logmel\train\7832.npy,happy,train
features_logmel\train\7833.npy,sad,train
features_logmel\train\7834.npy,sad,train
features_logmel\train\7835.npy,angry,train
features_logmel\train\7836.npy,neutral,train
features_logmel\train\7837.npy,neutral,train
features_logmel\train\7838.npy,angry,train
features_logmel\train\7839.npy,neutral,train
features_logmel\train\7840.npy,sad,train
features_logmel\train\7841.npy,sad,train
features_logmel\train\7842.npy,angry,train
features_logmel\train\7843.npy,happy,train
features_logmel\train\7844.npy,sad,train
features_logmel\train\7845.npy,neutral,train
features_logmel\train\7846.npy,angry,train
features_logmel\train\7847.npy,sad,train
features_logmel\train\7848.npy,angry,train
features_logmel\train\7849.npy,angry,train
features_logmel\train\7850.npy,angry,train
features_logmel\train\7851.npy,neutral,train
features_logmel\train\7852.npy,sad,train
features_logmel\train\7853.npy,happy,train
features_logmel\train\7854.npy,sad,train
features_logmel\train\7855.npy,happy,train
features_logmel\train\7856.npy,happy,train
features_logmel\train\7857.npy,neutral,train
features_logmel\train\7858.npy,happy,train
features_logmel\train\7859.npy,happy,train
features_logmel\train\7860.npy,sad,train
features_logmel\train\7861.npy,neutral,train
features_logmel\train\7862.npy,neutral,train
features_logmel\train\7863.npy,angry,train
features_logmel\train\7864.npy,happy,train
features_logmel\train\7865.npy,neutral,train
features_logmel\train\7866.npy,sad,train
features_logmel\train\7867.npy,happy,train
features_logmel\train\7868.npy,happy,train
features_logmel\train\7869.npy,neutral,train
features_logmel\train\7870.npy,neutral,train
features_logmel\train\7871.npy,happy,train
features_logmel\train\7872.npy,happy,train
features_logmel\train\7873.npy,angry,train
features_logmel\train\7874.npy,happy,train
features_logmel\train\7875.npy,angry,train
features_logmel\train\7876.npy,happy,train
features_logmel\train\7877.npy,angry,train
features_logmel\train\7878.npy,sad,train
features_logmel\train\7879.npy,angry,train
features_logmel\train\7880.npy,neutral,train
features_logmel\train\7881.npy,happy,train
features_logmel\train\7882.npy,happy,train
features_logmel\train\7883.npy,angry,train
features_logmel\train\7884.npy,sad,train
features_logmel\train\7885.npy,angry,train
features_logmel\train\7886.npy,sad,train
features_logmel\train\7887.npy,angry,train
features_logmel\train\7888.npy,sad,train
features_logmel\train\7889.npy,happy,train
features_logmel\train\7890.npy,neutral,train
features_logmel\train\7891.npy,neutral,train
features_logmel\train\7892.npy,angry,train
features_logmel\train\7893.npy,happy,train
features_logmel\train\7894.npy,sad,train
features_logmel\train\7895.npy,happy,train
features_logmel\train\7896.npy,angry,train
features_logmel\train\7897.npy,happy,train
features_logmel\train\7898.npy,neutral,train
features_logmel\train\7899.npy,happy,train
features_logmel\train\7900.npy,happy,train
features_logmel\train\7901.npy,angry,train
features_logmel\train\7902.npy,neutral,train
features_logmel\train\7903.npy,sad,train
features_logmel\train\7904.npy,angry,train
features_logmel\train\7905.npy,sad,train
features_logmel\train\7906.npy,angry,train
features_logmel\train\7907.npy,neutral,train
features_logmel\train\7908.npy,angry,train
features_logmel\train\7909.npy,sad,train
features_logmel\train\7910.npy,angry,train
features_logmel\train\7911.npy,sad,train
features_logmel\train\7912.npy,neutral,train
features_logmel\train\7913.npy,sad,train
features_logmel\train\7914.npy,happy,train
features_logmel\train\7915.npy,happy,train
features_logmel\train\7916.npy,neutral,train
features_logmel\train\7917.npy,neutral,train
features_logmel\train\7918.npy,neutral,train
features_logmel\train\7919.npy,angry,train
features_logmel\train\7920.npy,angry,train
features_logmel\train\7921.npy,happy,train
features_logmel\train\7922.npy,happy,train
features_logmel\train\7923.npy,happy,train
features_logmel\train\7924.npy,sad,train
features_logmel\train\7925.npy,happy,train
features_logmel\train\7926.npy,sad,train
features_logmel\train\7927.npy,sad,train
features_logmel\train\7928.npy,happy,train
features_logmel\train\7929.npy,angry,train
features_logmel\train\7930.npy,happy,train
features_logmel\train\7931.npy,neutral,train
features_logmel\train\7932.npy,angry,train
features_logmel\train\7933.npy,neutral,train
features_logmel\train\7934.npy,neutral,train
features_logmel\train\7935.npy,angry,train
features_logmel\train\7936.npy,happy,train
features_logmel\train\7937.npy,sad,train
features_logmel\train\7938.npy,angry,train
features_logmel\train\7939.npy,happy,train
features_logmel\train\7940.npy,sad,train
features_logmel\train\7941.npy,happy,train
features_logmel\train\7942.npy,happy,train
features_logmel\train\7943.npy,happy,train
features_logmel\train\7944.npy,neutral,train
features_logmel\train\7945.npy,happy,train
features_logmel\train\7946.npy,neutral,train
features_logmel\train\7947.npy,neutral,train
features_logmel\train\7948.npy,happy,train
features_logmel\train\7949.npy,neutral,train
features_logmel\train\7950.npy,happy,train
features_logmel\train\7951.npy,angry,train
features_logmel\train\7952.npy,sad,train
features_logmel\train\7953.npy,angry,train
features_logmel\train\7954.npy,sad,train
features_logmel\train\7955.npy,angry,train
features_logmel\train\7956.npy,neutral,train
features_logmel\train\7957.npy,happy,train
features_logmel\train\7958.npy,angry,train
features_logmel\train\7959.npy,angry,train
features_logmel\train\7960.npy,happy,train
features_logmel\train\7961.npy,happy,train
features_logmel\train\7962.npy,neutral,train
features_logmel\train\7963.npy,angry,train
features_logmel\train\7964.npy,angry,train
features_logmel\train\7965.npy,sad,train
features_logmel\train\7966.npy,neutral,train
features_logmel\train\7967.npy,neutral,train
features_logmel\train\7968.npy,angry,train
features_logmel\train\7969.npy,neutral,train
features_logmel\train\7970.npy,sad,train
features_logmel\train\7971.npy,neutral,train
features_logmel\train\7972.npy,angry,train
features_logmel\train\7973.npy,sad,train
features_logmel\train\7974.npy,sad,train
features_logmel\train\7975.npy,neutral,train
features_logmel\train\7976.npy,sad,train
features_logmel\train\7977.npy,sad,train
features_logmel\train\7978.npy,neutral,train
features_logmel\train\7979.npy,neutral,train
features_logmel\train\7980.npy,happy,train
features_logmel\train\7981.npy,happy,train
features_logmel\train\7982.npy,angry,train
features_logmel\train\7983.npy,neutral,train
features_logmel\train\7984.npy,neutral,train
features_logmel\train\7985.npy,happy,train
features_logmel\train\7986.npy,angry,train
features_logmel\train\7987.npy,sad,train
features_logmel\train\7988.npy,happy,train
features_logmel\train\7989.npy,happy,train
features_logmel\train\7990.npy,neutral,train
features_logmel\train\7991.npy,happy,train
features_logmel\train\7992.npy,angry,train
features_logmel\train\7993.npy,sad,train
features_logmel\train\7994.npy,neutral,train
features_logmel\train\7995.npy,neutral,train
features_logmel\train\7996.npy,happy,train
features_logmel\train\7997.npy,happy,train
features_logmel\train\7998.npy,sad,train
features_logmel\train\7999.npy,angry,train
features_logmel\train\8000.npy,sad,train
features_logmel\train\8001.npy,angry,train
features_logmel\train\8002.npy,sad,train
features_logmel\train\8003.npy,neutral,train
features_logmel\train\8004.npy,neutral,train
features_logmel\train\8005.npy,neutral,train
features_logmel\train\8006.npy,angry,train
features_logmel\train\8007.npy,happy,train
features_logmel\train\8008.npy,angry,train
features_logmel\train\8009.npy,angry,train
features_logmel\train\8010.npy,sad,train
features_logmel\train\8011.npy,sad,train
features_logmel\train\8012.npy,neutral,train
features_logmel\train\8013.npy,neutral,train
features_logmel\train\8014.npy,neutral,train
features_logmel\train\8015.npy,angry,train
features_logmel\train\8016.npy,happy,train
features_logmel\train\8017.npy,happy,train
features_logmel\train\8018.npy,angry,train
features_logmel\train\8019.npy,angry,train
features_logmel\train\8020.npy,angry,train
features_logmel\train\8021.npy,sad,train
features_logmel\train\8022.npy,neutral,train
features_logmel\train\8023.npy,happy,train
features_logmel\train\8024.npy,happy,train
features_logmel\train\8025.npy,sad,train
features_logmel\train\8026.npy,sad,train
features_logmel\train\8027.npy,sad,train
features_logmel\train\8028.npy,neutral,train
features_logmel\train\8029.npy,neutral,train
features_logmel\train\8030.npy,sad,train
features_logmel\train\8031.npy,sad,train
features_logmel\train\8032.npy,happy,train
features_logmel\train\8033.npy,happy,train
features_logmel\train\8034.npy,happy,train
features_logmel\train\8035.npy,sad,train
features_logmel\train\8036.npy,neutral,train
features_logmel\train\8037.npy,sad,train
features_logmel\train\8038.npy,sad,train
features_logmel\train\8039.npy,angry,train
features_logmel\train\8040.npy,sad,train
features_logmel\train\8041.npy,happy,train
features_logmel\train\8042.npy,happy,train
features_logmel\train\8043.npy,sad,train
features_logmel\train\8044.npy,sad,train
features_logmel\train\8045.npy,happy,train
features_logmel\train\8046.npy,angry,train
features_logmel\train\8047.npy,happy,train
features_logmel\train\8048.npy,happy,train
features_logmel\train\8049.npy,sad,train
features_logmel\train\8050.npy,happy,train
features_logmel\train\8051.npy,happy,train
features_logmel\train\8052.npy,happy,train
features_logmel\train\8053.npy,angry,train
features_logmel\train\8054.npy,neutral,train
features_logmel\train\8055.npy,angry,train
features_logmel\train\8056.npy,happy,train
features_logmel\train\8057.npy,happy,train
features_logmel\train\8058.npy,happy,train
features_logmel\train\8059.npy,neutral,train
features_logmel\train\8060.npy,neutral,train
features_logmel\train\8061.npy,neutral,train
features_logmel\train\8062.npy,happy,train
features_logmel\train\8063.npy,neutral,train
features_logmel\train\8064.npy,neutral,train
features_logmel\train\8065.npy,angry,train
features_logmel\train\8066.npy,sad,train
features_logmel\train\8067.npy,angry,train
features_logmel\train\8068.npy,sad,train
features_logmel\train\8069.npy,neutral,train
features_logmel\train\8070.npy,happy,train
features_logmel\train\8071.npy,angry,train
features_logmel\train\8072.npy,neutral,train
features_logmel\train\8073.npy,neutral,train
features_logmel\train\8074.npy,angry,train
features_logmel\train\8075.npy,neutral,train
features_logmel\train\8076.npy,sad,train
features_logmel\train\8077.npy,sad,train
features_logmel\train\8078.npy,happy,train
features_logmel\train\8079.npy,neutral,train
features_logmel\train\8080.npy,happy,train
features_logmel\train\8081.npy,angry,train
features_logmel\train\8082.npy,neutral,train
features_logmel\train\8083.npy,happy,train
features_logmel\train\8084.npy,happy,train
features_logmel\train\8085.npy,neutral,train
features_logmel\train\8086.npy,sad,train
features_logmel\train\8087.npy,happy,train
features_logmel\train\8088.npy,sad,train
features_logmel\train\8089.npy,sad,train
features_logmel\train\8090.npy,happy,train
features_logmel\train\8091.npy,sad,train
features_logmel\train\8092.npy,angry,train
features_logmel\train\8093.npy,angry,train
features_logmel\train\8094.npy,neutral,train
features_logmel\train\8095.npy,sad,train
features_logmel\train\8096.npy,sad,train
features_logmel\train\8097.npy,angry,train
features_logmel\train\8098.npy,happy,train
features_logmel\train\8099.npy,neutral,train
features_logmel\train\8100.npy,sad,train
features_logmel\train\8101.npy,neutral,train
features_logmel\train\8102.npy,happy,train
features_logmel\train\8103.npy,sad,train
features_logmel\train\8104.npy,sad,train
features_logmel\train\8105.npy,sad,train
features_logmel\train\8106.npy,sad,train
features_logmel\train\8107.npy,happy,train
features_logmel\train\8108.npy,neutral,train
features_logmel\train\8109.npy,sad,train
features_logmel\train\8110.npy,sad,train
features_logmel\train\8111.npy,angry,train
features_logmel\train\8112.npy,sad,train
features_logmel\train\8113.npy,sad,train
features_logmel\train\8114.npy,happy,train
features_logmel\train\8115.npy,sad,train
features_logmel\train\8116.npy,angry,train
features_logmel\train\8117.npy,sad,train
features_logmel\train\8118.npy,happy,train
features_logmel\train\8119.npy,neutral,train
features_logmel\train\8120.npy,happy,train
features_logmel\train\8121.npy,angry,train
features_logmel\train\8122.npy,neutral,train
features_logmel\train\8123.npy,happy,train
features_logmel\train\8124.npy,angry,train
features_logmel\train\8125.npy,angry,train
features_logmel\train\8126.npy,sad,train
features_logmel\train\8127.npy,neutral,train
features_logmel\train\8128.npy,sad,train
features_logmel\train\8129.npy,neutral,train
features_logmel\train\8130.npy,angry,train
features_logmel\train\8131.npy,neutral,train
features_logmel\train\8132.npy,sad,train
features_logmel\train\8133.npy,sad,train
features_logmel\train\8134.npy,neutral,train
features_logmel\train\8135.npy,neutral,train
features_logmel\train\8136.npy,sad,train
features_logmel\train\8137.npy,sad,train
features_logmel\train\8138.npy,neutral,train
features_logmel\train\8139.npy,happy,train
features_logmel\train\8140.npy,sad,train
features_logmel\train\8141.npy,sad,train
features_logmel\train\8142.npy,neutral,train
features_logmel\train\8143.npy,angry,train
features_logmel\train\8144.npy,angry,train
features_logmel\train\8145.npy,sad,train
features_logmel\train\8146.npy,sad,train
features_logmel\train\8147.npy,happy,train
features_logmel\train\8148.npy,sad,train
features_logmel\train\8149.npy,happy,train
features_logmel\train\8150.npy,happy,train
features_logmel\train\8151.npy,sad,train
features_logmel\train\8152.npy,angry,train
features_logmel\train\8153.npy,neutral,train
features_logmel\train\8154.npy,happy,train
features_logmel\train\8155.npy,sad,train
features_logmel\train\8156.npy,neutral,train
features_logmel\train\8157.npy,happy,train
features_logmel\train\8158.npy,angry,train
features_logmel\train\8159.npy,neutral,train
features_logmel\train\8160.npy,neutral,train
features_logmel\train\8161.npy,happy,train
features_logmel\train\8162.npy,neutral,train
features_logmel\train\8163.npy,angry,train
features_logmel\train\8164.npy,neutral,train
features_logmel\train\8165.npy,neutral,train
features_logmel\train\8166.npy,happy,train
features_logmel\train\8167.npy,sad,train
features_logmel\train\8168.npy,sad,train
features_logmel\train\8169.npy,neutral,train
features_logmel\train\8170.npy,neutral,train
features_logmel\train\8171.npy,happy,train
features_logmel\train\8172.npy,angry,train
features_logmel\train\8173.npy,angry,train
features_logmel\train\8174.npy,happy,train
features_logmel\train\8175.npy,neutral,train
features_logmel\train\8176.npy,angry,train
features_logmel\train\8177.npy,happy,train
features_logmel\train\8178.npy,neutral,train
features_logmel\train\8179.npy,neutral,train
features_logmel\train\8180.npy,sad,train
features_logmel\train\8181.npy,sad,train
features_logmel\train\8182.npy,neutral,train
features_logmel\train\8183.npy,angry,train
features_logmel\train\8184.npy,neutral,train
features_logmel\train\8185.npy,sad,train
features_logmel\train\8186.npy,angry,train
features_logmel\train\8187.npy,neutral,train
features_logmel\train\8188.npy,sad,train
features_logmel\train\8189.npy,happy,train
features_logmel\train\8190.npy,angry,train
features_logmel\train\8191.npy,happy,train
features_logmel\train\8192.npy,happy,train
features_logmel\train\8193.npy,angry,train
features_logmel\train\8194.npy,angry,train
features_logmel\train\8195.npy,happy,train
features_logmel\train\8196.npy,happy,train
features_logmel\train\8197.npy,neutral,train
features_logmel\train\8198.npy,angry,train
features_logmel\train\8199.npy,happy,train
features_logmel\train\8200.npy,happy,train
features_logmel\train\8201.npy,neutral,train
features_logmel\train\8202.npy,angry,train
features_logmel\train\8203.npy,happy,train
features_logmel\train\8204.npy,neutral,train
features_logmel\train\8205.npy,happy,train
features_logmel\train\8206.npy,angry,train
features_logmel\train\8207.npy,happy,train
features_logmel\train\8208.npy,angry,train
features_logmel\train\8209.npy,sad,train
features_logmel\train\8210.npy,happy,train
features_logmel\train\8211.npy,angry,train
features_logmel\train\8212.npy,neutral,train
features_logmel\train\8213.npy,sad,train
features_logmel\train\8214.npy,happy,train
features_logmel\train\8215.npy,neutral,train
features_logmel\train\8216.npy,angry,train
features_logmel\train\8217.npy,angry,train
features_logmel\train\8218.npy,angry,train
features_logmel\train\8219.npy,angry,train
features_logmel\train\8220.npy,neutral,train
features_logmel\train\8221.npy,sad,train
features_logmel\train\8222.npy,neutral,train
features_logmel\train\8223.npy,happy,train
features_logmel\train\8224.npy,neutral,train
features_logmel\train\8225.npy,angry,train
features_logmel\train\8226.npy,angry,train
features_logmel\train\8227.npy,sad,train
features_logmel\train\8228.npy,happy,train
features_logmel\train\8229.npy,happy,train
features_logmel\train\8230.npy,neutral,train
features_logmel\train\8231.npy,sad,train
features_logmel\train\8232.npy,happy,train
features_logmel\train\8233.npy,angry,train
features_logmel\train\8234.npy,neutral,train
features_logmel\train\8235.npy,happy,train
features_logmel\train\8236.npy,neutral,train
features_logmel\train\8237.npy,neutral,train
features_logmel\train\8238.npy,sad,train
features_logmel\train\8239.npy,neutral,train
features_logmel\train\8240.npy,angry,train
features_logmel\train\8241.npy,neutral,train
features_logmel\train\8242.npy,sad,train
features_logmel\train\8243.npy,neutral,train
features_logmel\train\8244.npy,neutral,train
features_logmel\train\8245.npy,neutral,train
features_logmel\train\8246.npy,angry,train
features_logmel\train\8247.npy,neutral,train
features_logmel\train\8248.npy,sad,train
features_logmel\train\8249.npy,angry,train
features_logmel\train\8250.npy,happy,train
features_logmel\train\8251.npy,sad,train
features_logmel\train\8252.npy,neutral,train
features_logmel\train\8253.npy,sad,train
features_logmel\train\8254.npy,neutral,train
features_logmel\train\8255.npy,sad,train
features_logmel\train\8256.npy,sad,train
features_logmel\train\8257.npy,angry,train
features_logmel\train\8258.npy,sad,train
features_logmel\train\8259.npy,angry,train
features_logmel\train\8260.npy,happy,train
features_logmel\train\8261.npy,happy,train
features_logmel\train\8262.npy,neutral,train
features_logmel\train\8263.npy,happy,train
features_logmel\train\8264.npy,happy,train
features_logmel\train\8265.npy,happy,train
features_logmel\train\8266.npy,neutral,train
features_logmel\train\8267.npy,angry,train
features_logmel\train\8268.npy,angry,train
features_logmel\train\8269.npy,neutral,train
features_logmel\train\8270.npy,angry,train
features_logmel\train\8271.npy,neutral,train
features_logmel\train\8272.npy,happy,train
features_logmel\train\8273.npy,sad,train
features_logmel\train\8274.npy,angry,train
features_logmel\train\8275.npy,happy,train
features_logmel\train\8276.npy,neutral,train
features_logmel\train\8277.npy,happy,train
features_logmel\train\8278.npy,neutral,train
features_logmel\train\8279.npy,neutral,train
features_logmel\train\8280.npy,neutral,train
features_logmel\train\8281.npy,angry,train
features_logmel\train\8282.npy,sad,train
features_logmel\train\8283.npy,neutral,train
features_logmel\train\8284.npy,happy,train
features_logmel\train\8285.npy,sad,train
features_logmel\train\8286.npy,happy,train
features_logmel\train\8287.npy,neutral,train
features_logmel\train\8288.npy,neutral,train
features_logmel\train\8289.npy,neutral,train
features_logmel\train\8290.npy,happy,train
features_logmel\train\8291.npy,angry,train
features_logmel\train\8292.npy,sad,train
features_logmel\train\8293.npy,neutral,train
features_logmel\train\8294.npy,happy,train
features_logmel\train\8295.npy,sad,train
features_logmel\train\8296.npy,sad,train
features_logmel\train\8297.npy,happy,train
features_logmel\train\8298.npy,neutral,train
features_logmel\train\8299.npy,angry,train
features_logmel\train\8300.npy,angry,train
features_logmel\train\8301.npy,angry,train
features_logmel\train\8302.npy,happy,train
features_logmel\train\8303.npy,neutral,train
features_logmel\train\8304.npy,happy,train
features_logmel\train\8305.npy,angry,train
features_logmel\train\8306.npy,happy,train
features_logmel\train\8307.npy,sad,train
features_logmel\train\8308.npy,happy,train
features_logmel\train\8309.npy,angry,train
features_logmel\train\8310.npy,happy,train
features_logmel\train\8311.npy,angry,train
features_logmel\train\8312.npy,angry,train
features_logmel\train\8313.npy,sad,train
features_logmel\train\8314.npy,angry,train
features_logmel\train\8315.npy,neutral,train
features_logmel\train\8316.npy,neutral,train
features_logmel\train\8317.npy,neutral,train
features_logmel\train\8318.npy,happy,train
features_logmel\train\8319.npy,sad,train
features_logmel\train\8320.npy,happy,train
features_logmel\train\8321.npy,neutral,train
features_logmel\train\8322.npy,neutral,train
features_logmel\train\8323.npy,angry,train
features_logmel\train\8324.npy,sad,train
features_logmel\train\8325.npy,angry,train
features_logmel\train\8326.npy,happy,train
features_logmel\train\8327.npy,angry,train
features_logmel\train\8328.npy,angry,train
features_logmel\train\8329.npy,angry,train
features_logmel\train\8330.npy,angry,train
features_logmel\train\8331.npy,sad,train
features_logmel\train\8332.npy,neutral,train
features_logmel\train\8333.npy,happy,train
features_logmel\train\8334.npy,neutral,train
features_logmel\train\8335.npy,angry,train
features_logmel\train\8336.npy,happy,train
features_logmel\train\8337.npy,happy,train
features_logmel\train\8338.npy,neutral,train
features_logmel\train\8339.npy,sad,train
features_logmel\train\8340.npy,happy,train
features_logmel\train\8341.npy,neutral,train
features_logmel\train\8342.npy,happy,train
features_logmel\train\8343.npy,neutral,train
features_logmel\train\8344.npy,happy,train
features_logmel\train\8345.npy,sad,train
features_logmel\train\8346.npy,angry,train
features_logmel\train\8347.npy,angry,train
features_logmel\train\8348.npy,happy,train
features_logmel\train\8349.npy,neutral,train
features_logmel\train\8350.npy,happy,train
features_logmel\train\8351.npy,happy,train
features_logmel\train\8352.npy,angry,train
features_logmel\train\8353.npy,neutral,train
features_logmel\train\8354.npy,happy,train
features_logmel\train\8355.npy,neutral,train
features_logmel\train\8356.npy,sad,train
features_logmel\train\8357.npy,neutral,train
features_logmel\train\8358.npy,angry,train
features_logmel\train\8359.npy,sad,train
features_logmel\train\8360.npy,happy,train
features_logmel\train\8361.npy,sad,train
features_logmel\train\8362.npy,happy,train
features_logmel\train\8363.npy,neutral,train
features_logmel\train\8364.npy,happy,train
features_logmel\train\8365.npy,angry,train
features_logmel\train\8366.npy,angry,train
features_logmel\train\8367.npy,happy,train
features_logmel\train\8368.npy,angry,train
features_logmel\train\8369.npy,angry,train
features_logmel\train\8370.npy,sad,train
features_logmel\train\8371.npy,angry,train
features_logmel\train\8372.npy,angry,train
features_logmel\train\8373.npy,happy,train
features_logmel\train\8374.npy,sad,train
features_logmel\train\8375.npy,neutral,train
features_logmel\train\8376.npy,neutral,train
features_logmel\train\8377.npy,angry,train
features_logmel\train\8378.npy,angry,train
features_logmel\train\8379.npy,happy,train
features_logmel\train\8380.npy,sad,train
features_logmel\train\8381.npy,sad,train
features_logmel\train\8382.npy,neutral,train
features_logmel\train\8383.npy,angry,train
features_logmel\train\8384.npy,neutral,train
features_logmel\train\8385.npy,happy,train
features_logmel\train\8386.npy,angry,train
features_logmel\train\8387.npy,sad,train
features_logmel\train\8388.npy,angry,train
features_logmel\train\8389.npy,sad,train
features_logmel\train\8390.npy,angry,train
features_logmel\train\8391.npy,neutral,train
features_logmel\train\8392.npy,happy,train
features_logmel\train\8393.npy,angry,train
features_logmel\train\8394.npy,angry,train
features_logmel\train\8395.npy,angry,train
features_logmel\train\8396.npy,angry,train
features_logmel\train\8397.npy,sad,train
features_logmel\train\8398.npy,angry,train
features_logmel\train\8399.npy,sad,train
features_logmel\train\8400.npy,sad,train
features_logmel\train\8401.npy,neutral,train
features_logmel\train\8402.npy,sad,train
features_logmel\train\8403.npy,happy,train
features_logmel\train\8404.npy,neutral,train
features_logmel\train\8405.npy,angry,train
features_logmel\train\8406.npy,neutral,train
features_logmel\train\8407.npy,neutral,train
features_logmel\train\8408.npy,neutral,train
features_logmel\train\8409.npy,happy,train
features_logmel\train\8410.npy,sad,train
features_logmel\train\8411.npy,neutral,train
features_logmel\train\8412.npy,sad,train
features_logmel\train\8413.npy,angry,train
features_logmel\train\8414.npy,angry,train
features_logmel\train\8415.npy,sad,train
features_logmel\train\8416.npy,happy,train
features_logmel\train\8417.npy,sad,train
features_logmel\train\8418.npy,sad,train
features_logmel\train\8419.npy,happy,train
features_logmel\train\8420.npy,neutral,train
features_logmel\train\8421.npy,angry,train
features_logmel\train\8422.npy,sad,train
features_logmel\train\8423.npy,happy,train
features_logmel\train\8424.npy,sad,train
features_logmel\train\8425.npy,neutral,train
features_logmel\train\8426.npy,neutral,train
features_logmel\train\8427.npy,happy,train
features_logmel\train\8428.npy,sad,train
features_logmel\train\8429.npy,sad,train
features_logmel\train\8430.npy,happy,train
features_logmel\train\8431.npy,sad,train
features_logmel\train\8432.npy,neutral,train
features_logmel\train\8433.npy,angry,train
features_logmel\train\8434.npy,happy,train
features_logmel\train\8435.npy,happy,train
features_logmel\train\8436.npy,angry,train
features_logmel\train\8437.npy,sad,train
features_logmel\train\8438.npy,angry,train
features_logmel\train\8439.npy,sad,train
features_logmel\train\8440.npy,neutral,train
features_logmel\train\8441.npy,neutral,train
features_logmel\train\8442.npy,neutral,train
features_logmel\train\8443.npy,neutral,train
features_logmel\train\8444.npy,neutral,train
features_logmel\train\8445.npy,sad,train
features_logmel\train\8446.npy,neutral,train
features_logmel\train\8447.npy,happy,train
features_logmel\train\8448.npy,sad,train
features_logmel\train\8449.npy,happy,train
features_logmel\train\8450.npy,neutral,train
features_logmel\train\8451.npy,happy,train
features_logmel\train\8452.npy,sad,train
features_logmel\train\8453.npy,neutral,train
features_logmel\train\8454.npy,happy,train
features_logmel\train\8455.npy,happy,train
features_logmel\train\8456.npy,sad,train
features_logmel\train\8457.npy,neutral,train
features_logmel\train\8458.npy,happy,train
features_logmel\train\8459.npy,sad,train
features_logmel\train\8460.npy,sad,train
features_logmel\train\8461.npy,neutral,train
features_logmel\train\8462.npy,sad,train
features_logmel\train\8463.npy,sad,train
features_logmel\train\8464.npy,happy,train
features_logmel\train\8465.npy,sad,train
features_logmel\train\8466.npy,angry,train
features_logmel\train\8467.npy,neutral,train
features_logmel\train\8468.npy,happy,train
features_logmel\train\8469.npy,happy,train
features_logmel\train\8470.npy,sad,train
features_logmel\train\8471.npy,happy,train
features_logmel\train\8472.npy,neutral,train
features_logmel\train\8473.npy,sad,train
features_logmel\train\8474.npy,happy,train
features_logmel\train\8475.npy,happy,train
features_logmel\train\8476.npy,neutral,train
features_logmel\train\8477.npy,sad,train
features_logmel\train\8478.npy,neutral,train
features_logmel\train\8479.npy,neutral,train
features_logmel\train\8480.npy,happy,train
features_logmel\train\8481.npy,sad,train
features_logmel\train\8482.npy,happy,train
features_logmel\train\8483.npy,angry,train
features_logmel\train\8484.npy,neutral,train
features_logmel\train\8485.npy,sad,train
features_logmel\train\8486.npy,neutral,train
features_logmel\train\8487.npy,neutral,train
features_logmel\train\8488.npy,angry,train
features_logmel\train\8489.npy,happy,train
features_logmel\train\8490.npy,sad,train
features_logmel\train\8491.npy,happy,train
features_logmel\train\8492.npy,sad,train
features_logmel\train\8493.npy,happy,train
features_logmel\train\8494.npy,happy,train
features_logmel\train\8495.npy,sad,train
features_logmel\train\8496.npy,angry,train
features_logmel\train\8497.npy,sad,train
features_logmel\train\8498.npy,angry,train
features_logmel\train\8499.npy,sad,train
features_logmel\train\8500.npy,angry,train
features_logmel\train\8501.npy,neutral,train
features_logmel\train\8502.npy,happy,train
features_logmel\train\8503.npy,happy,train
features_logmel\train\8504.npy,sad,train
features_logmel\train\8505.npy,sad,train
features_logmel\train\8506.npy,neutral,train
features_logmel\train\8507.npy,happy,train
features_logmel\train\8508.npy,angry,train
features_logmel\train\8509.npy,angry,train
features_logmel\train\8510.npy,happy,train
features_logmel\val\8511.npy,angry,val
features_logmel\val\8512.npy,happy,val
features_logmel\val\8513.npy,happy,val
features_logmel\val\8514.npy,neutral,val
features_logmel\val\8515.npy,angry,val
features_logmel\val\8516.npy,sad,val
features_logmel\val\8517.npy,sad,val
features_logmel\val\8518.npy,sad,val
features_logmel\val\8519.npy,angry,val
features_logmel\val\8520.npy,neutral,val
features_logmel\val\8521.npy,neutral,val
features_logmel\val\8522.npy,neutral,val
features_logmel\val\8523.npy,sad,val
features_logmel\val\8524.npy,happy,val
features_logmel\val\8525.npy,sad,val
features_logmel\val\8526.npy,neutral,val
features_logmel\val\8527.npy,angry,val
features_logmel\val\8528.npy,neutral,val
features_logmel\val\8529.npy,angry,val
features_logmel\val\8530.npy,angry,val
features_logmel\val\8531.npy,sad,val
features_logmel\val\8532.npy,sad,val
features_logmel\val\8533.npy,sad,val
features_logmel\val\8534.npy,happy,val
features_logmel\val\8535.npy,sad,val
features_logmel\val\8536.npy,sad,val
features_logmel\val\8537.npy,sad,val
features_logmel\val\8538.npy,sad,val
features_logmel\val\8539.npy,sad,val
features_logmel\val\8540.npy,happy,val
features_logmel\val\8541.npy,angry,val
features_logmel\val\8542.npy,angry,val
features_logmel\val\8543.npy,happy,val
features_logmel\val\8544.npy,happy,val
features_logmel\val\8545.npy,neutral,val
features_logmel\val\8546.npy,angry,val
features_logmel\val\8547.npy,angry,val
features_logmel\val\8548.npy,sad,val
features_logmel\val\8549.npy,neutral,val
features_logmel\val\8550.npy,happy,val
features_logmel\val\8551.npy,angry,val
features_logmel\val\8552.npy,sad,val
features_logmel\val\8553.npy,happy,val
features_logmel\val\8554.npy,angry,val
features_logmel\val\8555.npy,angry,val
features_logmel\val\8556.npy,neutral,val
features_logmel\val\8557.npy,sad,val
features_logmel\val\8558.npy,happy,val
features_logmel\val\8559.npy,sad,val
features_logmel\val\8560.npy,happy,val
features_logmel\val\8561.npy,angry,val
features_logmel\val\8562.npy,happy,val
features_logmel\val\8563.npy,angry,val
features_logmel\val\8564.npy,neutral,val
features_logmel\val\8565.npy,happy,val
features_logmel\val\8566.npy,angry,val
features_logmel\val\8567.npy,angry,val
features_logmel\val\8568.npy,neutral,val
features_logmel\val\8569.npy,happy,val
features_logmel\val\8570.npy,sad,val
features_logmel\val\8571.npy,neutral,val
features_logmel\val\8572.npy,neutral,val
features_logmel\val\8573.npy,happy,val
features_logmel\val\8574.npy,happy,val
features_logmel\val\8575.npy,happy,val
features_logmel\val\8576.npy,happy,val
features_logmel\val\8577.npy,angry,val
features_logmel\val\8578.npy,neutral,val
features_logmel\val\8579.npy,sad,val
features_logmel\val\8580.npy,happy,val
features_logmel\val\8581.npy,angry,val
features_logmel\val\8582.npy,angry,val
features_logmel\val\8583.npy,happy,val
features_logmel\val\8584.npy,sad,val
features_logmel\val\8585.npy,happy,val
features_logmel\val\8586.npy,happy,val
features_logmel\val\8587.npy,angry,val
features_logmel\val\8588.npy,sad,val
features_logmel\val\8589.npy,sad,val
features_logmel\val\8590.npy,neutral,val
features_logmel\val\8591.npy,sad,val
features_logmel\val\8592.npy,neutral,val
features_logmel\val\8593.npy,neutral,val
features_logmel\val\8594.npy,happy,val
features_logmel\val\8595.npy,sad,val
features_logmel\val\8596.npy,sad,val
features_logmel\val\8597.npy,angry,val
features_logmel\val\8598.npy,angry,val
features_logmel\val\8599.npy,sad,val
features_logmel\val\8600.npy,sad,val
features_logmel\val\8601.npy,happy,val
features_logmel\val\8602.npy,neutral,val
features_logmel\val\8603.npy,happy,val
features_logmel\val\8604.npy,happy,val
features_logmel\val\8605.npy,angry,val
features_logmel\val\8606.npy,neutral,val
features_logmel\val\8607.npy,angry,val
features_logmel\val\8608.npy,happy,val
features_logmel\val\8609.npy,angry,val
features_logmel\val\8610.npy,angry,val
features_logmel\val\8611.npy,sad,val
features_logmel\val\8612.npy,neutral,val
features_logmel\val\8613.npy,angry,val
features_logmel\val\8614.npy,angry,val
features_logmel\val\8615.npy,neutral,val
features_logmel\val\8616.npy,sad,val
features_logmel\val\8617.npy,sad,val
features_logmel\val\8618.npy,happy,val
features_logmel\val\8619.npy,happy,val
features_logmel\val\8620.npy,sad,val
features_logmel\val\8621.npy,sad,val
features_logmel\val\8622.npy,angry,val
features_logmel\val\8623.npy,happy,val
features_logmel\val\8624.npy,happy,val
features_logmel\val\8625.npy,neutral,val
features_logmel\val\8626.npy,angry,val
features_logmel\val\8627.npy,happy,val
features_logmel\val\8628.npy,angry,val
features_logmel\val\8629.npy,neutral,val
features_logmel\val\8630.npy,happy,val
features_logmel\val\8631.npy,happy,val
features_logmel\val\8632.npy,neutral,val
features_logmel\val\8633.npy,happy,val
features_logmel\val\8634.npy,happy,val
features_logmel\val\8635.npy,neutral,val
features_logmel\val\8636.npy,neutral,val
features_logmel\val\8637.npy,neutral,val
features_logmel\val\8638.npy,angry,val
features_logmel\val\8639.npy,sad,val
features_logmel\val\8640.npy,sad,val
features_logmel\val\8641.npy,happy,val
features_logmel\val\8642.npy,angry,val
features_logmel\val\8643.npy,sad,val
features_logmel\val\8644.npy,happy,val
features_logmel\val\8645.npy,sad,val
features_logmel\val\8646.npy,happy,val
features_logmel\val\8647.npy,sad,val
features_logmel\val\8648.npy,sad,val
features_logmel\val\8649.npy,happy,val
features_logmel\val\8650.npy,angry,val
features_logmel\val\8651.npy,angry,val
features_logmel\val\8652.npy,neutral,val
features_logmel\val\8653.npy,neutral,val
features_logmel\val\8654.npy,sad,val
features_logmel\val\8655.npy,sad,val
features_logmel\val\8656.npy,neutral,val
features_logmel\val\8657.npy,neutral,val
features_logmel\val\8658.npy,sad,val
features_logmel\val\8659.npy,neutral,val
features_logmel\val\8660.npy,neutral,val
features_logmel\val\8661.npy,sad,val
features_logmel\val\8662.npy,sad,val
features_logmel\val\8663.npy,happy,val
features_logmel\val\8664.npy,happy,val
features_logmel\val\8665.npy,happy,val
features_logmel\val\8666.npy,sad,val
features_logmel\val\8667.npy,neutral,val
features_logmel\val\8668.npy,neutral,val
features_logmel\val\8669.npy,angry,val
features_logmel\val\8670.npy,sad,val
features_logmel\val\8671.npy,neutral,val
features_logmel\val\8672.npy,happy,val
features_logmel\val\8673.npy,neutral,val
features_logmel\val\8674.npy,neutral,val
features_logmel\val\8675.npy,sad,val
features_logmel\val\8676.npy,neutral,val
features_logmel\val\8677.npy,happy,val
features_logmel\val\8678.npy,happy,val
features_logmel\val\8679.npy,angry,val
features_logmel\val\8680.npy,sad,val
features_logmel\val\8681.npy,sad,val
features_logmel\val\8682.npy,happy,val
features_logmel\val\8683.npy,neutral,val
features_logmel\val\8684.npy,happy,val
features_logmel\val\8685.npy,neutral,val
features_logmel\val\8686.npy,neutral,val
features_logmel\val\8687.npy,neutral,val
features_logmel\val\8688.npy,angry,val
features_logmel\val\8689.npy,happy,val
features_logmel\val\8690.npy,angry,val
features_logmel\val\8691.npy,neutral,val
features_logmel\val\8692.npy,happy,val
features_logmel\val\8693.npy,neutral,val
features_logmel\val\8694.npy,neutral,val
features_logmel\val\8695.npy,happy,val
features_logmel\val\8696.npy,neutral,val
features_logmel\val\8697.npy,neutral,val
features_logmel\val\8698.npy,sad,val
features_logmel\val\8699.npy,sad,val
features_logmel\val\8700.npy,neutral,val
features_logmel\val\8701.npy,neutral,val
features_logmel\val\8702.npy,neutral,val
features_logmel\val\8703.npy,angry,val
features_logmel\val\8704.npy,neutral,val
features_logmel\val\8705.npy,happy,val
features_logmel\val\8706.npy,angry,val
features_logmel\val\8707.npy,angry,val
features_logmel\val\8708.npy,neutral,val
features_logmel\val\8709.npy,neutral,val
features_logmel\val\8710.npy,happy,val
features_logmel\val\8711.npy,happy,val
features_logmel\val\8712.npy,neutral,val
features_logmel\val\8713.npy,neutral,val
features_logmel\val\8714.npy,sad,val
features_logmel\val\8715.npy,happy,val
features_logmel\val\8716.npy,happy,val
features_logmel\val\8717.npy,neutral,val
features_logmel\val\8718.npy,happy,val
features_logmel\val\8719.npy,angry,val
features_logmel\val\8720.npy,happy,val
features_logmel\val\8721.npy,sad,val
features_logmel\val\8722.npy,angry,val
features_logmel\val\8723.npy,sad,val
features_logmel\val\8724.npy,happy,val
features_logmel\val\8725.npy,happy,val
features_logmel\val\8726.npy,neutral,val
features_logmel\val\8727.npy,happy,val
features_logmel\val\8728.npy,neutral,val
features_logmel\val\8729.npy,neutral,val
features_logmel\val\8730.npy,happy,val
features_logmel\val\8731.npy,sad,val
features_logmel\val\8732.npy,neutral,val
features_logmel\val\8733.npy,sad,val
features_logmel\val\8734.npy,neutral,val
features_logmel\val\8735.npy,neutral,val
features_logmel\val\8736.npy,happy,val
features_logmel\val\8737.npy,neutral,val
features_logmel\val\8738.npy,neutral,val
features_logmel\val\8739.npy,happy,val
features_logmel\val\8740.npy,happy,val
features_logmel\val\8741.npy,happy,val
features_logmel\val\8742.npy,happy,val
features_logmel\val\8743.npy,angry,val
features_logmel\val\8744.npy,angry,val
features_logmel\val\8745.npy,angry,val
features_logmel\val\8746.npy,neutral,val
features_logmel\val\8747.npy,happy,val
features_logmel\val\8748.npy,happy,val
features_logmel\val\8749.npy,angry,val
features_logmel\val\8750.npy,neutral,val
features_logmel\val\8751.npy,neutral,val
features_logmel\val\8752.npy,sad,val
features_logmel\val\8753.npy,neutral,val
features_logmel\val\8754.npy,sad,val
features_logmel\val\8755.npy,neutral,val
features_logmel\val\8756.npy,happy,val
features_logmel\val\8757.npy,neutral,val
features_logmel\val\8758.npy,neutral,val
features_logmel\val\8759.npy,sad,val
features_logmel\val\8760.npy,sad,val
features_logmel\val\8761.npy,angry,val
features_logmel\val\8762.npy,sad,val
features_logmel\val\8763.npy,happy,val
features_logmel\val\8764.npy,angry,val
features_logmel\val\8765.npy,angry,val
features_logmel\val\8766.npy,angry,val
features_logmel\val\8767.npy,sad,val
features_logmel\val\8768.npy,neutral,val
features_logmel\val\8769.npy,angry,val
features_logmel\val\8770.npy,angry,val
features_logmel\val\8771.npy,happy,val
features_logmel\val\8772.npy,sad,val
features_logmel\val\8773.npy,neutral,val
features_logmel\val\8774.npy,neutral,val
features_logmel\val\8775.npy,neutral,val
features_logmel\val\8776.npy,sad,val
features_logmel\val\8777.npy,happy,val
features_logmel\val\8778.npy,sad,val
features_logmel\val\8779.npy,neutral,val
features_logmel\val\8780.npy,sad,val
features_logmel\val\8781.npy,sad,val
features_logmel\val\8782.npy,happy,val
features_logmel\val\8783.npy,neutral,val
features_logmel\val\8784.npy,angry,val
features_logmel\val\8785.npy,happy,val
features_logmel\val\8786.npy,neutral,val
features_logmel\val\8787.npy,neutral,val
features_logmel\val\8788.npy,sad,val
features_logmel\val\8789.npy,angry,val
features_logmel\val\8790.npy,neutral,val
features_logmel\val\8791.npy,neutral,val
features_logmel\val\8792.npy,neutral,val
features_logmel\val\8793.npy,happy,val
features_logmel\val\8794.npy,neutral,val
features_logmel\val\8795.npy,happy,val
features_logmel\val\8796.npy,angry,val
features_logmel\val\8797.npy,sad,val
features_logmel\val\8798.npy,happy,val
features_logmel\val\8799.npy,angry,val
features_logmel\val\8800.npy,happy,val
features_logmel\val\8801.npy,neutral,val
features_logmel\val\8802.npy,angry,val
features_logmel\val\8803.npy,sad,val
features_logmel\val\8804.npy,neutral,val
features_logmel\val\8805.npy,neutral,val
features_logmel\val\8806.npy,happy,val
features_logmel\val\8807.npy,sad,val
features_logmel\val\8808.npy,happy,val
features_logmel\val\8809.npy,neutral,val
features_logmel\val\8810.npy,angry,val
features_logmel\val\8811.npy,angry,val
features_logmel\val\8812.npy,neutral,val
features_logmel\val\8813.npy,neutral,val
features_logmel\val\8814.npy,sad,val
features_logmel\val\8815.npy,angry,val
features_logmel\val\8816.npy,sad,val
features_logmel\val\8817.npy,happy,val
features_logmel\val\8818.npy,sad,val
features_logmel\val\8819.npy,neutral,val
features_logmel\val\8820.npy,happy,val
features_logmel\val\8821.npy,happy,val
features_logmel\val\8822.npy,angry,val
features_logmel\val\8823.npy,happy,val
features_logmel\val\8824.npy,neutral,val
features_logmel\val\8825.npy,happy,val
features_logmel\val\8826.npy,angry,val
features_logmel\val\8827.npy,happy,val
features_logmel\val\8828.npy,angry,val
features_logmel\val\8829.npy,angry,val
features_logmel\val\8830.npy,sad,val
features_logmel\val\8831.npy,neutral,val
features_logmel\val\8832.npy,angry,val
features_logmel\val\8833.npy,happy,val
features_logmel\val\8834.npy,neutral,val
features_logmel\val\8835.npy,sad,val
features_logmel\val\8836.npy,neutral,val
features_logmel\val\8837.npy,neutral,val
features_logmel\val\8838.npy,sad,val
features_logmel\val\8839.npy,sad,val
features_logmel\val\8840.npy,sad,val
features_logmel\val\8841.npy,neutral,val
features_logmel\val\8842.npy,neutral,val
features_logmel\val\8843.npy,sad,val
features_logmel\val\8844.npy,sad,val
features_logmel\val\8845.npy,sad,val
features_logmel\val\8846.npy,neutral,val
features_logmel\val\8847.npy,neutral,val
features_logmel\val\8848.npy,happy,val
features_logmel\val\8849.npy,angry,val
features_logmel\val\8850.npy,happy,val
features_logmel\val\8851.npy,sad,val
features_logmel\val\8852.npy,angry,val
features_logmel\val\8853.npy,happy,val
features_logmel\val\8854.npy,happy,val
features_logmel\val\8855.npy,neutral,val
features_logmel\val\8856.npy,happy,val
features_logmel\val\8857.npy,angry,val
features_logmel\val\8858.npy,angry,val
features_logmel\val\8859.npy,neutral,val
features_logmel\val\8860.npy,angry,val
features_logmel\val\8861.npy,angry,val
features_logmel\val\8862.npy,sad,val
features_logmel\val\8863.npy,neutral,val
features_logmel\val\8864.npy,happy,val
features_logmel\val\8865.npy,happy,val
features_logmel\val\8866.npy,sad,val
features_logmel\val\8867.npy,neutral,val
features_logmel\val\8868.npy,happy,val
features_logmel\val\8869.npy,happy,val
features_logmel\val\8870.npy,happy,val
features_logmel\val\8871.npy,sad,val
features_logmel\val\8872.npy,neutral,val
features_logmel\val\8873.npy,happy,val
features_logmel\val\8874.npy,happy,val
features_logmel\val\8875.npy,happy,val
features_logmel\val\8876.npy,angry,val
features_logmel\val\8877.npy,neutral,val
features_logmel\val\8878.npy,neutral,val
features_logmel\val\8879.npy,neutral,val
features_logmel\val\8880.npy,neutral,val
features_logmel\val\8881.npy,happy,val
features_logmel\val\8882.npy,happy,val
features_logmel\val\8883.npy,neutral,val
features_logmel\val\8884.npy,neutral,val
features_logmel\val\8885.npy,angry,val
features_logmel\val\8886.npy,happy,val
features_logmel\val\8887.npy,angry,val
features_logmel\val\8888.npy,happy,val
features_logmel\val\8889.npy,happy,val
features_logmel\val\8890.npy,sad,val
features_logmel\val\8891.npy,sad,val
features_logmel\val\8892.npy,angry,val
features_logmel\val\8893.npy,neutral,val
features_logmel\val\8894.npy,neutral,val
features_logmel\val\8895.npy,angry,val
features_logmel\val\8896.npy,sad,val
features_logmel\val\8897.npy,sad,val
features_logmel\val\8898.npy,neutral,val
features_logmel\val\8899.npy,neutral,val
features_logmel\val\8900.npy,happy,val
features_logmel\val\8901.npy,happy,val
features_logmel\val\8902.npy,angry,val
features_logmel\val\8903.npy,angry,val
features_logmel\val\8904.npy,sad,val
features_logmel\val\8905.npy,happy,val
features_logmel\val\8906.npy,angry,val
features_logmel\val\8907.npy,neutral,val
features_logmel\val\8908.npy,neutral,val
features_logmel\val\8909.npy,neutral,val
features_logmel\val\8910.npy,happy,val
features_logmel\val\8911.npy,neutral,val
features_logmel\val\8912.npy,happy,val
features_logmel\val\8913.npy,happy,val
features_logmel\val\8914.npy,sad,val
features_logmel\val\8915.npy,neutral,val
features_logmel\val\8916.npy,happy,val
features_logmel\val\8917.npy,happy,val
features_logmel\val\8918.npy,angry,val
features_logmel\val\8919.npy,neutral,val
features_logmel\val\8920.npy,neutral,val
features_logmel\val\8921.npy,sad,val
features_logmel\val\8922.npy,angry,val
features_logmel\val\8923.npy,angry,val
features_logmel\val\8924.npy,angry,val
features_logmel\val\8925.npy,angry,val
features_logmel\val\8926.npy,happy,val
features_logmel\val\8927.npy,angry,val
features_logmel\val\8928.npy,happy,val
features_logmel\val\8929.npy,neutral,val
features_logmel\val\8930.npy,happy,val
features_logmel\val\8931.npy,happy,val
features_logmel\val\8932.npy,neutral,val
features_logmel\val\8933.npy,neutral,val
features_logmel\val\8934.npy,happy,val
features_logmel\val\8935.npy,happy,val
features_logmel\val\8936.npy,happy,val
features_logmel\val\8937.npy,neutral,val
features_logmel\val\8938.npy,neutral,val
features_logmel\val\8939.npy,neutral,val
features_logmel\val\8940.npy,sad,val
features_logmel\val\8941.npy,neutral,val
features_logmel\val\8942.npy,happy,val
features_logmel\val\8943.npy,sad,val
features_logmel\val\8944.npy,neutral,val
features_logmel\val\8945.npy,neutral,val
features_logmel\val\8946.npy,angry,val
features_logmel\val\8947.npy,happy,val
features_logmel\val\8948.npy,sad,val
features_logmel\val\8949.npy,angry,val
features_logmel\val\8950.npy,sad,val
features_logmel\val\8951.npy,angry,val
features_logmel\val\8952.npy,happy,val
features_logmel\val\8953.npy,angry,val
features_logmel\val\8954.npy,neutral,val
features_logmel\val\8955.npy,happy,val
features_logmel\val\8956.npy,happy,val
features_logmel\val\8957.npy,neutral,val
features_logmel\val\8958.npy,angry,val
features_logmel\val\8959.npy,sad,val
features_logmel\val\8960.npy,neutral,val
features_logmel\val\8961.npy,happy,val
features_logmel\val\8962.npy,angry,val
features_logmel\val\8963.npy,happy,val
features_logmel\val\8964.npy,happy,val
features_logmel\val\8965.npy,sad,val
features_logmel\val\8966.npy,happy,val
features_logmel\val\8967.npy,angry,val
features_logmel\val\8968.npy,happy,val
features_logmel\val\8969.npy,sad,val
features_logmel\val\8970.npy,neutral,val
features_logmel\val\8971.npy,happy,val
features_logmel\val\8972.npy,neutral,val
features_logmel\val\8973.npy,angry,val
features_logmel\val\8974.npy,sad,val
features_logmel\val\8975.npy,angry,val
features_logmel\val\8976.npy,neutral,val
features_logmel\val\8977.npy,happy,val
features_logmel\val\8978.npy,happy,val
features_logmel\val\8979.npy,sad,val
features_logmel\val\8980.npy,happy,val
features_logmel\val\8981.npy,happy,val
features_logmel\val\8982.npy,sad,val
features_logmel\val\8983.npy,sad,val
features_logmel\val\8984.npy,happy,val
features_logmel\val\8985.npy,sad,val
features_logmel\val\8986.npy,sad,val
features_logmel\val\8987.npy,angry,val
features_logmel\val\8988.npy,angry,val
features_logmel\val\8989.npy,sad,val
features_logmel\val\8990.npy,sad,val
features_logmel\val\8991.npy,neutral,val
features_logmel\val\8992.npy,angry,val
features_logmel\val\8993.npy,angry,val
features_logmel\val\8994.npy,angry,val
features_logmel\val\8995.npy,angry,val
features_logmel\val\8996.npy,neutral,val
features_logmel\val\8997.npy,happy,val
features_logmel\val\8998.npy,sad,val
features_logmel\val\8999.npy,angry,val
features_logmel\val\9000.npy,angry,val
features_logmel\val\9001.npy,happy,val
features_logmel\val\9002.npy,sad,val
features_logmel\val\9003.npy,neutral,val
features_logmel\val\9004.npy,happy,val
features_logmel\val\9005.npy,angry,val
features_logmel\val\9006.npy,angry,val
features_logmel\val\9007.npy,sad,val
features_logmel\val\9008.npy,sad,val
features_logmel\val\9009.npy,neutral,val
features_logmel\val\9010.npy,neutral,val
features_logmel\val\9011.npy,sad,val
features_logmel\val\9012.npy,neutral,val
features_logmel\val\9013.npy,neutral,val
features_logmel\val\9014.npy,sad,val
features_logmel\val\9015.npy,angry,val
features_logmel\val\9016.npy,sad,val
features_logmel\val\9017.npy,happy,val
features_logmel\val\9018.npy,happy,val
features_logmel\val\9019.npy,angry,val
features_logmel\val\9020.npy,sad,val
features_logmel\val\9021.npy,angry,val
features_logmel\val\9022.npy,happy,val
features_logmel\val\9023.npy,neutral,val
features_logmel\val\9024.npy,happy,val
features_logmel\val\9025.npy,neutral,val
features_logmel\val\9026.npy,happy,val
features_logmel\val\9027.npy,sad,val
features_logmel\val\9028.npy,neutral,val
features_logmel\val\9029.npy,happy,val
features_logmel\val\9030.npy,sad,val
features_logmel\val\9031.npy,neutral,val
features_logmel\val\9032.npy,angry,val
features_logmel\val\9033.npy,sad,val
features_logmel\val\9034.npy,angry,val
features_logmel\val\9035.npy,angry,val
features_logmel\val\9036.npy,sad,val
features_logmel\val\9037.npy,sad,val
features_logmel\val\9038.npy,angry,val
features_logmel\val\9039.npy,happy,val
features_logmel\val\9040.npy,happy,val
features_logmel\val\9041.npy,neutral,val
features_logmel\val\9042.npy,neutral,val
features_logmel\val\9043.npy,angry,val
features_logmel\val\9044.npy,happy,val
features_logmel\val\9045.npy,sad,val
features_logmel\val\9046.npy,neutral,val
features_logmel\val\9047.npy,happy,val
features_logmel\val\9048.npy,angry,val
features_logmel\val\9049.npy,neutral,val
features_logmel\val\9050.npy,happy,val
features_logmel\val\9051.npy,neutral,val
features_logmel\val\9052.npy,happy,val
features_logmel\val\9053.npy,neutral,val
features_logmel\val\9054.npy,sad,val
features_logmel\val\9055.npy,angry,val
features_logmel\val\9056.npy,happy,val
features_logmel\val\9057.npy,sad,val
features_logmel\val\9058.npy,neutral,val
features_logmel\val\9059.npy,happy,val
features_logmel\val\9060.npy,sad,val
features_logmel\val\9061.npy,happy,val
features_logmel\val\9062.npy,angry,val
features_logmel\val\9063.npy,neutral,val
features_logmel\val\9064.npy,happy,val
features_logmel\val\9065.npy,neutral,val
features_logmel\val\9066.npy,neutral,val
features_logmel\val\9067.npy,sad,val
features_logmel\val\9068.npy,sad,val
features_logmel\val\9069.npy,angry,val
features_logmel\val\9070.npy,angry,val
features_logmel\val\9071.npy,neutral,val
features_logmel\val\9072.npy,neutral,val
features_logmel\val\9073.npy,happy,val
features_logmel\val\9074.npy,neutral,val
features_logmel\val\9075.npy,sad,val
features_logmel\val\9076.npy,angry,val
features_logmel\val\9077.npy,neutral,val
features_logmel\val\9078.npy,neutral,val
features_logmel\val\9079.npy,angry,val
features_logmel\val\9080.npy,angry,val
features_logmel\val\9081.npy,happy,val
features_logmel\val\9082.npy,angry,val
features_logmel\val\9083.npy,sad,val
features_logmel\val\9084.npy,sad,val
features_logmel\val\9085.npy,happy,val
features_logmel\val\9086.npy,sad,val
features_logmel\val\9087.npy,angry,val
features_logmel\val\9088.npy,neutral,val
features_logmel\val\9089.npy,sad,val
features_logmel\val\9090.npy,happy,val
features_logmel\val\9091.npy,neutral,val
features_logmel\val\9092.npy,sad,val
features_logmel\val\9093.npy,sad,val
features_logmel\val\9094.npy,sad,val
features_logmel\val\9095.npy,neutral,val
features_logmel\val\9096.npy,angry,val
features_logmel\val\9097.npy,happy,val
features_logmel\val\9098.npy,angry,val
features_logmel\val\9099.npy,angry,val
features_logmel\val\9100.npy,neutral,val
features_logmel\val\9101.npy,happy,val
features_logmel\val\9102.npy,happy,val
features_logmel\val\9103.npy,sad,val
features_logmel\val\9104.npy,happy,val
features_logmel\val\9105.npy,angry,val
features_logmel\val\9106.npy,neutral,val
features_logmel\val\9107.npy,neutral,val
features_logmel\val\9108.npy,neutral,val
features_logmel\val\9109.npy,angry,val
features_logmel\val\9110.npy,neutral,val
features_logmel\val\9111.npy,happy,val
features_logmel\val\9112.npy,neutral,val
features_logmel\val\9113.npy,neutral,val
features_logmel\val\9114.npy,neutral,val
features_logmel\val\9115.npy,neutral,val
features_logmel\val\9116.npy,happy,val
features_logmel\val\9117.npy,happy,val
features_logmel\val\9118.npy,angry,val
features_logmel\val\9119.npy,neutral,val
features_logmel\val\9120.npy,neutral,val
features_logmel\val\9121.npy,happy,val
features_logmel\val\9122.npy,happy,val
features_logmel\val\9123.npy,neutral,val
features_logmel\val\9124.npy,angry,val
features_logmel\val\9125.npy,sad,val
features_logmel\val\9126.npy,angry,val
features_logmel\val\9127.npy,happy,val
features_logmel\val\9128.npy,happy,val
features_logmel\val\9129.npy,happy,val
features_logmel\val\9130.npy,angry,val
features_logmel\val\9131.npy,angry,val
features_logmel\val\9132.npy,angry,val
features_logmel\val\9133.npy,angry,val
features_logmel\val\9134.npy,happy,val
features_logmel\val\9135.npy,sad,val
features_logmel\val\9136.npy,neutral,val
features_logmel\val\9137.npy,sad,val
features_logmel\val\9138.npy,sad,val
features_logmel\val\9139.npy,sad,val
features_logmel\val\9140.npy,happy,val
features_logmel\val\9141.npy,neutral,val
features_logmel\val\9142.npy,sad,val
features_logmel\val\9143.npy,sad,val
features_logmel\val\9144.npy,sad,val
features_logmel\val\9145.npy,happy,val
features_logmel\val\9146.npy,neutral,val
features_logmel\val\9147.npy,sad,val
features_logmel\val\9148.npy,happy,val
features_logmel\val\9149.npy,sad,val
features_logmel\val\9150.npy,angry,val
features_logmel\val\9151.npy,neutral,val
features_logmel\val\9152.npy,neutral,val
features_logmel\val\9153.npy,angry,val
features_logmel\val\9154.npy,angry,val
features_logmel\val\9155.npy,neutral,val
features_logmel\val\9156.npy,happy,val
features_logmel\val\9157.npy,happy,val
features_logmel\val\9158.npy,happy,val
features_logmel\val\9159.npy,neutral,val
features_logmel\val\9160.npy,angry,val
features_logmel\val\9161.npy,neutral,val
features_logmel\val\9162.npy,sad,val
features_logmel\val\9163.npy,angry,val
features_logmel\val\9164.npy,neutral,val
features_logmel\val\9165.npy,neutral,val
features_logmel\val\9166.npy,angry,val
features_logmel\val\9167.npy,sad,val
features_logmel\val\9168.npy,angry,val
features_logmel\val\9169.npy,angry,val
features_logmel\val\9170.npy,happy,val
features_logmel\val\9171.npy,neutral,val
features_logmel\val\9172.npy,neutral,val
features_logmel\val\9173.npy,happy,val
features_logmel\val\9174.npy,neutral,val
features_logmel\val\9175.npy,sad,val
features_logmel\val\9176.npy,sad,val
features_logmel\val\9177.npy,angry,val
features_logmel\val\9178.npy,happy,val
features_logmel\val\9179.npy,sad,val
features_logmel\val\9180.npy,sad,val
features_logmel\val\9181.npy,sad,val
features_logmel\val\9182.npy,happy,val
features_logmel\val\9183.npy,happy,val
features_logmel\val\9184.npy,sad,val
features_logmel\val\9185.npy,sad,val
features_logmel\val\9186.npy,sad,val
features_logmel\val\9187.npy,sad,val
features_logmel\val\9188.npy,neutral,val
features_logmel\val\9189.npy,angry,val
features_logmel\val\9190.npy,happy,val
features_logmel\val\9191.npy,neutral,val
features_logmel\val\9192.npy,angry,val
features_logmel\val\9193.npy,neutral,val
features_logmel\val\9194.npy,sad,val
features_logmel\val\9195.npy,angry,val
features_logmel\val\9196.npy,sad,val
features_logmel\val\9197.npy,neutral,val
features_logmel\val\9198.npy,happy,val
features_logmel\val\9199.npy,neutral,val
features_logmel\val\9200.npy,happy,val
features_logmel\val\9201.npy,neutral,val
features_logmel\val\9202.npy,sad,val
features_logmel\val\9203.npy,sad,val
features_logmel\val\9204.npy,neutral,val
features_logmel\val\9205.npy,sad,val
features_logmel\val\9206.npy,sad,val
features_logmel\val\9207.npy,happy,val
features_logmel\val\9208.npy,neutral,val
features_logmel\val\9209.npy,neutral,val
features_logmel\val\9210.npy,happy,val
features_logmel\val\9211.npy,angry,val
features_logmel\val\9212.npy,sad,val
features_logmel\val\9213.npy,sad,val
features_logmel\val\9214.npy,sad,val
features_logmel\val\9215.npy,sad,val
features_logmel\val\9216.npy,angry,val
features_logmel\val\9217.npy,happy,val
features_logmel\val\9218.npy,happy,val
features_logmel\val\9219.npy,angry,val
features_logmel\val\9220.npy,sad,val
features_logmel\val\9221.npy,angry,val
features_logmel\val\9222.npy,neutral,val
features_logmel\val\9223.npy,happy,val
features_logmel\val\9224.npy,happy,val
features_logmel\val\9225.npy,sad,val
features_logmel\val\9226.npy,angry,val
features_logmel\val\9227.npy,neutral,val
features_logmel\val\9228.npy,happy,val
features_logmel\val\9229.npy,angry,val
features_logmel\val\9230.npy,angry,val
features_logmel\val\9231.npy,happy,val
features_logmel\val\9232.npy,happy,val
features_logmel\val\9233.npy,angry,val
features_logmel\val\9234.npy,neutral,val
features_logmel\val\9235.npy,angry,val
features_logmel\val\9236.npy,neutral,val
features_logmel\val\9237.npy,neutral,val
features_logmel\val\9238.npy,angry,val
features_logmel\val\9239.npy,neutral,val
features_logmel\val\9240.npy,neutral,val
features_logmel\val\9241.npy,happy,val
features_logmel\val\9242.npy,happy,val
features_logmel\val\9243.npy,angry,val
features_logmel\val\9244.npy,angry,val
features_logmel\val\9245.npy,angry,val
features_logmel\val\9246.npy,happy,val
features_logmel\val\9247.npy,sad,val
features_logmel\val\9248.npy,angry,val
features_logmel\val\9249.npy,neutral,val
features_logmel\val\9250.npy,happy,val
features_logmel\val\9251.npy,sad,val
features_logmel\val\9252.npy,sad,val
features_logmel\val\9253.npy,sad,val
features_logmel\val\9254.npy,angry,val
features_logmel\val\9255.npy,neutral,val
features_logmel\val\9256.npy,happy,val
features_logmel\val\9257.npy,happy,val
features_logmel\val\9258.npy,angry,val
features_logmel\val\9259.npy,neutral,val
features_logmel\val\9260.npy,angry,val
features_logmel\val\9261.npy,angry,val
features_logmel\val\9262.npy,sad,val
features_logmel\val\9263.npy,angry,val
features_logmel\val\9264.npy,happy,val
features_logmel\val\9265.npy,angry,val
features_logmel\val\9266.npy,happy,val
features_logmel\val\9267.npy,happy,val
features_logmel\val\9268.npy,neutral,val
features_logmel\val\9269.npy,neutral,val
features_logmel\val\9270.npy,angry,val
features_logmel\val\9271.npy,angry,val
features_logmel\val\9272.npy,neutral,val
features_logmel\val\9273.npy,sad,val
features_logmel\val\9274.npy,neutral,val
features_logmel\val\9275.npy,angry,val
features_logmel\val\9276.npy,happy,val
features_logmel\val\9277.npy,sad,val
features_logmel\val\9278.npy,neutral,val
features_logmel\val\9279.npy,sad,val
features_logmel\val\9280.npy,happy,val
features_logmel\val\9281.npy,happy,val
features_logmel\val\9282.npy,neutral,val
features_logmel\val\9283.npy,neutral,val
features_logmel\val\9284.npy,angry,val
features_logmel\val\9285.npy,happy,val
features_logmel\val\9286.npy,angry,val
features_logmel\val\9287.npy,angry,val
features_logmel\val\9288.npy,angry,val
features_logmel\val\9289.npy,happy,val
features_logmel\val\9290.npy,happy,val
features_logmel\val\9291.npy,sad,val
features_logmel\val\9292.npy,neutral,val
features_logmel\val\9293.npy,neutral,val
features_logmel\val\9294.npy,angry,val
features_logmel\val\9295.npy,angry,val
features_logmel\val\9296.npy,neutral,val
features_logmel\val\9297.npy,happy,val
features_logmel\val\9298.npy,happy,val
features_logmel\val\9299.npy,neutral,val
features_logmel\val\9300.npy,angry,val
features_logmel\val\9301.npy,angry,val
features_logmel\val\9302.npy,neutral,val
features_logmel\val\9303.npy,happy,val
features_logmel\val\9304.npy,sad,val
features_logmel\val\9305.npy,sad,val
features_logmel\val\9306.npy,happy,val
features_logmel\val\9307.npy,sad,val
features_logmel\val\9308.npy,sad,val
features_logmel\val\9309.npy,sad,val
features_logmel\val\9310.npy,neutral,val
features_logmel\val\9311.npy,happy,val
features_logmel\val\9312.npy,sad,val
features_logmel\val\9313.npy,happy,val
features_logmel\val\9314.npy,sad,val
features_logmel\val\9315.npy,neutral,val
features_logmel\val\9316.npy,sad,val
features_logmel\val\9317.npy,happy,val
features_logmel\val\9318.npy,happy,val
features_logmel\val\9319.npy,happy,val
features_logmel\val\9320.npy,happy,val
features_logmel\val\9321.npy,angry,val
features_logmel\val\9322.npy,angry,val
features_logmel\val\9323.npy,happy,val
features_logmel\val\9324.npy,angry,val
features_logmel\val\9325.npy,angry,val
features_logmel\val\9326.npy,neutral,val
features_logmel\val\9327.npy,happy,val
features_logmel\val\9328.npy,happy,val
features_logmel\val\9329.npy,neutral,val
features_logmel\val\9330.npy,angry,val
features_logmel\val\9331.npy,happy,val
features_logmel\val\9332.npy,angry,val
features_logmel\val\9333.npy,neutral,val
features_logmel\val\9334.npy,angry,val
features_logmel\val\9335.npy,neutral,val
features_logmel\val\9336.npy,neutral,val
features_logmel\val\9337.npy,sad,val
features_logmel\val\9338.npy,happy,val
features_logmel\val\9339.npy,neutral,val
features_logmel\val\9340.npy,happy,val
features_logmel\val\9341.npy,angry,val
features_logmel\val\9342.npy,neutral,val
features_logmel\val\9343.npy,angry,val
features_logmel\val\9344.npy,angry,val
features_logmel\val\9345.npy,angry,val
features_logmel\val\9346.npy,sad,val
features_logmel\val\9347.npy,angry,val
features_logmel\val\9348.npy,happy,val
features_logmel\val\9349.npy,sad,val
features_logmel\val\9350.npy,neutral,val
features_logmel\val\9351.npy,happy,val
features_logmel\val\9352.npy,angry,val
features_logmel\val\9353.npy,happy,val
features_logmel\val\9354.npy,angry,val
features_logmel\val\9355.npy,sad,val
features_logmel\val\9356.npy,neutral,val
features_logmel\val\9357.npy,angry,val
features_logmel\val\9358.npy,sad,val
features_logmel\val\9359.npy,neutral,val
features_logmel\val\9360.npy,angry,val
features_logmel\val\9361.npy,sad,val
features_logmel\val\9362.npy,happy,val
features_logmel\val\9363.npy,angry,val
features_logmel\val\9364.npy,happy,val
features_logmel\val\9365.npy,happy,val
features_logmel\val\9366.npy,sad,val
features_logmel\val\9367.npy,neutral,val
features_logmel\val\9368.npy,neutral,val
features_logmel\val\9369.npy,angry,val
features_logmel\val\9370.npy,sad,val
features_logmel\val\9371.npy,neutral,val
features_logmel\val\9372.npy,neutral,val
features_logmel\val\9373.npy,happy,val
features_logmel\val\9374.npy,sad,val
features_logmel\val\9375.npy,neutral,val
features_logmel\val\9376.npy,angry,val
features_logmel\val\9377.npy,sad,val
features_logmel\val\9378.npy,neutral,val
features_logmel\val\9379.npy,happy,val
features_logmel\val\9380.npy,sad,val
features_logmel\val\9381.npy,happy,val
features_logmel\val\9382.npy,happy,val
features_logmel\val\9383.npy,happy,val
features_logmel\val\9384.npy,sad,val
features_logmel\val\9385.npy,happy,val
features_logmel\val\9386.npy,angry,val
features_logmel\val\9387.npy,sad,val
features_logmel\val\9388.npy,sad,val
features_logmel\val\9389.npy,neutral,val
features_logmel\val\9390.npy,sad,val
features_logmel\val\9391.npy,happy,val
features_logmel\val\9392.npy,angry,val
features_logmel\val\9393.npy,angry,val
features_logmel\val\9394.npy,sad,val
features_logmel\val\9395.npy,angry,val
features_logmel\val\9396.npy,neutral,val
features_logmel\val\9397.npy,neutral,val
features_logmel\val\9398.npy,sad,val
features_logmel\val\9399.npy,happy,val
features_logmel\val\9400.npy,happy,val
features_logmel\val\9401.npy,sad,val
features_logmel\val\9402.npy,angry,val
features_logmel\val\9403.npy,neutral,val
features_logmel\val\9404.npy,neutral,val
features_logmel\val\9405.npy,happy,val
features_logmel\val\9406.npy,happy,val
features_logmel\val\9407.npy,angry,val
features_logmel\val\9408.npy,angry,val
features_logmel\val\9409.npy,happy,val
features_logmel\val\9410.npy,sad,val
features_logmel\val\9411.npy,angry,val
features_logmel\val\9412.npy,happy,val
features_logmel\val\9413.npy,happy,val
features_logmel\val\9414.npy,happy,val
features_logmel\val\9415.npy,neutral,val
features_logmel\val\9416.npy,neutral,val
features_logmel\val\9417.npy,neutral,val
features_logmel\val\9418.npy,sad,val
features_logmel\val\9419.npy,sad,val
features_logmel\val\9420.npy,neutral,val
features_logmel\val\9421.npy,sad,val
features_logmel\val\9422.npy,angry,val
features_logmel\val\9423.npy,neutral,val
features_logmel\val\9424.npy,neutral,val
features_logmel\val\9425.npy,angry,val
features_logmel\val\9426.npy,sad,val
features_logmel\val\9427.npy,neutral,val
features_logmel\val\9428.npy,neutral,val
features_logmel\val\9429.npy,neutral,val
features_logmel\val\9430.npy,sad,val
features_logmel\val\9431.npy,sad,val
features_logmel\val\9432.npy,neutral,val
features_logmel\val\9433.npy,happy,val
features_logmel\val\9434.npy,neutral,val
features_logmel\val\9435.npy,sad,val
features_logmel\val\9436.npy,angry,val
features_logmel\val\9437.npy,angry,val
features_logmel\val\9438.npy,neutral,val
features_logmel\val\9439.npy,neutral,val
features_logmel\val\9440.npy,sad,val
features_logmel\val\9441.npy,sad,val
features_logmel\val\9442.npy,angry,val
features_logmel\val\9443.npy,neutral,val
features_logmel\val\9444.npy,happy,val
features_logmel\val\9445.npy,angry,val
features_logmel\val\9446.npy,sad,val
features_logmel\val\9447.npy,sad,val
features_logmel\val\9448.npy,happy,val
features_logmel\val\9449.npy,happy,val
features_logmel\val\9450.npy,neutral,val
features_logmel\val\9451.npy,neutral,val
features_logmel\val\9452.npy,sad,val
features_logmel\val\9453.npy,angry,val
features_logmel\val\9454.npy,neutral,val
features_logmel\val\9455.npy,neutral,val
features_logmel\val\9456.npy,angry,val
features_logmel\val\9457.npy,neutral,val
features_logmel\val\9458.npy,angry,val
features_logmel\val\9459.npy,sad,val
features_logmel\val\9460.npy,angry,val
features_logmel\val\9461.npy,angry,val
features_logmel\val\9462.npy,angry,val
features_logmel\val\9463.npy,neutral,val
features_logmel\val\9464.npy,sad,val
features_logmel\val\9465.npy,happy,val
features_logmel\val\9466.npy,happy,val
features_logmel\val\9467.npy,neutral,val
features_logmel\val\9468.npy,neutral,val
features_logmel\val\9469.npy,angry,val
features_logmel\val\9470.npy,happy,val
features_logmel\val\9471.npy,sad,val
features_logmel\val\9472.npy,sad,val
features_logmel\val\9473.npy,neutral,val
features_logmel\val\9474.npy,angry,val
features_logmel\val\9475.npy,angry,val
features_logmel\val\9476.npy,neutral,val
features_logmel\val\9477.npy,sad,val
features_logmel\val\9478.npy,sad,val
features_logmel\val\9479.npy,happy,val
features_logmel\val\9480.npy,neutral,val
features_logmel\val\9481.npy,angry,val
features_logmel\val\9482.npy,neutral,val
features_logmel\val\9483.npy,sad,val
features_logmel\val\9484.npy,sad,val
features_logmel\val\9485.npy,neutral,val
features_logmel\val\9486.npy,happy,val
features_logmel\val\9487.npy,neutral,val
features_logmel\val\9488.npy,neutral,val
features_logmel\val\9489.npy,angry,val
features_logmel\val\9490.npy,sad,val
features_logmel\val\9491.npy,neutral,val
features_logmel\val\9492.npy,neutral,val
features_logmel\val\9493.npy,neutral,val
features_logmel\val\9494.npy,neutral,val
features_logmel\val\9495.npy,sad,val
features_logmel\val\9496.npy,neutral,val
features_logmel\val\9497.npy,sad,val
features_logmel\val\9498.npy,neutral,val
features_logmel\val\9499.npy,happy,val
features_logmel\val\9500.npy,happy,val
features_logmel\val\9501.npy,sad,val
features_logmel\val\9502.npy,angry,val
features_logmel\val\9503.npy,neutral,val
features_logmel\val\9504.npy,sad,val
features_logmel\val\9505.npy,angry,val
features_logmel\val\9506.npy,angry,val
features_logmel\val\9507.npy,neutral,val
features_logmel\val\9508.npy,neutral,val
features_logmel\val\9509.npy,angry,val
features_logmel\val\9510.npy,happy,val
features_logmel\val\9511.npy,neutral,val
features_logmel\val\9512.npy,angry,val
features_logmel\val\9513.npy,sad,val
features_logmel\val\9514.npy,angry,val
features_logmel\val\9515.npy,happy,val
features_logmel\val\9516.npy,neutral,val
features_logmel\val\9517.npy,neutral,val
features_logmel\val\9518.npy,angry,val
features_logmel\val\9519.npy,neutral,val
features_logmel\val\9520.npy,happy,val
features_logmel\val\9521.npy,happy,val
features_logmel\val\9522.npy,neutral,val
features_logmel\val\9523.npy,happy,val
features_logmel\val\9524.npy,neutral,val
features_logmel\val\9525.npy,happy,val
features_logmel\val\9526.npy,sad,val
features_logmel\val\9527.npy,happy,val
features_logmel\val\9528.npy,neutral,val
features_logmel\val\9529.npy,sad,val
features_logmel\val\9530.npy,neutral,val
features_logmel\val\9531.npy,happy,val
features_logmel\val\9532.npy,neutral,val
features_logmel\val\9533.npy,happy,val
features_logmel\val\9534.npy,angry,val
features_logmel\val\9535.npy,sad,val
features_logmel\val\9536.npy,happy,val
features_logmel\val\9537.npy,happy,val
features_logmel\val\9538.npy,sad,val
features_logmel\val\9539.npy,happy,val
features_logmel\val\9540.npy,sad,val
features_logmel\val\9541.npy,happy,val
features_logmel\val\9542.npy,happy,val
features_logmel\val\9543.npy,sad,val
features_logmel\val\9544.npy,neutral,val
features_logmel\val\9545.npy,neutral,val
features_logmel\val\9546.npy,neutral,val
features_logmel\val\9547.npy,neutral,val
features_logmel\val\9548.npy,sad,val
features_logmel\val\9549.npy,angry,val
features_logmel\val\9550.npy,sad,val
features_logmel\val\9551.npy,angry,val
features_logmel\val\9552.npy,angry,val
features_logmel\val\9553.npy,happy,val
features_logmel\val\9554.npy,neutral,val
features_logmel\val\9555.npy,sad,val
features_logmel\val\9556.npy,happy,val
features_logmel\val\9557.npy,neutral,val
features_logmel\val\9558.npy,neutral,val
features_logmel\val\9559.npy,neutral,val
features_logmel\val\9560.npy,sad,val
features_logmel\val\9561.npy,happy,val
features_logmel\val\9562.npy,neutral,val
features_logmel\val\9563.npy,angry,val
features_logmel\val\9564.npy,sad,val
features_logmel\val\9565.npy,happy,val
features_logmel\val\9566.npy,angry,val
features_logmel\val\9567.npy,happy,val
features_logmel\val\9568.npy,happy,val
features_logmel\val\9569.npy,happy,val
features_logmel\val\9570.npy,sad,val
features_logmel\val\9571.npy,angry,val
features_logmel\val\9572.npy,neutral,val
features_logmel\val\9573.npy,sad,val
features_logmel\val\9574.npy,happy,val
features_logmel\val\9575.npy,angry,val
features_logmel\val\9576.npy,neutral,val
features_logmel\val\9577.npy,sad,val
features_logmel\val\9578.npy,angry,val
features_logmel\val\9579.npy,neutral,val
features_logmel\val\9580.npy,neutral,val
features_logmel\val\9581.npy,happy,val
features_logmel\val\9582.npy,angry,val
features_logmel\val\9583.npy,sad,val
features_logmel\val\9584.npy,neutral,val
features_logmel\val\9585.npy,happy,val
features_logmel\val\9586.npy,angry,val
features_logmel\val\9587.npy,angry,val
features_logmel\val\9588.npy,neutral,val
features_logmel\val\9589.npy,neutral,val
features_logmel\val\9590.npy,happy,val
features_logmel\val\9591.npy,neutral,val
features_logmel\val\9592.npy,neutral,val
features_logmel\val\9593.npy,sad,val
features_logmel\val\9594.npy,angry,val
features_logmel\val\9595.npy,neutral,val
features_logmel\val\9596.npy,neutral,val
features_logmel\val\9597.npy,sad,val
features_logmel\val\9598.npy,happy,val
features_logmel\val\9599.npy,neutral,val
features_logmel\val\9600.npy,angry,val
features_logmel\val\9601.npy,sad,val
features_logmel\val\9602.npy,happy,val
features_logmel\val\9603.npy,angry,val
features_logmel\val\9604.npy,angry,val
features_logmel\val\9605.npy,happy,val
features_logmel\val\9606.npy,happy,val
features_logmel\val\9607.npy,angry,val
features_logmel\val\9608.npy,angry,val
features_logmel\val\9609.npy,sad,val
features_logmel\val\9610.npy,neutral,val
features_logmel\val\9611.npy,happy,val
features_logmel\val\9612.npy,angry,val
features_logmel\val\9613.npy,angry,val
features_logmel\val\9614.npy,happy,val
features_logmel\val\9615.npy,happy,val
features_logmel\val\9616.npy,happy,val
features_logmel\val\9617.npy,happy,val
features_logmel\val\9618.npy,sad,val
features_logmel\val\9619.npy,happy,val
features_logmel\val\9620.npy,happy,val
features_logmel\val\9621.npy,happy,val
features_logmel\val\9622.npy,angry,val
features_logmel\val\9623.npy,sad,val
features_logmel\val\9624.npy,sad,val
features_logmel\val\9625.npy,sad,val
features_logmel\val\9626.npy,happy,val
features_logmel\val\9627.npy,happy,val
features_logmel\val\9628.npy,happy,val
features_logmel\val\9629.npy,happy,val
features_logmel\val\9630.npy,happy,val
features_logmel\val\9631.npy,neutral,val
features_logmel\val\9632.npy,sad,val
features_logmel\val\9633.npy,sad,val
features_logmel\val\9634.npy,neutral,val
features_logmel\val\9635.npy,sad,val
features_logmel\val\9636.npy,happy,val
features_logmel\val\9637.npy,angry,val
features_logmel\val\9638.npy,angry,val
features_logmel\val\9639.npy,happy,val
features_logmel\val\9640.npy,neutral,val
features_logmel\val\9641.npy,neutral,val
features_logmel\val\9642.npy,neutral,val
features_logmel\val\9643.npy,sad,val
features_logmel\val\9644.npy,angry,val
features_logmel\val\9645.npy,angry,val
features_logmel\val\9646.npy,angry,val
features_logmel\val\9647.npy,sad,val
features_logmel\val\9648.npy,sad,val
features_logmel\val\9649.npy,angry,val
features_logmel\val\9650.npy,angry,val
features_logmel\val\9651.npy,happy,val
features_logmel\val\9652.npy,sad,val
features_logmel\val\9653.npy,sad,val
features_logmel\val\9654.npy,neutral,val
features_logmel\val\9655.npy,angry,val
features_logmel\val\9656.npy,happy,val
features_logmel\val\9657.npy,neutral,val
features_logmel\val\9658.npy,angry,val
features_logmel\val\9659.npy,neutral,val
features_logmel\val\9660.npy,sad,val
features_logmel\val\9661.npy,sad,val
features_logmel\val\9662.npy,angry,val
features_logmel\val\9663.npy,neutral,val
features_logmel\val\9664.npy,happy,val
features_logmel\val\9665.npy,neutral,val
features_logmel\val\9666.npy,neutral,val
features_logmel\val\9667.npy,angry,val
features_logmel\val\9668.npy,sad,val
features_logmel\val\9669.npy,neutral,val
features_logmel\val\9670.npy,neutral,val
features_logmel\val\9671.npy,happy,val
features_logmel\val\9672.npy,sad,val
features_logmel\val\9673.npy,angry,val
features_logmel\val\9674.npy,happy,val
features_logmel\val\9675.npy,happy,val
features_logmel\val\9676.npy,angry,val
features_logmel\val\9677.npy,neutral,val
features_logmel\val\9678.npy,neutral,val
features_logmel\val\9679.npy,happy,val
features_logmel\val\9680.npy,angry,val
features_logmel\val\9681.npy,neutral,val
features_logmel\val\9682.npy,angry,val
features_logmel\val\9683.npy,neutral,val
features_logmel\val\9684.npy,happy,val
features_logmel\val\9685.npy,neutral,val
features_logmel\val\9686.npy,sad,val
features_logmel\val\9687.npy,angry,val
features_logmel\val\9688.npy,happy,val
features_logmel\val\9689.npy,angry,val
features_logmel\val\9690.npy,angry,val
features_logmel\val\9691.npy,angry,val
features_logmel\val\9692.npy,sad,val
features_logmel\val\9693.npy,sad,val
features_logmel\val\9694.npy,neutral,val
features_logmel\val\9695.npy,sad,val
features_logmel\val\9696.npy,neutral,val
features_logmel\val\9697.npy,sad,val
features_logmel\val\9698.npy,happy,val
features_logmel\val\9699.npy,sad,val
features_logmel\val\9700.npy,happy,val
features_logmel\val\9701.npy,angry,val
features_logmel\val\9702.npy,neutral,val
features_logmel\val\9703.npy,sad,val
features_logmel\val\9704.npy,sad,val
features_logmel\val\9705.npy,angry,val
features_logmel\val\9706.npy,angry,val
features_logmel\val\9707.npy,happy,val
features_logmel\val\9708.npy,neutral,val
features_logmel\val\9709.npy,angry,val
features_logmel\val\9710.npy,sad,val
features_logmel\val\9711.npy,sad,val
features_logmel\val\9712.npy,happy,val
features_logmel\val\9713.npy,neutral,val
features_logmel\val\9714.npy,sad,val
features_logmel\val\9715.npy,neutral,val
features_logmel\val\9716.npy,happy,val
features_logmel\val\9717.npy,angry,val
features_logmel\val\9718.npy,happy,val
features_logmel\val\9719.npy,sad,val
features_logmel\val\9720.npy,neutral,val
features_logmel\val\9721.npy,angry,val
features_logmel\val\9722.npy,neutral,val
features_logmel\val\9723.npy,sad,val
features_logmel\val\9724.npy,angry,val
features_logmel\val\9725.npy,sad,val
features_logmel\val\9726.npy,happy,val
features_logmel\val\9727.npy,angry,val
features_logmel\val\9728.npy,sad,val
features_logmel\val\9729.npy,angry,val
features_logmel\val\9730.npy,angry,val
features_logmel\val\9731.npy,happy,val
features_logmel\val\9732.npy,angry,val
features_logmel\val\9733.npy,angry,val
features_logmel\val\9734.npy,happy,val
features_logmel\val\9735.npy,sad,val
features_logmel\val\9736.npy,neutral,val
features_logmel\val\9737.npy,happy,val
features_logmel\val\9738.npy,sad,val
features_logmel\val\9739.npy,neutral,val
features_logmel\val\9740.npy,happy,val
features_logmel\val\9741.npy,sad,val
features_logmel\val\9742.npy,sad,val
features_logmel\val\9743.npy,angry,val
features_logmel\val\9744.npy,angry,val
features_logmel\val\9745.npy,neutral,val
features_logmel\val\9746.npy,sad,val
features_logmel\val\9747.npy,sad,val
features_logmel\val\9748.npy,happy,val
features_logmel\val\9749.npy,angry,val
features_logmel\val\9750.npy,neutral,val
features_logmel\val\9751.npy,sad,val
features_logmel\val\9752.npy,happy,val
features_logmel\val\9753.npy,angry,val
features_logmel\val\9754.npy,neutral,val
features_logmel\val\9755.npy,angry,val
features_logmel\val\9756.npy,neutral,val
features_logmel\val\9757.npy,neutral,val
features_logmel\val\9758.npy,neutral,val
features_logmel\val\9759.npy,angry,val
features_logmel\val\9760.npy,neutral,val
features_logmel\val\9761.npy,sad,val
features_logmel\val\9762.npy,angry,val
features_logmel\val\9763.npy,neutral,val
features_logmel\val\9764.npy,angry,val
features_logmel\val\9765.npy,sad,val
features_logmel\val\9766.npy,neutral,val
features_logmel\val\9767.npy,sad,val
features_logmel\val\9768.npy,happy,val
features_logmel\val\9769.npy,sad,val
features_logmel\val\9770.npy,neutral,val
features_logmel\val\9771.npy,happy,val
features_logmel\val\9772.npy,happy,val
features_logmel\val\9773.npy,happy,val
features_logmel\val\9774.npy,neutral,val
features_logmel\val\9775.npy,sad,val
features_logmel\val\9776.npy,angry,val
features_logmel\val\9777.npy,sad,val
features_logmel\val\9778.npy,neutral,val
features_logmel\val\9779.npy,neutral,val
features_logmel\val\9780.npy,angry,val
features_logmel\val\9781.npy,sad,val
features_logmel\val\9782.npy,happy,val
features_logmel\val\9783.npy,happy,val
features_logmel\val\9784.npy,neutral,val
features_logmel\val\9785.npy,neutral,val
features_logmel\val\9786.npy,happy,val
features_logmel\val\9787.npy,neutral,val
features_logmel\val\9788.npy,happy,val
features_logmel\val\9789.npy,angry,val
features_logmel\val\9790.npy,neutral,val
features_logmel\val\9791.npy,sad,val
features_logmel\val\9792.npy,happy,val
features_logmel\val\9793.npy,neutral,val
features_logmel\val\9794.npy,sad,val
features_logmel\val\9795.npy,neutral,val
features_logmel\val\9796.npy,neutral,val
features_logmel\val\9797.npy,happy,val
features_logmel\val\9798.npy,happy,val
features_logmel\val\9799.npy,neutral,val
features_logmel\val\9800.npy,neutral,val
features_logmel\val\9801.npy,happy,val
features_logmel\val\9802.npy,happy,val
features_logmel\val\9803.npy,happy,val
features_logmel\val\9804.npy,neutral,val
features_logmel\val\9805.npy,happy,val
features_logmel\val\9806.npy,neutral,val
features_logmel\val\9807.npy,angry,val
features_logmel\val\9808.npy,angry,val
features_logmel\val\9809.npy,angry,val
features_logmel\val\9810.npy,angry,val
features_logmel\val\9811.npy,neutral,val
features_logmel\val\9812.npy,neutral,val
features_logmel\val\9813.npy,sad,val
features_logmel\val\9814.npy,happy,val
features_logmel\val\9815.npy,neutral,val
features_logmel\val\9816.npy,happy,val
features_logmel\val\9817.npy,happy,val
features_logmel\val\9818.npy,happy,val
features_logmel\val\9819.npy,happy,val
features_logmel\val\9820.npy,neutral,val
features_logmel\val\9821.npy,happy,val
features_logmel\val\9822.npy,angry,val
features_logmel\val\9823.npy,sad,val
features_logmel\val\9824.npy,angry,val
features_logmel\val\9825.npy,happy,val
features_logmel\val\9826.npy,angry,val
features_logmel\val\9827.npy,neutral,val
features_logmel\val\9828.npy,happy,val
features_logmel\val\9829.npy,sad,val
features_logmel\val\9830.npy,neutral,val
features_logmel\val\9831.npy,angry,val
features_logmel\val\9832.npy,angry,val
features_logmel\val\9833.npy,angry,val
features_logmel\val\9834.npy,angry,val
features_logmel\val\9835.npy,sad,val
features_logmel\val\9836.npy,neutral,val
features_logmel\val\9837.npy,happy,val
features_logmel\val\9838.npy,sad,val
features_logmel\val\9839.npy,angry,val
features_logmel\val\9840.npy,happy,val
features_logmel\val\9841.npy,sad,val
features_logmel\val\9842.npy,angry,val
features_logmel\val\9843.npy,happy,val
features_logmel\val\9844.npy,neutral,val
features_logmel\val\9845.npy,happy,val
features_logmel\val\9846.npy,angry,val
features_logmel\val\9847.npy,happy,val
features_logmel\val\9848.npy,angry,val
features_logmel\val\9849.npy,angry,val
features_logmel\val\9850.npy,sad,val
features_logmel\val\9851.npy,neutral,val
features_logmel\val\9852.npy,neutral,val
features_logmel\val\9853.npy,neutral,val
features_logmel\val\9854.npy,sad,val
features_logmel\val\9855.npy,neutral,val
features_logmel\val\9856.npy,neutral,val
features_logmel\val\9857.npy,happy,val
features_logmel\val\9858.npy,sad,val
features_logmel\val\9859.npy,neutral,val
features_logmel\val\9860.npy,happy,val
features_logmel\val\9861.npy,neutral,val
features_logmel\val\9862.npy,neutral,val
features_logmel\val\9863.npy,sad,val
features_logmel\val\9864.npy,neutral,val
features_logmel\val\9865.npy,neutral,val
features_logmel\val\9866.npy,angry,val
features_logmel\val\9867.npy,neutral,val
features_logmel\val\9868.npy,happy,val
features_logmel\val\9869.npy,happy,val
features_logmel\val\9870.npy,happy,val
features_logmel\val\9871.npy,happy,val
features_logmel\val\9872.npy,sad,val
features_logmel\val\9873.npy,neutral,val
features_logmel\val\9874.npy,happy,val
features_logmel\val\9875.npy,neutral,val
features_logmel\val\9876.npy,happy,val
features_logmel\val\9877.npy,sad,val
features_logmel\val\9878.npy,happy,val
features_logmel\val\9879.npy,angry,val
features_logmel\val\9880.npy,neutral,val
features_logmel\val\9881.npy,neutral,val
features_logmel\val\9882.npy,sad,val
features_logmel\val\9883.npy,happy,val
features_logmel\val\9884.npy,sad,val
features_logmel\val\9885.npy,angry,val
features_logmel\val\9886.npy,angry,val
features_logmel\val\9887.npy,neutral,val
features_logmel\val\9888.npy,happy,val
features_logmel\val\9889.npy,neutral,val
features_logmel\val\9890.npy,happy,val
features_logmel\val\9891.npy,neutral,val
features_logmel\val\9892.npy,angry,val
features_logmel\val\9893.npy,neutral,val
features_logmel\val\9894.npy,happy,val
features_logmel\val\9895.npy,happy,val
features_logmel\val\9896.npy,happy,val
features_logmel\val\9897.npy,angry,val
features_logmel\val\9898.npy,neutral,val
features_logmel\val\9899.npy,neutral,val
features_logmel\val\9900.npy,happy,val
features_logmel\val\9901.npy,happy,val
features_logmel\val\9902.npy,neutral,val
features_logmel\val\9903.npy,happy,val
features_logmel\val\9904.npy,angry,val
features_logmel\val\9905.npy,angry,val
features_logmel\val\9906.npy,angry,val
features_logmel\val\9907.npy,neutral,val
features_logmel\val\9908.npy,neutral,val
features_logmel\val\9909.npy,angry,val
features_logmel\val\9910.npy,happy,val
features_logmel\val\9911.npy,neutral,val
features_logmel\val\9912.npy,neutral,val
features_logmel\val\9913.npy,happy,val
features_logmel\val\9914.npy,sad,val
features_logmel\val\9915.npy,happy,val
features_logmel\val\9916.npy,happy,val
features_logmel\val\9917.npy,angry,val
features_logmel\val\9918.npy,angry,val
features_logmel\val\9919.npy,sad,val
features_logmel\val\9920.npy,happy,val
features_logmel\val\9921.npy,happy,val
features_logmel\val\9922.npy,angry,val
features_logmel\val\9923.npy,sad,val
features_logmel\val\9924.npy,neutral,val
features_logmel\val\9925.npy,neutral,val
features_logmel\val\9926.npy,sad,val
features_logmel\val\9927.npy,happy,val
features_logmel\val\9928.npy,angry,val
features_logmel\val\9929.npy,neutral,val
features_logmel\val\9930.npy,happy,val
features_logmel\val\9931.npy,neutral,val
features_logmel\val\9932.npy,neutral,val
features_logmel\val\9933.npy,angry,val
features_logmel\val\9934.npy,angry,val
features_logmel\val\9935.npy,neutral,val
features_logmel\val\9936.npy,neutral,val
features_logmel\val\9937.npy,neutral,val
features_logmel\val\9938.npy,happy,val
features_logmel\val\9939.npy,sad,val
features_logmel\val\9940.npy,angry,val
features_logmel\val\9941.npy,happy,val
features_logmel\val\9942.npy,happy,val
features_logmel\val\9943.npy,neutral,val
features_logmel\val\9944.npy,happy,val
features_logmel\val\9945.npy,angry,val
features_logmel\val\9946.npy,neutral,val
features_logmel\val\9947.npy,neutral,val
features_logmel\val\9948.npy,happy,val
features_logmel\val\9949.npy,angry,val
features_logmel\val\9950.npy,sad,val
features_logmel\val\9951.npy,happy,val
features_logmel\val\9952.npy,sad,val
features_logmel\val\9953.npy,sad,val
features_logmel\val\9954.npy,angry,val
features_logmel\val\9955.npy,happy,val
features_logmel\val\9956.npy,happy,val
features_logmel\val\9957.npy,angry,val
features_logmel\val\9958.npy,happy,val
features_logmel\val\9959.npy,angry,val
features_logmel\val\9960.npy,happy,val
features_logmel\val\9961.npy,sad,val
features_logmel\val\9962.npy,sad,val
features_logmel\val\9963.npy,sad,val
features_logmel\val\9964.npy,angry,val
features_logmel\val\9965.npy,happy,val
features_logmel\val\9966.npy,neutral,val
features_logmel\val\9967.npy,angry,val
features_logmel\val\9968.npy,angry,val
features_logmel\val\9969.npy,happy,val
features_logmel\val\9970.npy,angry,val
features_logmel\val\9971.npy,happy,val
features_logmel\val\9972.npy,neutral,val
features_logmel\val\9973.npy,happy,val
features_logmel\val\9974.npy,happy,val
features_logmel\val\9975.npy,neutral,val
features_logmel\val\9976.npy,happy,val
features_logmel\val\9977.npy,happy,val
features_logmel\val\9978.npy,neutral,val
features_logmel\val\9979.npy,angry,val
features_logmel\val\9980.npy,neutral,val
features_logmel\val\9981.npy,sad,val
features_logmel\val\9982.npy,neutral,val
features_logmel\val\9983.npy,angry,val
features_logmel\val\9984.npy,neutral,val
features_logmel\val\9985.npy,angry,val
features_logmel\val\9986.npy,neutral,val
features_logmel\val\9987.npy,sad,val
features_logmel\val\9988.npy,sad,val
features_logmel\val\9989.npy,neutral,val
features_logmel\val\9990.npy,angry,val
features_logmel\val\9991.npy,neutral,val
features_logmel\val\9992.npy,angry,val
features_logmel\val\9993.npy,neutral,val
features_logmel\val\9994.npy,neutral,val
features_logmel\val\9995.npy,happy,val
features_logmel\val\9996.npy,happy,val
features_logmel\val\9997.npy,angry,val
features_logmel\val\9998.npy,happy,val
features_logmel\val\9999.npy,sad,val
features_logmel\val\10000.npy,neutral,val
features_logmel\val\10001.npy,happy,val
features_logmel\val\10002.npy,neutral,val
features_logmel\val\10003.npy,happy,val
features_logmel\val\10004.npy,angry,val
features_logmel\val\10005.npy,sad,val
features_logmel\val\10006.npy,angry,val
features_logmel\val\10007.npy,happy,val
features_logmel\val\10008.npy,happy,val
features_logmel\val\10009.npy,angry,val
features_logmel\val\10010.npy,happy,val
features_logmel\val\10011.npy,happy,val
features_logmel\val\10012.npy,sad,val
features_logmel\val\10013.npy,sad,val
features_logmel\val\10014.npy,neutral,val
features_logmel\val\10015.npy,sad,val
features_logmel\val\10016.npy,angry,val
features_logmel\val\10017.npy,sad,val
features_logmel\val\10018.npy,sad,val
features_logmel\val\10019.npy,angry,val
features_logmel\val\10020.npy,happy,val
features_logmel\val\10021.npy,neutral,val
features_logmel\val\10022.npy,happy,val
features_logmel\val\10023.npy,happy,val
features_logmel\val\10024.npy,neutral,val
features_logmel\val\10025.npy,sad,val
features_logmel\val\10026.npy,angry,val
features_logmel\val\10027.npy,happy,val
features_logmel\val\10028.npy,angry,val
features_logmel\val\10029.npy,sad,val
features_logmel\val\10030.npy,neutral,val
features_logmel\val\10031.npy,sad,val
features_logmel\val\10032.npy,angry,val
features_logmel\val\10033.npy,happy,val
features_logmel\val\10034.npy,angry,val
features_logmel\val\10035.npy,sad,val
features_logmel\val\10036.npy,angry,val
features_logmel\val\10037.npy,angry,val
features_logmel\val\10038.npy,happy,val
features_logmel\val\10039.npy,angry,val
features_logmel\val\10040.npy,happy,val
features_logmel\val\10041.npy,neutral,val
features_logmel\val\10042.npy,sad,val
features_logmel\val\10043.npy,happy,val
features_logmel\val\10044.npy,happy,val
features_logmel\val\10045.npy,neutral,val
features_logmel\val\10046.npy,happy,val
features_logmel\val\10047.npy,angry,val
features_logmel\val\10048.npy,sad,val
features_logmel\val\10049.npy,neutral,val
features_logmel\val\10050.npy,sad,val
features_logmel\val\10051.npy,neutral,val
features_logmel\val\10052.npy,neutral,val
features_logmel\val\10053.npy,happy,val
features_logmel\val\10054.npy,happy,val
features_logmel\val\10055.npy,angry,val
features_logmel\val\10056.npy,happy,val
features_logmel\val\10057.npy,neutral,val
features_logmel\val\10058.npy,neutral,val
features_logmel\val\10059.npy,angry,val
features_logmel\val\10060.npy,happy,val
features_logmel\val\10061.npy,happy,val
features_logmel\val\10062.npy,sad,val
features_logmel\val\10063.npy,neutral,val
features_logmel\val\10064.npy,sad,val
features_logmel\val\10065.npy,angry,val
features_logmel\val\10066.npy,happy,val
features_logmel\val\10067.npy,happy,val
features_logmel\val\10068.npy,angry,val
features_logmel\val\10069.npy,neutral,val
features_logmel\val\10070.npy,sad,val
features_logmel\val\10071.npy,angry,val
features_logmel\val\10072.npy,neutral,val
features_logmel\val\10073.npy,neutral,val
features_logmel\val\10074.npy,neutral,val
features_logmel\val\10075.npy,sad,val
features_logmel\val\10076.npy,sad,val
features_logmel\val\10077.npy,happy,val
features_logmel\val\10078.npy,happy,val
features_logmel\val\10079.npy,sad,val
features_logmel\val\10080.npy,happy,val
features_logmel\val\10081.npy,angry,val
features_logmel\val\10082.npy,sad,val
features_logmel\val\10083.npy,sad,val
features_logmel\val\10084.npy,sad,val
features_logmel\val\10085.npy,angry,val
features_logmel\val\10086.npy,angry,val
features_logmel\val\10087.npy,sad,val
features_logmel\val\10088.npy,neutral,val
features_logmel\val\10089.npy,happy,val
features_logmel\val\10090.npy,neutral,val
features_logmel\val\10091.npy,happy,val
features_logmel\val\10092.npy,sad,val
features_logmel\val\10093.npy,happy,val
features_logmel\val\10094.npy,neutral,val
features_logmel\val\10095.npy,sad,val
features_logmel\val\10096.npy,neutral,val
features_logmel\val\10097.npy,angry,val
features_logmel\val\10098.npy,neutral,val
features_logmel\val\10099.npy,angry,val
features_logmel\val\10100.npy,happy,val
features_logmel\val\10101.npy,sad,val
features_logmel\val\10102.npy,happy,val
features_logmel\val\10103.npy,happy,val
features_logmel\val\10104.npy,neutral,val
features_logmel\val\10105.npy,sad,val
features_logmel\val\10106.npy,happy,val
features_logmel\val\10107.npy,sad,val
features_logmel\val\10108.npy,angry,val
features_logmel\val\10109.npy,neutral,val
features_logmel\val\10110.npy,sad,val
features_logmel\val\10111.npy,happy,val
features_logmel\val\10112.npy,angry,val
features_logmel\val\10113.npy,happy,val
features_logmel\val\10114.npy,neutral,val
features_logmel\val\10115.npy,sad,val
features_logmel\val\10116.npy,angry,val
features_logmel\val\10117.npy,happy,val
features_logmel\val\10118.npy,angry,val
features_logmel\val\10119.npy,angry,val
features_logmel\val\10120.npy,happy,val
features_logmel\val\10121.npy,neutral,val
features_logmel\val\10122.npy,happy,val
features_logmel\val\10123.npy,sad,val
features_logmel\val\10124.npy,angry,val
features_logmel\val\10125.npy,happy,val
features_logmel\val\10126.npy,sad,val
features_logmel\val\10127.npy,sad,val
features_logmel\val\10128.npy,angry,val
features_logmel\val\10129.npy,sad,val
features_logmel\val\10130.npy,happy,val
features_logmel\val\10131.npy,neutral,val
features_logmel\val\10132.npy,happy,val
features_logmel\val\10133.npy,sad,val
features_logmel\val\10134.npy,happy,val
features_logmel\val\10135.npy,neutral,val
features_logmel\val\10136.npy,neutral,val
features_logmel\val\10137.npy,neutral,val
features_logmel\val\10138.npy,happy,val
features_logmel\val\10139.npy,happy,val
features_logmel\val\10140.npy,angry,val
features_logmel\val\10141.npy,neutral,val
features_logmel\val\10142.npy,neutral,val
features_logmel\val\10143.npy,happy,val
features_logmel\val\10144.npy,sad,val
features_logmel\val\10145.npy,neutral,val
features_logmel\val\10146.npy,angry,val
features_logmel\val\10147.npy,sad,val
features_logmel\val\10148.npy,angry,val
features_logmel\val\10149.npy,neutral,val
features_logmel\val\10150.npy,sad,val
features_logmel\val\10151.npy,neutral,val
features_logmel\val\10152.npy,sad,val
features_logmel\val\10153.npy,sad,val
features_logmel\val\10154.npy,angry,val
features_logmel\val\10155.npy,angry,val
features_logmel\val\10156.npy,sad,val
features_logmel\val\10157.npy,neutral,val
features_logmel\val\10158.npy,neutral,val
features_logmel\val\10159.npy,happy,val
features_logmel\val\10160.npy,neutral,val
features_logmel\val\10161.npy,happy,val
features_logmel\val\10162.npy,happy,val
features_logmel\val\10163.npy,angry,val
features_logmel\val\10164.npy,neutral,val
features_logmel\val\10165.npy,sad,val
features_logmel\val\10166.npy,happy,val
features_logmel\val\10167.npy,neutral,val
features_logmel\val\10168.npy,happy,val
features_logmel\val\10169.npy,neutral,val
features_logmel\val\10170.npy,neutral,val
features_logmel\val\10171.npy,neutral,val
features_logmel\val\10172.npy,angry,val
features_logmel\val\10173.npy,neutral,val
features_logmel\val\10174.npy,happy,val
features_logmel\val\10175.npy,angry,val
features_logmel\val\10176.npy,happy,val
features_logmel\val\10177.npy,angry,val
features_logmel\val\10178.npy,happy,val
features_logmel\val\10179.npy,happy,val
features_logmel\val\10180.npy,neutral,val
features_logmel\val\10181.npy,neutral,val
features_logmel\val\10182.npy,neutral,val
features_logmel\val\10183.npy,sad,val
features_logmel\val\10184.npy,sad,val
features_logmel\val\10185.npy,happy,val
features_logmel\val\10186.npy,neutral,val
features_logmel\val\10187.npy,angry,val
features_logmel\val\10188.npy,sad,val
features_logmel\val\10189.npy,angry,val
features_logmel\val\10190.npy,angry,val
features_logmel\val\10191.npy,happy,val
features_logmel\val\10192.npy,angry,val
features_logmel\val\10193.npy,happy,val
features_logmel\val\10194.npy,neutral,val
features_logmel\val\10195.npy,sad,val
features_logmel\val\10196.npy,neutral,val
features_logmel\val\10197.npy,happy,val
features_logmel\val\10198.npy,angry,val
features_logmel\val\10199.npy,happy,val
features_logmel\val\10200.npy,happy,val
features_logmel\val\10201.npy,sad,val
features_logmel\val\10202.npy,angry,val
features_logmel\val\10203.npy,sad,val
features_logmel\val\10204.npy,happy,val
features_logmel\val\10205.npy,happy,val
features_logmel\val\10206.npy,angry,val
features_logmel\val\10207.npy,angry,val
features_logmel\val\10208.npy,happy,val
features_logmel\val\10209.npy,sad,val
features_logmel\val\10210.npy,sad,val
features_logmel\val\10211.npy,neutral,val
features_logmel\val\10212.npy,sad,val
features_logmel\val\10213.npy,sad,val
features_logmel\val\10214.npy,happy,val
features_logmel\val\10215.npy,sad,val
features_logmel\val\10216.npy,sad,val
features_logmel\val\10217.npy,happy,val
features_logmel\val\10218.npy,sad,val
features_logmel\val\10219.npy,angry,val
features_logmel\val\10220.npy,happy,val
features_logmel\val\10221.npy,sad,val
features_logmel\val\10222.npy,happy,val
features_logmel\val\10223.npy,neutral,val
features_logmel\val\10224.npy,angry,val
features_logmel\val\10225.npy,angry,val
features_logmel\val\10226.npy,happy,val
features_logmel\val\10227.npy,neutral,val
features_logmel\val\10228.npy,neutral,val
features_logmel\val\10229.npy,happy,val
features_logmel\val\10230.npy,angry,val
features_logmel\val\10231.npy,angry,val
features_logmel\val\10232.npy,happy,val
features_logmel\val\10233.npy,sad,val
features_logmel\val\10234.npy,happy,val
features_logmel\val\10235.npy,neutral,val
features_logmel\val\10236.npy,angry,val
features_logmel\val\10237.npy,happy,val
features_logmel\val\10238.npy,angry,val
features_logmel\val\10239.npy,angry,val
features_logmel\val\10240.npy,happy,val
features_logmel\val\10241.npy,neutral,val
features_logmel\val\10242.npy,angry,val
features_logmel\val\10243.npy,happy,val
features_logmel\val\10244.npy,neutral,val
features_logmel\val\10245.npy,sad,val
features_logmel\val\10246.npy,sad,val
features_logmel\val\10247.npy,happy,val
features_logmel\val\10248.npy,sad,val
features_logmel\val\10249.npy,angry,val
features_logmel\val\10250.npy,neutral,val
features_logmel\val\10251.npy,happy,val
features_logmel\val\10252.npy,sad,val
features_logmel\val\10253.npy,angry,val
features_logmel\val\10254.npy,angry,val
features_logmel\val\10255.npy,angry,val
features_logmel\val\10256.npy,neutral,val
features_logmel\val\10257.npy,sad,val
features_logmel\val\10258.npy,sad,val
features_logmel\val\10259.npy,sad,val
features_logmel\val\10260.npy,neutral,val
features_logmel\val\10261.npy,sad,val
features_logmel\val\10262.npy,angry,val
features_logmel\val\10263.npy,neutral,val
features_logmel\val\10264.npy,sad,val
features_logmel\val\10265.npy,happy,val
features_logmel\val\10266.npy,happy,val
features_logmel\val\10267.npy,sad,val
features_logmel\val\10268.npy,neutral,val
features_logmel\val\10269.npy,neutral,val
features_logmel\val\10270.npy,angry,val
features_logmel\val\10271.npy,neutral,val
features_logmel\val\10272.npy,neutral,val
features_logmel\val\10273.npy,angry,val
features_logmel\val\10274.npy,neutral,val
features_logmel\val\10275.npy,happy,val
features_logmel\val\10276.npy,sad,val
features_logmel\val\10277.npy,angry,val
features_logmel\val\10278.npy,neutral,val
features_logmel\val\10279.npy,happy,val
features_logmel\val\10280.npy,sad,val
features_logmel\val\10281.npy,neutral,val
features_logmel\val\10282.npy,sad,val
features_logmel\val\10283.npy,neutral,val
features_logmel\val\10284.npy,angry,val
features_logmel\val\10285.npy,happy,val
features_logmel\val\10286.npy,sad,val
features_logmel\val\10287.npy,happy,val
features_logmel\val\10288.npy,angry,val
features_logmel\val\10289.npy,neutral,val
features_logmel\val\10290.npy,angry,val
features_logmel\val\10291.npy,happy,val
features_logmel\val\10292.npy,angry,val
features_logmel\val\10293.npy,sad,val
features_logmel\val\10294.npy,sad,val
features_logmel\val\10295.npy,happy,val
features_logmel\val\10296.npy,happy,val
features_logmel\val\10297.npy,neutral,val
features_logmel\val\10298.npy,angry,val
features_logmel\val\10299.npy,sad,val
features_logmel\val\10300.npy,sad,val
features_logmel\val\10301.npy,neutral,val
features_logmel\val\10302.npy,neutral,val
features_logmel\val\10303.npy,sad,val
features_logmel\val\10304.npy,neutral,val
features_logmel\val\10305.npy,happy,val
features_logmel\val\10306.npy,happy,val
features_logmel\val\10307.npy,neutral,val
features_logmel\val\10308.npy,sad,val
features_logmel\val\10309.npy,sad,val
features_logmel\val\10310.npy,neutral,val
features_logmel\val\10311.npy,happy,val
features_logmel\val\10312.npy,neutral,val
features_logmel\val\10313.npy,sad,val
features_logmel\val\10314.npy,sad,val
features_logmel\val\10315.npy,neutral,val
features_logmel\val\10316.npy,happy,val
features_logmel\val\10317.npy,sad,val
features_logmel\val\10318.npy,sad,val
features_logmel\val\10319.npy,happy,val
features_logmel\val\10320.npy,happy,val
features_logmel\val\10321.npy,sad,val
features_logmel\val\10322.npy,sad,val
features_logmel\val\10323.npy,happy,val
features_logmel\val\10324.npy,sad,val
features_logmel\val\10325.npy,neutral,val
features_logmel\val\10326.npy,neutral,val
features_logmel\val\10327.npy,neutral,val
features_logmel\val\10328.npy,angry,val
features_logmel\val\10329.npy,sad,val
features_logmel\val\10330.npy,angry,val
features_logmel\val\10331.npy,angry,val
features_logmel\val\10332.npy,happy,val
features_logmel\val\10333.npy,neutral,val
features_logmel\val\10334.npy,happy,val
features_logmel\test\10335.npy,sad,test
features_logmel\test\10336.npy,happy,test
features_logmel\test\10337.npy,angry,test
features_logmel\test\10338.npy,sad,test
features_logmel\test\10339.npy,happy,test
features_logmel\test\10340.npy,angry,test
features_logmel\test\10341.npy,happy,test
features_logmel\test\10342.npy,sad,test
features_logmel\test\10343.npy,angry,test
features_logmel\test\10344.npy,angry,test
features_logmel\test\10345.npy,sad,test
features_logmel\test\10346.npy,neutral,test
features_logmel\test\10347.npy,sad,test
features_logmel\test\10348.npy,sad,test
features_logmel\test\10349.npy,neutral,test
features_logmel\test\10350.npy,neutral,test
features_logmel\test\10351.npy,angry,test
features_logmel\test\10352.npy,happy,test
features_logmel\test\10353.npy,happy,test
features_logmel\test\10354.npy,angry,test
features_logmel\test\10355.npy,angry,test
features_logmel\test\10356.npy,happy,test
features_logmel\test\10357.npy,angry,test
features_logmel\test\10358.npy,angry,test
features_logmel\test\10359.npy,angry,test
features_logmel\test\10360.npy,happy,test
features_logmel\test\10361.npy,sad,test
features_logmel\test\10362.npy,happy,test
features_logmel\test\10363.npy,neutral,test
features_logmel\test\10364.npy,sad,test
features_logmel\test\10365.npy,neutral,test
features_logmel\test\10366.npy,happy,test
features_logmel\test\10367.npy,sad,test
features_logmel\test\10368.npy,happy,test
features_logmel\test\10369.npy,sad,test
features_logmel\test\10370.npy,angry,test
features_logmel\test\10371.npy,happy,test
features_logmel\test\10372.npy,angry,test
features_logmel\test\10373.npy,neutral,test
features_logmel\test\10374.npy,neutral,test
features_logmel\test\10375.npy,happy,test
features_logmel\test\10376.npy,happy,test
features_logmel\test\10377.npy,angry,test
features_logmel\test\10378.npy,sad,test
features_logmel\test\10379.npy,happy,test
features_logmel\test\10380.npy,angry,test
features_logmel\test\10381.npy,sad,test
features_logmel\test\10382.npy,happy,test
features_logmel\test\10383.npy,angry,test
features_logmel\test\10384.npy,sad,test
features_logmel\test\10385.npy,neutral,test
features_logmel\test\10386.npy,happy,test
features_logmel\test\10387.npy,neutral,test
features_logmel\test\10388.npy,angry,test
features_logmel\test\10389.npy,neutral,test
features_logmel\test\10390.npy,neutral,test
features_logmel\test\10391.npy,neutral,test
features_logmel\test\10392.npy,neutral,test
features_logmel\test\10393.npy,angry,test
features_logmel\test\10394.npy,neutral,test
features_logmel\test\10395.npy,sad,test
features_logmel\test\10396.npy,neutral,test
features_logmel\test\10397.npy,neutral,test
features_logmel\test\10398.npy,angry,test
features_logmel\test\10399.npy,sad,test
features_logmel\test\10400.npy,neutral,test
features_logmel\test\10401.npy,sad,test
features_logmel\test\10402.npy,happy,test
features_logmel\test\10403.npy,neutral,test
features_logmel\test\10404.npy,sad,test
features_logmel\test\10405.npy,neutral,test
features_logmel\test\10406.npy,happy,test
features_logmel\test\10407.npy,happy,test
features_logmel\test\10408.npy,neutral,test
features_logmel\test\10409.npy,happy,test
features_logmel\test\10410.npy,sad,test
features_logmel\test\10411.npy,sad,test
features_logmel\test\10412.npy,sad,test
features_logmel\test\10413.npy,happy,test
features_logmel\test\10414.npy,angry,test
features_logmel\test\10415.npy,neutral,test
features_logmel\test\10416.npy,angry,test
features_logmel\test\10417.npy,neutral,test
features_logmel\test\10418.npy,angry,test
features_logmel\test\10419.npy,angry,test
features_logmel\test\10420.npy,neutral,test
features_logmel\test\10421.npy,happy,test
features_logmel\test\10422.npy,angry,test
features_logmel\test\10423.npy,happy,test
features_logmel\test\10424.npy,happy,test
features_logmel\test\10425.npy,happy,test
features_logmel\test\10426.npy,happy,test
features_logmel\test\10427.npy,neutral,test
features_logmel\test\10428.npy,happy,test
features_logmel\test\10429.npy,angry,test
features_logmel\test\10430.npy,angry,test
features_logmel\test\10431.npy,neutral,test
features_logmel\test\10432.npy,angry,test
features_logmel\test\10433.npy,sad,test
features_logmel\test\10434.npy,happy,test
features_logmel\test\10435.npy,neutral,test
features_logmel\test\10436.npy,happy,test
features_logmel\test\10437.npy,sad,test
features_logmel\test\10438.npy,happy,test
features_logmel\test\10439.npy,sad,test
features_logmel\test\10440.npy,sad,test
features_logmel\test\10441.npy,happy,test
features_logmel\test\10442.npy,neutral,test
features_logmel\test\10443.npy,sad,test
features_logmel\test\10444.npy,neutral,test
features_logmel\test\10445.npy,neutral,test
features_logmel\test\10446.npy,angry,test
features_logmel\test\10447.npy,neutral,test
features_logmel\test\10448.npy,neutral,test
features_logmel\test\10449.npy,neutral,test
features_logmel\test\10450.npy,sad,test
features_logmel\test\10451.npy,happy,test
features_logmel\test\10452.npy,sad,test
features_logmel\test\10453.npy,happy,test
features_logmel\test\10454.npy,happy,test
features_logmel\test\10455.npy,neutral,test
features_logmel\test\10456.npy,sad,test
features_logmel\test\10457.npy,neutral,test
features_logmel\test\10458.npy,angry,test
features_logmel\test\10459.npy,sad,test
features_logmel\test\10460.npy,angry,test
features_logmel\test\10461.npy,angry,test
features_logmel\test\10462.npy,happy,test
features_logmel\test\10463.npy,happy,test
features_logmel\test\10464.npy,sad,test
features_logmel\test\10465.npy,neutral,test
features_logmel\test\10466.npy,neutral,test
features_logmel\test\10467.npy,happy,test
features_logmel\test\10468.npy,happy,test
features_logmel\test\10469.npy,angry,test
features_logmel\test\10470.npy,angry,test
features_logmel\test\10471.npy,sad,test
features_logmel\test\10472.npy,sad,test
features_logmel\test\10473.npy,sad,test
features_logmel\test\10474.npy,sad,test
features_logmel\test\10475.npy,sad,test
features_logmel\test\10476.npy,neutral,test
features_logmel\test\10477.npy,sad,test
features_logmel\test\10478.npy,angry,test
features_logmel\test\10479.npy,happy,test
features_logmel\test\10480.npy,happy,test
features_logmel\test\10481.npy,happy,test
features_logmel\test\10482.npy,sad,test
features_logmel\test\10483.npy,neutral,test
features_logmel\test\10484.npy,happy,test
features_logmel\test\10485.npy,neutral,test
features_logmel\test\10486.npy,sad,test
features_logmel\test\10487.npy,sad,test
features_logmel\test\10488.npy,angry,test
features_logmel\test\10489.npy,angry,test
features_logmel\test\10490.npy,happy,test
features_logmel\test\10491.npy,neutral,test
features_logmel\test\10492.npy,neutral,test
features_logmel\test\10493.npy,angry,test
features_logmel\test\10494.npy,sad,test
features_logmel\test\10495.npy,angry,test
features_logmel\test\10496.npy,neutral,test
features_logmel\test\10497.npy,happy,test
features_logmel\test\10498.npy,happy,test
features_logmel\test\10499.npy,angry,test
features_logmel\test\10500.npy,angry,test
features_logmel\test\10501.npy,sad,test
features_logmel\test\10502.npy,neutral,test
features_logmel\test\10503.npy,neutral,test
features_logmel\test\10504.npy,neutral,test
features_logmel\test\10505.npy,angry,test
features_logmel\test\10506.npy,happy,test
features_logmel\test\10507.npy,sad,test
features_logmel\test\10508.npy,angry,test
features_logmel\test\10509.npy,sad,test
features_logmel\test\10510.npy,happy,test
features_logmel\test\10511.npy,happy,test
features_logmel\test\10512.npy,angry,test
features_logmel\test\10513.npy,neutral,test
features_logmel\test\10514.npy,happy,test
features_logmel\test\10515.npy,neutral,test
features_logmel\test\10516.npy,neutral,test
features_logmel\test\10517.npy,neutral,test
features_logmel\test\10518.npy,neutral,test
features_logmel\test\10519.npy,neutral,test
features_logmel\test\10520.npy,sad,test
features_logmel\test\10521.npy,sad,test
features_logmel\test\10522.npy,happy,test
features_logmel\test\10523.npy,angry,test
features_logmel\test\10524.npy,sad,test
features_logmel\test\10525.npy,neutral,test
features_logmel\test\10526.npy,neutral,test
features_logmel\test\10527.npy,angry,test
features_logmel\test\10528.npy,happy,test
features_logmel\test\10529.npy,sad,test
features_logmel\test\10530.npy,happy,test
features_logmel\test\10531.npy,neutral,test
features_logmel\test\10532.npy,angry,test
features_logmel\test\10533.npy,sad,test
features_logmel\test\10534.npy,sad,test
features_logmel\test\10535.npy,happy,test
features_logmel\test\10536.npy,happy,test
features_logmel\test\10537.npy,angry,test
features_logmel\test\10538.npy,angry,test
features_logmel\test\10539.npy,neutral,test
features_logmel\test\10540.npy,happy,test
features_logmel\test\10541.npy,sad,test
features_logmel\test\10542.npy,sad,test
features_logmel\test\10543.npy,sad,test
features_logmel\test\10544.npy,angry,test
features_logmel\test\10545.npy,angry,test
features_logmel\test\10546.npy,sad,test
features_logmel\test\10547.npy,happy,test
features_logmel\test\10548.npy,sad,test
features_logmel\test\10549.npy,sad,test
features_logmel\test\10550.npy,neutral,test
features_logmel\test\10551.npy,sad,test
features_logmel\test\10552.npy,neutral,test
features_logmel\test\10553.npy,happy,test
features_logmel\test\10554.npy,happy,test
features_logmel\test\10555.npy,angry,test
features_logmel\test\10556.npy,sad,test
features_logmel\test\10557.npy,happy,test
features_logmel\test\10558.npy,sad,test
features_logmel\test\10559.npy,angry,test
features_logmel\test\10560.npy,neutral,test
features_logmel\test\10561.npy,sad,test
features_logmel\test\10562.npy,happy,test
features_logmel\test\10563.npy,sad,test
features_logmel\test\10564.npy,neutral,test
features_logmel\test\10565.npy,neutral,test
features_logmel\test\10566.npy,angry,test
features_logmel\test\10567.npy,happy,test
features_logmel\test\10568.npy,happy,test
features_logmel\test\10569.npy,angry,test
features_logmel\test\10570.npy,happy,test
features_logmel\test\10571.npy,happy,test
features_logmel\test\10572.npy,angry,test
features_logmel\test\10573.npy,angry,test
features_logmel\test\10574.npy,sad,test
features_logmel\test\10575.npy,happy,test
features_logmel\test\10576.npy,happy,test
features_logmel\test\10577.npy,neutral,test
features_logmel\test\10578.npy,sad,test
features_logmel\test\10579.npy,angry,test
features_logmel\test\10580.npy,angry,test
features_logmel\test\10581.npy,neutral,test
features_logmel\test\10582.npy,neutral,test
features_logmel\test\10583.npy,sad,test
features_logmel\test\10584.npy,happy,test
features_logmel\test\10585.npy,neutral,test
features_logmel\test\10586.npy,happy,test
features_logmel\test\10587.npy,neutral,test
features_logmel\test\10588.npy,neutral,test
features_logmel\test\10589.npy,angry,test
features_logmel\test\10590.npy,sad,test
features_logmel\test\10591.npy,angry,test
features_logmel\test\10592.npy,angry,test
features_logmel\test\10593.npy,happy,test
features_logmel\test\10594.npy,neutral,test
features_logmel\test\10595.npy,sad,test
features_logmel\test\10596.npy,angry,test
features_logmel\test\10597.npy,happy,test
features_logmel\test\10598.npy,angry,test
features_logmel\test\10599.npy,happy,test
features_logmel\test\10600.npy,angry,test
features_logmel\test\10601.npy,angry,test
features_logmel\test\10602.npy,angry,test
features_logmel\test\10603.npy,neutral,test
features_logmel\test\10604.npy,neutral,test
features_logmel\test\10605.npy,happy,test
features_logmel\test\10606.npy,neutral,test
features_logmel\test\10607.npy,sad,test
features_logmel\test\10608.npy,angry,test
features_logmel\test\10609.npy,angry,test
features_logmel\test\10610.npy,neutral,test
features_logmel\test\10611.npy,sad,test
features_logmel\test\10612.npy,angry,test
features_logmel\test\10613.npy,angry,test
features_logmel\test\10614.npy,angry,test
features_logmel\test\10615.npy,angry,test
features_logmel\test\10616.npy,angry,test
features_logmel\test\10617.npy,happy,test
features_logmel\test\10618.npy,angry,test
features_logmel\test\10619.npy,neutral,test
features_logmel\test\10620.npy,happy,test
features_logmel\test\10621.npy,angry,test
features_logmel\test\10622.npy,angry,test
features_logmel\test\10623.npy,angry,test
features_logmel\test\10624.npy,neutral,test
features_logmel\test\10625.npy,neutral,test
features_logmel\test\10626.npy,sad,test
features_logmel\test\10627.npy,sad,test
features_logmel\test\10628.npy,happy,test
features_logmel\test\10629.npy,neutral,test
features_logmel\test\10630.npy,happy,test
features_logmel\test\10631.npy,sad,test
features_logmel\test\10632.npy,sad,test
features_logmel\test\10633.npy,happy,test
features_logmel\test\10634.npy,neutral,test
features_logmel\test\10635.npy,neutral,test
features_logmel\test\10636.npy,neutral,test
features_logmel\test\10637.npy,neutral,test
features_logmel\test\10638.npy,neutral,test
features_logmel\test\10639.npy,neutral,test
features_logmel\test\10640.npy,sad,test
features_logmel\test\10641.npy,angry,test
features_logmel\test\10642.npy,neutral,test
features_logmel\test\10643.npy,neutral,test
features_logmel\test\10644.npy,angry,test
features_logmel\test\10645.npy,happy,test
features_logmel\test\10646.npy,neutral,test
features_logmel\test\10647.npy,happy,test
features_logmel\test\10648.npy,sad,test
features_logmel\test\10649.npy,happy,test
features_logmel\test\10650.npy,happy,test
features_logmel\test\10651.npy,happy,test
features_logmel\test\10652.npy,angry,test
features_logmel\test\10653.npy,happy,test
features_logmel\test\10654.npy,happy,test
features_logmel\test\10655.npy,neutral,test
features_logmel\test\10656.npy,angry,test
features_logmel\test\10657.npy,happy,test
features_logmel\test\10658.npy,happy,test
features_logmel\test\10659.npy,neutral,test
features_logmel\test\10660.npy,sad,test
features_logmel\test\10661.npy,angry,test
features_logmel\test\10662.npy,neutral,test
features_logmel\test\10663.npy,happy,test
features_logmel\test\10664.npy,happy,test
features_logmel\test\10665.npy,neutral,test
features_logmel\test\10666.npy,angry,test
features_logmel\test\10667.npy,happy,test
features_logmel\test\10668.npy,angry,test
features_logmel\test\10669.npy,neutral,test
features_logmel\test\10670.npy,sad,test
features_logmel\test\10671.npy,sad,test
features_logmel\test\10672.npy,angry,test
features_logmel\test\10673.npy,happy,test
features_logmel\test\10674.npy,sad,test
features_logmel\test\10675.npy,sad,test
features_logmel\test\10676.npy,neutral,test
features_logmel\test\10677.npy,angry,test
features_logmel\test\10678.npy,sad,test
features_logmel\test\10679.npy,neutral,test
features_logmel\test\10680.npy,sad,test
features_logmel\test\10681.npy,happy,test
features_logmel\test\10682.npy,neutral,test
features_logmel\test\10683.npy,happy,test
features_logmel\test\10684.npy,angry,test
features_logmel\test\10685.npy,happy,test
features_logmel\test\10686.npy,angry,test
features_logmel\test\10687.npy,happy,test
features_logmel\test\10688.npy,happy,test
features_logmel\test\10689.npy,neutral,test
features_logmel\test\10690.npy,happy,test
features_logmel\test\10691.npy,happy,test
features_logmel\test\10692.npy,happy,test
features_logmel\test\10693.npy,neutral,test
features_logmel\test\10694.npy,happy,test
features_logmel\test\10695.npy,angry,test
features_logmel\test\10696.npy,angry,test
features_logmel\test\10697.npy,happy,test
features_logmel\test\10698.npy,angry,test
features_logmel\test\10699.npy,neutral,test
features_logmel\test\10700.npy,angry,test
features_logmel\test\10701.npy,angry,test
features_logmel\test\10702.npy,angry,test
features_logmel\test\10703.npy,happy,test
features_logmel\test\10704.npy,neutral,test
features_logmel\test\10705.npy,happy,test
features_logmel\test\10706.npy,happy,test
features_logmel\test\10707.npy,happy,test
features_logmel\test\10708.npy,sad,test
features_logmel\test\10709.npy,angry,test
features_logmel\test\10710.npy,neutral,test
features_logmel\test\10711.npy,sad,test
features_logmel\test\10712.npy,angry,test
features_logmel\test\10713.npy,happy,test
features_logmel\test\10714.npy,happy,test
features_logmel\test\10715.npy,sad,test
features_logmel\test\10716.npy,happy,test
features_logmel\test\10717.npy,sad,test
features_logmel\test\10718.npy,angry,test
features_logmel\test\10719.npy,angry,test
features_logmel\test\10720.npy,neutral,test
features_logmel\test\10721.npy,neutral,test
features_logmel\test\10722.npy,angry,test
features_logmel\test\10723.npy,sad,test
features_logmel\test\10724.npy,happy,test
features_logmel\test\10725.npy,angry,test
features_logmel\test\10726.npy,neutral,test
features_logmel\test\10727.npy,happy,test
features_logmel\test\10728.npy,angry,test
features_logmel\test\10729.npy,sad,test
features_logmel\test\10730.npy,angry,test
features_logmel\test\10731.npy,angry,test
features_logmel\test\10732.npy,happy,test
features_logmel\test\10733.npy,happy,test
features_logmel\test\10734.npy,neutral,test
features_logmel\test\10735.npy,sad,test
features_logmel\test\10736.npy,neutral,test
features_logmel\test\10737.npy,neutral,test
features_logmel\test\10738.npy,sad,test
features_logmel\test\10739.npy,angry,test
features_logmel\test\10740.npy,happy,test
features_logmel\test\10741.npy,angry,test
features_logmel\test\10742.npy,sad,test
features_logmel\test\10743.npy,happy,test
features_logmel\test\10744.npy,happy,test
features_logmel\test\10745.npy,neutral,test
features_logmel\test\10746.npy,neutral,test
features_logmel\test\10747.npy,happy,test
features_logmel\test\10748.npy,neutral,test
features_logmel\test\10749.npy,sad,test
features_logmel\test\10750.npy,sad,test
features_logmel\test\10751.npy,neutral,test
features_logmel\test\10752.npy,sad,test
features_logmel\test\10753.npy,sad,test
features_logmel\test\10754.npy,neutral,test
features_logmel\test\10755.npy,sad,test
features_logmel\test\10756.npy,neutral,test
features_logmel\test\10757.npy,sad,test
features_logmel\test\10758.npy,happy,test
features_logmel\test\10759.npy,neutral,test
features_logmel\test\10760.npy,sad,test
features_logmel\test\10761.npy,sad,test
features_logmel\test\10762.npy,neutral,test
features_logmel\test\10763.npy,angry,test
features_logmel\test\10764.npy,happy,test
features_logmel\test\10765.npy,neutral,test
features_logmel\test\10766.npy,happy,test
features_logmel\test\10767.npy,sad,test
features_logmel\test\10768.npy,happy,test
features_logmel\test\10769.npy,angry,test
features_logmel\test\10770.npy,sad,test
features_logmel\test\10771.npy,happy,test
features_logmel\test\10772.npy,angry,test
features_logmel\test\10773.npy,neutral,test
features_logmel\test\10774.npy,neutral,test
features_logmel\test\10775.npy,sad,test
features_logmel\test\10776.npy,angry,test
features_logmel\test\10777.npy,angry,test
features_logmel\test\10778.npy,neutral,test
features_logmel\test\10779.npy,happy,test
features_logmel\test\10780.npy,angry,test
features_logmel\test\10781.npy,neutral,test
features_logmel\test\10782.npy,angry,test
features_logmel\test\10783.npy,angry,test
features_logmel\test\10784.npy,happy,test
features_logmel\test\10785.npy,neutral,test
features_logmel\test\10786.npy,angry,test
features_logmel\test\10787.npy,neutral,test
features_logmel\test\10788.npy,angry,test
features_logmel\test\10789.npy,neutral,test
features_logmel\test\10790.npy,happy,test
features_logmel\test\10791.npy,sad,test
features_logmel\test\10792.npy,angry,test
features_logmel\test\10793.npy,happy,test
features_logmel\test\10794.npy,happy,test
features_logmel\test\10795.npy,sad,test
features_logmel\test\10796.npy,angry,test
features_logmel\test\10797.npy,happy,test
features_logmel\test\10798.npy,sad,test
features_logmel\test\10799.npy,angry,test
features_logmel\test\10800.npy,angry,test
features_logmel\test\10801.npy,neutral,test
features_logmel\test\10802.npy,neutral,test
features_logmel\test\10803.npy,neutral,test
features_logmel\test\10804.npy,angry,test
features_logmel\test\10805.npy,happy,test
features_logmel\test\10806.npy,angry,test
features_logmel\test\10807.npy,neutral,test
features_logmel\test\10808.npy,neutral,test
features_logmel\test\10809.npy,happy,test
features_logmel\test\10810.npy,sad,test
features_logmel\test\10811.npy,happy,test
features_logmel\test\10812.npy,angry,test
features_logmel\test\10813.npy,sad,test
features_logmel\test\10814.npy,sad,test
features_logmel\test\10815.npy,angry,test
features_logmel\test\10816.npy,angry,test
features_logmel\test\10817.npy,happy,test
features_logmel\test\10818.npy,neutral,test
features_logmel\test\10819.npy,angry,test
features_logmel\test\10820.npy,angry,test
features_logmel\test\10821.npy,sad,test
features_logmel\test\10822.npy,angry,test
features_logmel\test\10823.npy,neutral,test
features_logmel\test\10824.npy,neutral,test
features_logmel\test\10825.npy,happy,test
features_logmel\test\10826.npy,neutral,test
features_logmel\test\10827.npy,sad,test
features_logmel\test\10828.npy,neutral,test
features_logmel\test\10829.npy,happy,test
features_logmel\test\10830.npy,happy,test
features_logmel\test\10831.npy,sad,test
features_logmel\test\10832.npy,neutral,test
features_logmel\test\10833.npy,angry,test
features_logmel\test\10834.npy,sad,test
features_logmel\test\10835.npy,angry,test
features_logmel\test\10836.npy,angry,test
features_logmel\test\10837.npy,neutral,test
features_logmel\test\10838.npy,neutral,test
features_logmel\test\10839.npy,neutral,test
features_logmel\test\10840.npy,sad,test
features_logmel\test\10841.npy,sad,test
features_logmel\test\10842.npy,angry,test
features_logmel\test\10843.npy,sad,test
features_logmel\test\10844.npy,angry,test
features_logmel\test\10845.npy,happy,test
features_logmel\test\10846.npy,angry,test
features_logmel\test\10847.npy,happy,test
features_logmel\test\10848.npy,happy,test
features_logmel\test\10849.npy,happy,test
features_logmel\test\10850.npy,happy,test
features_logmel\test\10851.npy,angry,test
features_logmel\test\10852.npy,sad,test
features_logmel\test\10853.npy,happy,test
features_logmel\test\10854.npy,neutral,test
features_logmel\test\10855.npy,sad,test
features_logmel\test\10856.npy,angry,test
features_logmel\test\10857.npy,neutral,test
features_logmel\test\10858.npy,happy,test
features_logmel\test\10859.npy,neutral,test
features_logmel\test\10860.npy,sad,test
features_logmel\test\10861.npy,angry,test
features_logmel\test\10862.npy,happy,test
features_logmel\test\10863.npy,sad,test
features_logmel\test\10864.npy,neutral,test
features_logmel\test\10865.npy,angry,test
features_logmel\test\10866.npy,sad,test
features_logmel\test\10867.npy,happy,test
features_logmel\test\10868.npy,neutral,test
features_logmel\test\10869.npy,happy,test
features_logmel\test\10870.npy,neutral,test
features_logmel\test\10871.npy,sad,test
features_logmel\test\10872.npy,happy,test
features_logmel\test\10873.npy,happy,test
features_logmel\test\10874.npy,sad,test
features_logmel\test\10875.npy,happy,test
features_logmel\test\10876.npy,neutral,test
features_logmel\test\10877.npy,sad,test
features_logmel\test\10878.npy,happy,test
features_logmel\test\10879.npy,happy,test
features_logmel\test\10880.npy,sad,test
features_logmel\test\10881.npy,sad,test
features_logmel\test\10882.npy,happy,test
features_logmel\test\10883.npy,sad,test
features_logmel\test\10884.npy,happy,test
features_logmel\test\10885.npy,sad,test
features_logmel\test\10886.npy,happy,test
features_logmel\test\10887.npy,neutral,test
features_logmel\test\10888.npy,neutral,test
features_logmel\test\10889.npy,sad,test
features_logmel\test\10890.npy,happy,test
features_logmel\test\10891.npy,neutral,test
features_logmel\test\10892.npy,sad,test
features_logmel\test\10893.npy,neutral,test
features_logmel\test\10894.npy,angry,test
features_logmel\test\10895.npy,neutral,test
features_logmel\test\10896.npy,angry,test
features_logmel\test\10897.npy,happy,test
features_logmel\test\10898.npy,sad,test
features_logmel\test\10899.npy,sad,test
features_logmel\test\10900.npy,sad,test
features_logmel\test\10901.npy,angry,test
features_logmel\test\10902.npy,sad,test
features_logmel\test\10903.npy,happy,test
features_logmel\test\10904.npy,angry,test
features_logmel\test\10905.npy,neutral,test
features_logmel\test\10906.npy,happy,test
features_logmel\test\10907.npy,neutral,test
features_logmel\test\10908.npy,neutral,test
features_logmel\test\10909.npy,neutral,test
features_logmel\test\10910.npy,neutral,test
features_logmel\test\10911.npy,sad,test
features_logmel\test\10912.npy,happy,test
features_logmel\test\10913.npy,happy,test
features_logmel\test\10914.npy,sad,test
features_logmel\test\10915.npy,neutral,test
features_logmel\test\10916.npy,happy,test
features_logmel\test\10917.npy,neutral,test
features_logmel\test\10918.npy,neutral,test
features_logmel\test\10919.npy,happy,test
features_logmel\test\10920.npy,angry,test
features_logmel\test\10921.npy,happy,test
features_logmel\test\10922.npy,sad,test
features_logmel\test\10923.npy,sad,test
features_logmel\test\10924.npy,neutral,test
features_logmel\test\10925.npy,angry,test
features_logmel\test\10926.npy,sad,test
features_logmel\test\10927.npy,sad,test
features_logmel\test\10928.npy,sad,test
features_logmel\test\10929.npy,happy,test
features_logmel\test\10930.npy,neutral,test
features_logmel\test\10931.npy,happy,test
features_logmel\test\10932.npy,happy,test
features_logmel\test\10933.npy,sad,test
features_logmel\test\10934.npy,happy,test
features_logmel\test\10935.npy,angry,test
features_logmel\test\10936.npy,sad,test
features_logmel\test\10937.npy,angry,test
features_logmel\test\10938.npy,happy,test
features_logmel\test\10939.npy,neutral,test
features_logmel\test\10940.npy,angry,test
features_logmel\test\10941.npy,angry,test
features_logmel\test\10942.npy,sad,test
features_logmel\test\10943.npy,happy,test
features_logmel\test\10944.npy,sad,test
features_logmel\test\10945.npy,happy,test
features_logmel\test\10946.npy,sad,test
features_logmel\test\10947.npy,happy,test
features_logmel\test\10948.npy,sad,test
features_logmel\test\10949.npy,neutral,test
features_logmel\test\10950.npy,neutral,test
features_logmel\test\10951.npy,neutral,test
features_logmel\test\10952.npy,happy,test
features_logmel\test\10953.npy,sad,test
features_logmel\test\10954.npy,neutral,test
features_logmel\test\10955.npy,happy,test
features_logmel\test\10956.npy,happy,test
features_logmel\test\10957.npy,happy,test
features_logmel\test\10958.npy,sad,test
features_logmel\test\10959.npy,sad,test
features_logmel\test\10960.npy,angry,test
features_logmel\test\10961.npy,neutral,test
features_logmel\test\10962.npy,neutral,test
features_logmel\test\10963.npy,angry,test
features_logmel\test\10964.npy,happy,test
features_logmel\test\10965.npy,sad,test
features_logmel\test\10966.npy,happy,test
features_logmel\test\10967.npy,angry,test
features_logmel\test\10968.npy,neutral,test
features_logmel\test\10969.npy,sad,test
features_logmel\test\10970.npy,happy,test
features_logmel\test\10971.npy,happy,test
features_logmel\test\10972.npy,neutral,test
features_logmel\test\10973.npy,angry,test
features_logmel\test\10974.npy,angry,test
features_logmel\test\10975.npy,sad,test
features_logmel\test\10976.npy,angry,test
features_logmel\test\10977.npy,sad,test
features_logmel\test\10978.npy,happy,test
features_logmel\test\10979.npy,neutral,test
features_logmel\test\10980.npy,angry,test
features_logmel\test\10981.npy,happy,test
features_logmel\test\10982.npy,angry,test
features_logmel\test\10983.npy,happy,test
features_logmel\test\10984.npy,neutral,test
features_logmel\test\10985.npy,neutral,test
features_logmel\test\10986.npy,happy,test
features_logmel\test\10987.npy,neutral,test
features_logmel\test\10988.npy,angry,test
features_logmel\test\10989.npy,neutral,test
features_logmel\test\10990.npy,sad,test
features_logmel\test\10991.npy,happy,test
features_logmel\test\10992.npy,sad,test
features_logmel\test\10993.npy,angry,test
features_logmel\test\10994.npy,happy,test
features_logmel\test\10995.npy,sad,test
features_logmel\test\10996.npy,sad,test
features_logmel\test\10997.npy,happy,test
features_logmel\test\10998.npy,sad,test
features_logmel\test\10999.npy,happy,test
features_logmel\test\11000.npy,angry,test
features_logmel\test\11001.npy,sad,test
features_logmel\test\11002.npy,neutral,test
features_logmel\test\11003.npy,sad,test
features_logmel\test\11004.npy,happy,test
features_logmel\test\11005.npy,happy,test
features_logmel\test\11006.npy,angry,test
features_logmel\test\11007.npy,neutral,test
features_logmel\test\11008.npy,happy,test
features_logmel\test\11009.npy,sad,test
features_logmel\test\11010.npy,neutral,test
features_logmel\test\11011.npy,happy,test
features_logmel\test\11012.npy,sad,test
features_logmel\test\11013.npy,neutral,test
features_logmel\test\11014.npy,happy,test
features_logmel\test\11015.npy,angry,test
features_logmel\test\11016.npy,sad,test
features_logmel\test\11017.npy,neutral,test
features_logmel\test\11018.npy,happy,test
features_logmel\test\11019.npy,sad,test
features_logmel\test\11020.npy,neutral,test
features_logmel\test\11021.npy,neutral,test
features_logmel\test\11022.npy,neutral,test
features_logmel\test\11023.npy,angry,test
features_logmel\test\11024.npy,neutral,test
features_logmel\test\11025.npy,happy,test
features_logmel\test\11026.npy,sad,test
features_logmel\test\11027.npy,sad,test
features_logmel\test\11028.npy,sad,test
features_logmel\test\11029.npy,happy,test
features_logmel\test\11030.npy,happy,test
features_logmel\test\11031.npy,angry,test
features_logmel\test\11032.npy,neutral,test
features_logmel\test\11033.npy,angry,test
features_logmel\test\11034.npy,sad,test
features_logmel\test\11035.npy,sad,test
features_logmel\test\11036.npy,angry,test
features_logmel\test\11037.npy,sad,test
features_logmel\test\11038.npy,neutral,test
features_logmel\test\11039.npy,happy,test
features_logmel\test\11040.npy,angry,test
features_logmel\test\11041.npy,happy,test
features_logmel\test\11042.npy,neutral,test
features_logmel\test\11043.npy,happy,test
features_logmel\test\11044.npy,neutral,test
features_logmel\test\11045.npy,sad,test
features_logmel\test\11046.npy,happy,test
features_logmel\test\11047.npy,sad,test
features_logmel\test\11048.npy,neutral,test
features_logmel\test\11049.npy,angry,test
features_logmel\test\11050.npy,neutral,test
features_logmel\test\11051.npy,happy,test
features_logmel\test\11052.npy,angry,test
features_logmel\test\11053.npy,happy,test
features_logmel\test\11054.npy,happy,test
features_logmel\test\11055.npy,happy,test
features_logmel\test\11056.npy,happy,test
features_logmel\test\11057.npy,neutral,test
features_logmel\test\11058.npy,sad,test
features_logmel\test\11059.npy,neutral,test
features_logmel\test\11060.npy,happy,test
features_logmel\test\11061.npy,neutral,test
features_logmel\test\11062.npy,neutral,test
features_logmel\test\11063.npy,angry,test
features_logmel\test\11064.npy,happy,test
features_logmel\test\11065.npy,happy,test
features_logmel\test\11066.npy,happy,test
features_logmel\test\11067.npy,sad,test
features_logmel\test\11068.npy,neutral,test
features_logmel\test\11069.npy,angry,test
features_logmel\test\11070.npy,sad,test
features_logmel\test\11071.npy,sad,test
features_logmel\test\11072.npy,sad,test
features_logmel\test\11073.npy,happy,test
features_logmel\test\11074.npy,angry,test
features_logmel\test\11075.npy,neutral,test
features_logmel\test\11076.npy,neutral,test
features_logmel\test\11077.npy,happy,test
features_logmel\test\11078.npy,happy,test
features_logmel\test\11079.npy,sad,test
features_logmel\test\11080.npy,happy,test
features_logmel\test\11081.npy,neutral,test
features_logmel\test\11082.npy,neutral,test
features_logmel\test\11083.npy,neutral,test
features_logmel\test\11084.npy,neutral,test
features_logmel\test\11085.npy,happy,test
features_logmel\test\11086.npy,happy,test
features_logmel\test\11087.npy,angry,test
features_logmel\test\11088.npy,neutral,test
features_logmel\test\11089.npy,happy,test
features_logmel\test\11090.npy,neutral,test
features_logmel\test\11091.npy,happy,test
features_logmel\test\11092.npy,happy,test
features_logmel\test\11093.npy,angry,test
features_logmel\test\11094.npy,neutral,test
features_logmel\test\11095.npy,sad,test
features_logmel\test\11096.npy,sad,test
features_logmel\test\11097.npy,sad,test
features_logmel\test\11098.npy,happy,test
features_logmel\test\11099.npy,angry,test
features_logmel\test\11100.npy,neutral,test
features_logmel\test\11101.npy,sad,test
features_logmel\test\11102.npy,sad,test
features_logmel\test\11103.npy,neutral,test
features_logmel\test\11104.npy,sad,test
features_logmel\test\11105.npy,happy,test
features_logmel\test\11106.npy,happy,test
features_logmel\test\11107.npy,neutral,test
features_logmel\test\11108.npy,sad,test
features_logmel\test\11109.npy,angry,test
features_logmel\test\11110.npy,angry,test
features_logmel\test\11111.npy,happy,test
features_logmel\test\11112.npy,neutral,test
features_logmel\test\11113.npy,angry,test
features_logmel\test\11114.npy,sad,test
features_logmel\test\11115.npy,angry,test
features_logmel\test\11116.npy,sad,test
features_logmel\test\11117.npy,neutral,test
features_logmel\test\11118.npy,angry,test
features_logmel\test\11119.npy,angry,test
features_logmel\test\11120.npy,neutral,test
features_logmel\test\11121.npy,happy,test
features_logmel\test\11122.npy,happy,test
features_logmel\test\11123.npy,happy,test
features_logmel\test\11124.npy,happy,test
features_logmel\test\11125.npy,angry,test
features_logmel\test\11126.npy,angry,test
features_logmel\test\11127.npy,angry,test
features_logmel\test\11128.npy,sad,test
features_logmel\test\11129.npy,neutral,test
features_logmel\test\11130.npy,happy,test
features_logmel\test\11131.npy,sad,test
features_logmel\test\11132.npy,sad,test
features_logmel\test\11133.npy,happy,test
features_logmel\test\11134.npy,happy,test
features_logmel\test\11135.npy,happy,test
features_logmel\test\11136.npy,neutral,test
features_logmel\test\11137.npy,angry,test
features_logmel\test\11138.npy,happy,test
features_logmel\test\11139.npy,angry,test
features_logmel\test\11140.npy,happy,test
features_logmel\test\11141.npy,sad,test
features_logmel\test\11142.npy,sad,test
features_logmel\test\11143.npy,neutral,test
features_logmel\test\11144.npy,happy,test
features_logmel\test\11145.npy,sad,test
features_logmel\test\11146.npy,happy,test
features_logmel\test\11147.npy,neutral,test
features_logmel\test\11148.npy,sad,test
features_logmel\test\11149.npy,happy,test
features_logmel\test\11150.npy,neutral,test
features_logmel\test\11151.npy,sad,test
features_logmel\test\11152.npy,neutral,test
features_logmel\test\11153.npy,neutral,test
features_logmel\test\11154.npy,angry,test
features_logmel\test\11155.npy,happy,test
features_logmel\test\11156.npy,happy,test
features_logmel\test\11157.npy,sad,test
features_logmel\test\11158.npy,angry,test
features_logmel\test\11159.npy,sad,test
features_logmel\test\11160.npy,happy,test
features_logmel\test\11161.npy,angry,test
features_logmel\test\11162.npy,sad,test
features_logmel\test\11163.npy,angry,test
features_logmel\test\11164.npy,sad,test
features_logmel\test\11165.npy,sad,test
features_logmel\test\11166.npy,neutral,test
features_logmel\test\11167.npy,angry,test
features_logmel\test\11168.npy,happy,test
features_logmel\test\11169.npy,sad,test
features_logmel\test\11170.npy,neutral,test
features_logmel\test\11171.npy,neutral,test
features_logmel\test\11172.npy,happy,test
features_logmel\test\11173.npy,happy,test
features_logmel\test\11174.npy,sad,test
features_logmel\test\11175.npy,angry,test
features_logmel\test\11176.npy,neutral,test
features_logmel\test\11177.npy,happy,test
features_logmel\test\11178.npy,angry,test
features_logmel\test\11179.npy,happy,test
features_logmel\test\11180.npy,happy,test
features_logmel\test\11181.npy,neutral,test
features_logmel\test\11182.npy,neutral,test
features_logmel\test\11183.npy,neutral,test
features_logmel\test\11184.npy,sad,test
features_logmel\test\11185.npy,happy,test
features_logmel\test\11186.npy,sad,test
features_logmel\test\11187.npy,happy,test
features_logmel\test\11188.npy,sad,test
features_logmel\test\11189.npy,happy,test
features_logmel\test\11190.npy,neutral,test
features_logmel\test\11191.npy,happy,test
features_logmel\test\11192.npy,angry,test
features_logmel\test\11193.npy,neutral,test
features_logmel\test\11194.npy,angry,test
features_logmel\test\11195.npy,happy,test
features_logmel\test\11196.npy,sad,test
features_logmel\test\11197.npy,neutral,test
features_logmel\test\11198.npy,sad,test
features_logmel\test\11199.npy,sad,test
features_logmel\test\11200.npy,sad,test
features_logmel\test\11201.npy,angry,test
features_logmel\test\11202.npy,neutral,test
features_logmel\test\11203.npy,angry,test
features_logmel\test\11204.npy,angry,test
features_logmel\test\11205.npy,sad,test
features_logmel\test\11206.npy,happy,test
features_logmel\test\11207.npy,angry,test
features_logmel\test\11208.npy,angry,test
features_logmel\test\11209.npy,neutral,test
features_logmel\test\11210.npy,neutral,test
features_logmel\test\11211.npy,neutral,test
features_logmel\test\11212.npy,neutral,test
features_logmel\test\11213.npy,angry,test
features_logmel\test\11214.npy,neutral,test
features_logmel\test\11215.npy,happy,test
features_logmel\test\11216.npy,neutral,test
features_logmel\test\11217.npy,neutral,test
features_logmel\test\11218.npy,neutral,test
features_logmel\test\11219.npy,neutral,test
features_logmel\test\11220.npy,neutral,test
features_logmel\test\11221.npy,neutral,test
features_logmel\test\11222.npy,sad,test
features_logmel\test\11223.npy,angry,test
features_logmel\test\11224.npy,sad,test
features_logmel\test\11225.npy,neutral,test
features_logmel\test\11226.npy,happy,test
features_logmel\test\11227.npy,happy,test
features_logmel\test\11228.npy,angry,test
features_logmel\test\11229.npy,sad,test
features_logmel\test\11230.npy,angry,test
features_logmel\test\11231.npy,angry,test
features_logmel\test\11232.npy,angry,test
features_logmel\test\11233.npy,happy,test
features_logmel\test\11234.npy,sad,test
features_logmel\test\11235.npy,angry,test
features_logmel\test\11236.npy,neutral,test
features_logmel\test\11237.npy,neutral,test
features_logmel\test\11238.npy,angry,test
features_logmel\test\11239.npy,angry,test
features_logmel\test\11240.npy,happy,test
features_logmel\test\11241.npy,happy,test
features_logmel\test\11242.npy,neutral,test
features_logmel\test\11243.npy,angry,test
features_logmel\test\11244.npy,sad,test
features_logmel\test\11245.npy,neutral,test
features_logmel\test\11246.npy,angry,test
features_logmel\test\11247.npy,happy,test
features_logmel\test\11248.npy,happy,test
features_logmel\test\11249.npy,happy,test
features_logmel\test\11250.npy,sad,test
features_logmel\test\11251.npy,neutral,test
features_logmel\test\11252.npy,neutral,test
features_logmel\test\11253.npy,angry,test
features_logmel\test\11254.npy,sad,test
features_logmel\test\11255.npy,sad,test
features_logmel\test\11256.npy,sad,test
features_logmel\test\11257.npy,happy,test
features_logmel\test\11258.npy,sad,test
features_logmel\test\11259.npy,neutral,test
features_logmel\test\11260.npy,neutral,test
features_logmel\test\11261.npy,neutral,test
features_logmel\test\11262.npy,happy,test
features_logmel\test\11263.npy,happy,test
features_logmel\test\11264.npy,neutral,test
features_logmel\test\11265.npy,neutral,test
features_logmel\test\11266.npy,sad,test
features_logmel\test\11267.npy,neutral,test
features_logmel\test\11268.npy,neutral,test
features_logmel\test\11269.npy,sad,test
features_logmel\test\11270.npy,happy,test
features_logmel\test\11271.npy,happy,test
features_logmel\test\11272.npy,happy,test
features_logmel\test\11273.npy,neutral,test
features_logmel\test\11274.npy,angry,test
features_logmel\test\11275.npy,neutral,test
features_logmel\test\11276.npy,happy,test
features_logmel\test\11277.npy,happy,test
features_logmel\test\11278.npy,neutral,test
features_logmel\test\11279.npy,neutral,test
features_logmel\test\11280.npy,angry,test
features_logmel\test\11281.npy,angry,test
features_logmel\test\11282.npy,angry,test
features_logmel\test\11283.npy,sad,test
features_logmel\test\11284.npy,neutral,test
features_logmel\test\11285.npy,angry,test
features_logmel\test\11286.npy,sad,test
features_logmel\test\11287.npy,sad,test
features_logmel\test\11288.npy,happy,test
features_logmel\test\11289.npy,sad,test
features_logmel\test\11290.npy,sad,test
features_logmel\test\11291.npy,angry,test
features_logmel\test\11292.npy,angry,test
features_logmel\test\11293.npy,sad,test
features_logmel\test\11294.npy,happy,test
features_logmel\test\11295.npy,happy,test
features_logmel\test\11296.npy,happy,test
features_logmel\test\11297.npy,sad,test
features_logmel\test\11298.npy,happy,test
features_logmel\test\11299.npy,happy,test
features_logmel\test\11300.npy,neutral,test
features_logmel\test\11301.npy,sad,test
features_logmel\test\11302.npy,angry,test
features_logmel\test\11303.npy,neutral,test
features_logmel\test\11304.npy,sad,test
features_logmel\test\11305.npy,happy,test
features_logmel\test\11306.npy,angry,test
features_logmel\test\11307.npy,happy,test
features_logmel\test\11308.npy,neutral,test
features_logmel\test\11309.npy,sad,test
features_logmel\test\11310.npy,angry,test
features_logmel\test\11311.npy,angry,test
features_logmel\test\11312.npy,happy,test
features_logmel\test\11313.npy,neutral,test
features_logmel\test\11314.npy,happy,test
features_logmel\test\11315.npy,happy,test
features_logmel\test\11316.npy,angry,test
features_logmel\test\11317.npy,happy,test
features_logmel\test\11318.npy,sad,test
features_logmel\test\11319.npy,sad,test
features_logmel\test\11320.npy,neutral,test
features_logmel\test\11321.npy,sad,test
features_logmel\test\11322.npy,happy,test
features_logmel\test\11323.npy,angry,test
features_logmel\test\11324.npy,happy,test
features_logmel\test\11325.npy,happy,test
features_logmel\test\11326.npy,happy,test
features_logmel\test\11327.npy,sad,test
features_logmel\test\11328.npy,neutral,test
features_logmel\test\11329.npy,neutral,test
features_logmel\test\11330.npy,happy,test
features_logmel\test\11331.npy,happy,test
features_logmel\test\11332.npy,happy,test
features_logmel\test\11333.npy,sad,test
features_logmel\test\11334.npy,angry,test
features_logmel\test\11335.npy,angry,test
features_logmel\test\11336.npy,angry,test
features_logmel\test\11337.npy,sad,test
features_logmel\test\11338.npy,angry,test
features_logmel\test\11339.npy,happy,test
features_logmel\test\11340.npy,neutral,test
features_logmel\test\11341.npy,sad,test
features_logmel\test\11342.npy,neutral,test
features_logmel\test\11343.npy,sad,test
features_logmel\test\11344.npy,neutral,test
features_logmel\test\11345.npy,sad,test
features_logmel\test\11346.npy,happy,test
features_logmel\test\11347.npy,happy,test
features_logmel\test\11348.npy,sad,test
features_logmel\test\11349.npy,neutral,test
features_logmel\test\11350.npy,angry,test
features_logmel\test\11351.npy,neutral,test
features_logmel\test\11352.npy,happy,test
features_logmel\test\11353.npy,sad,test
features_logmel\test\11354.npy,neutral,test
features_logmel\test\11355.npy,neutral,test
features_logmel\test\11356.npy,happy,test
features_logmel\test\11357.npy,angry,test
features_logmel\test\11358.npy,sad,test
features_logmel\test\11359.npy,happy,test
features_logmel\test\11360.npy,neutral,test
features_logmel\test\11361.npy,happy,test
features_logmel\test\11362.npy,happy,test
features_logmel\test\11363.npy,neutral,test
features_logmel\test\11364.npy,sad,test
features_logmel\test\11365.npy,sad,test
features_logmel\test\11366.npy,angry,test
features_logmel\test\11367.npy,angry,test
features_logmel\test\11368.npy,angry,test
features_logmel\test\11369.npy,angry,test
features_logmel\test\11370.npy,happy,test
features_logmel\test\11371.npy,angry,test
features_logmel\test\11372.npy,happy,test
features_logmel\test\11373.npy,neutral,test
features_logmel\test\11374.npy,happy,test
features_logmel\test\11375.npy,neutral,test
features_logmel\test\11376.npy,neutral,test
features_logmel\test\11377.npy,neutral,test
features_logmel\test\11378.npy,neutral,test
features_logmel\test\11379.npy,neutral,test
features_logmel\test\11380.npy,sad,test
features_logmel\test\11381.npy,neutral,test
features_logmel\test\11382.npy,neutral,test
features_logmel\test\11383.npy,angry,test
features_logmel\test\11384.npy,happy,test
features_logmel\test\11385.npy,sad,test
features_logmel\test\11386.npy,happy,test
features_logmel\test\11387.npy,angry,test
features_logmel\test\11388.npy,sad,test
features_logmel\test\11389.npy,neutral,test
features_logmel\test\11390.npy,happy,test
features_logmel\test\11391.npy,neutral,test
features_logmel\test\11392.npy,sad,test
features_logmel\test\11393.npy,sad,test
features_logmel\test\11394.npy,neutral,test
features_logmel\test\11395.npy,neutral,test
features_logmel\test\11396.npy,happy,test
features_logmel\test\11397.npy,sad,test
features_logmel\test\11398.npy,angry,test
features_logmel\test\11399.npy,neutral,test
features_logmel\test\11400.npy,sad,test
features_logmel\test\11401.npy,sad,test
features_logmel\test\11402.npy,angry,test
features_logmel\test\11403.npy,neutral,test
features_logmel\test\11404.npy,happy,test
features_logmel\test\11405.npy,neutral,test
features_logmel\test\11406.npy,angry,test
features_logmel\test\11407.npy,happy,test
features_logmel\test\11408.npy,angry,test
features_logmel\test\11409.npy,happy,test
features_logmel\test\11410.npy,happy,test
features_logmel\test\11411.npy,neutral,test
features_logmel\test\11412.npy,happy,test
features_logmel\test\11413.npy,neutral,test
features_logmel\test\11414.npy,angry,test
features_logmel\test\11415.npy,neutral,test
features_logmel\test\11416.npy,angry,test
features_logmel\test\11417.npy,sad,test
features_logmel\test\11418.npy,sad,test
features_logmel\test\11419.npy,angry,test
features_logmel\test\11420.npy,happy,test
features_logmel\test\11421.npy,angry,test
features_logmel\test\11422.npy,angry,test
features_logmel\test\11423.npy,angry,test
features_logmel\test\11424.npy,angry,test
features_logmel\test\11425.npy,happy,test
features_logmel\test\11426.npy,sad,test
features_logmel\test\11427.npy,sad,test
features_logmel\test\11428.npy,sad,test
features_logmel\test\11429.npy,happy,test
features_logmel\test\11430.npy,angry,test
features_logmel\test\11431.npy,sad,test
features_logmel\test\11432.npy,sad,test
features_logmel\test\11433.npy,happy,test
features_logmel\test\11434.npy,sad,test
features_logmel\test\11435.npy,happy,test
features_logmel\test\11436.npy,sad,test
features_logmel\test\11437.npy,sad,test
features_logmel\test\11438.npy,neutral,test
features_logmel\test\11439.npy,happy,test
features_logmel\test\11440.npy,neutral,test
features_logmel\test\11441.npy,sad,test
features_logmel\test\11442.npy,neutral,test
features_logmel\test\11443.npy,neutral,test
features_logmel\test\11444.npy,sad,test
features_logmel\test\11445.npy,sad,test
features_logmel\test\11446.npy,sad,test
features_logmel\test\11447.npy,angry,test
features_logmel\test\11448.npy,sad,test
features_logmel\test\11449.npy,happy,test
features_logmel\test\11450.npy,angry,test
features_logmel\test\11451.npy,angry,test
features_logmel\test\11452.npy,angry,test
features_logmel\test\11453.npy,happy,test
features_logmel\test\11454.npy,sad,test
features_logmel\test\11455.npy,sad,test
features_logmel\test\11456.npy,happy,test
features_logmel\test\11457.npy,happy,test
features_logmel\test\11458.npy,neutral,test
features_logmel\test\11459.npy,happy,test
features_logmel\test\11460.npy,angry,test
features_logmel\test\11461.npy,neutral,test
features_logmel\test\11462.npy,sad,test
features_logmel\test\11463.npy,happy,test
features_logmel\test\11464.npy,angry,test
features_logmel\test\11465.npy,sad,test
features_logmel\test\11466.npy,neutral,test
features_logmel\test\11467.npy,neutral,test
features_logmel\test\11468.npy,sad,test
features_logmel\test\11469.npy,neutral,test
features_logmel\test\11470.npy,neutral,test
features_logmel\test\11471.npy,sad,test
features_logmel\test\11472.npy,sad,test
features_logmel\test\11473.npy,sad,test
features_logmel\test\11474.npy,happy,test
features_logmel\test\11475.npy,sad,test
features_logmel\test\11476.npy,neutral,test
features_logmel\test\11477.npy,happy,test
features_logmel\test\11478.npy,happy,test
features_logmel\test\11479.npy,angry,test
features_logmel\test\11480.npy,neutral,test
features_logmel\test\11481.npy,angry,test
features_logmel\test\11482.npy,neutral,test
features_logmel\test\11483.npy,happy,test
features_logmel\test\11484.npy,neutral,test
features_logmel\test\11485.npy,sad,test
features_logmel\test\11486.npy,neutral,test
features_logmel\test\11487.npy,sad,test
features_logmel\test\11488.npy,neutral,test
features_logmel\test\11489.npy,neutral,test
features_logmel\test\11490.npy,sad,test
features_logmel\test\11491.npy,sad,test
features_logmel\test\11492.npy,neutral,test
features_logmel\test\11493.npy,happy,test
features_logmel\test\11494.npy,neutral,test
features_logmel\test\11495.npy,neutral,test
features_logmel\test\11496.npy,neutral,test
features_logmel\test\11497.npy,happy,test
features_logmel\test\11498.npy,neutral,test
features_logmel\test\11499.npy,sad,test
features_logmel\test\11500.npy,neutral,test
features_logmel\test\11501.npy,sad,test
features_logmel\test\11502.npy,neutral,test
features_logmel\test\11503.npy,neutral,test
features_logmel\test\11504.npy,angry,test
features_logmel\test\11505.npy,neutral,test
features_logmel\test\11506.npy,happy,test
features_logmel\test\11507.npy,neutral,test
features_logmel\test\11508.npy,happy,test
features_logmel\test\11509.npy,happy,test
features_logmel\test\11510.npy,sad,test
features_logmel\test\11511.npy,sad,test
features_logmel\test\11512.npy,angry,test
features_logmel\test\11513.npy,sad,test
features_logmel\test\11514.npy,sad,test
features_logmel\test\11515.npy,neutral,test
features_logmel\test\11516.npy,neutral,test
features_logmel\test\11517.npy,sad,test
features_logmel\test\11518.npy,neutral,test
features_logmel\test\11519.npy,happy,test
features_logmel\test\11520.npy,neutral,test
features_logmel\test\11521.npy,neutral,test
features_logmel\test\11522.npy,sad,test
features_logmel\test\11523.npy,neutral,test
features_logmel\test\11524.npy,sad,test
features_logmel\test\11525.npy,happy,test
features_logmel\test\11526.npy,happy,test
features_logmel\test\11527.npy,neutral,test
features_logmel\test\11528.npy,sad,test
features_logmel\test\11529.npy,sad,test
features_logmel\test\11530.npy,neutral,test
features_logmel\test\11531.npy,angry,test
features_logmel\test\11532.npy,angry,test
features_logmel\test\11533.npy,angry,test
features_logmel\test\11534.npy,angry,test
features_logmel\test\11535.npy,happy,test
features_logmel\test\11536.npy,angry,test
features_logmel\test\11537.npy,angry,test
features_logmel\test\11538.npy,sad,test
features_logmel\test\11539.npy,neutral,test
features_logmel\test\11540.npy,angry,test
features_logmel\test\11541.npy,neutral,test
features_logmel\test\11542.npy,neutral,test
features_logmel\test\11543.npy,happy,test
features_logmel\test\11544.npy,happy,test
features_logmel\test\11545.npy,happy,test
features_logmel\test\11546.npy,angry,test
features_logmel\test\11547.npy,angry,test
features_logmel\test\11548.npy,angry,test
features_logmel\test\11549.npy,sad,test
features_logmel\test\11550.npy,happy,test
features_logmel\test\11551.npy,neutral,test
features_logmel\test\11552.npy,sad,test
features_logmel\test\11553.npy,sad,test
features_logmel\test\11554.npy,happy,test
features_logmel\test\11555.npy,angry,test
features_logmel\test\11556.npy,neutral,test
features_logmel\test\11557.npy,sad,test
features_logmel\test\11558.npy,neutral,test
features_logmel\test\11559.npy,sad,test
features_logmel\test\11560.npy,sad,test
features_logmel\test\11561.npy,neutral,test
features_logmel\test\11562.npy,happy,test
features_logmel\test\11563.npy,sad,test
features_logmel\test\11564.npy,neutral,test
features_logmel\test\11565.npy,angry,test
features_logmel\test\11566.npy,happy,test
features_logmel\test\11567.npy,happy,test
features_logmel\test\11568.npy,neutral,test
features_logmel\test\11569.npy,neutral,test
features_logmel\test\11570.npy,angry,test
features_logmel\test\11571.npy,happy,test
features_logmel\test\11572.npy,angry,test
features_logmel\test\11573.npy,angry,test
features_logmel\test\11574.npy,sad,test
features_logmel\test\11575.npy,sad,test
features_logmel\test\11576.npy,neutral,test
features_logmel\test\11577.npy,neutral,test
features_logmel\test\11578.npy,sad,test
features_logmel\test\11579.npy,sad,test
features_logmel\test\11580.npy,angry,test
features_logmel\test\11581.npy,neutral,test
features_logmel\test\11582.npy,neutral,test
features_logmel\test\11583.npy,angry,test
features_logmel\test\11584.npy,happy,test
features_logmel\test\11585.npy,neutral,test
features_logmel\test\11586.npy,sad,test
features_logmel\test\11587.npy,neutral,test
features_logmel\test\11588.npy,happy,test
features_logmel\test\11589.npy,happy,test
features_logmel\test\11590.npy,sad,test
features_logmel\test\11591.npy,angry,test
features_logmel\test\11592.npy,angry,test
features_logmel\test\11593.npy,neutral,test
features_logmel\test\11594.npy,sad,test
features_logmel\test\11595.npy,neutral,test
features_logmel\test\11596.npy,angry,test
features_logmel\test\11597.npy,angry,test
features_logmel\test\11598.npy,angry,test
features_logmel\test\11599.npy,happy,test
features_logmel\test\11600.npy,angry,test
features_logmel\test\11601.npy,neutral,test
features_logmel\test\11602.npy,neutral,test
features_logmel\test\11603.npy,neutral,test
features_logmel\test\11604.npy,sad,test
features_logmel\test\11605.npy,sad,test
features_logmel\test\11606.npy,neutral,test
features_logmel\test\11607.npy,happy,test
features_logmel\test\11608.npy,angry,test
features_logmel\test\11609.npy,happy,test
features_logmel\test\11610.npy,neutral,test
features_logmel\test\11611.npy,angry,test
features_logmel\test\11612.npy,sad,test
features_logmel\test\11613.npy,neutral,test
features_logmel\test\11614.npy,angry,test
features_logmel\test\11615.npy,happy,test
features_logmel\test\11616.npy,neutral,test
features_logmel\test\11617.npy,sad,test
features_logmel\test\11618.npy,angry,test
features_logmel\test\11619.npy,sad,test
features_logmel\test\11620.npy,happy,test
features_logmel\test\11621.npy,happy,test
features_logmel\test\11622.npy,angry,test
features_logmel\test\11623.npy,angry,test
features_logmel\test\11624.npy,sad,test
features_logmel\test\11625.npy,angry,test
features_logmel\test\11626.npy,happy,test
features_logmel\test\11627.npy,neutral,test
features_logmel\test\11628.npy,angry,test
features_logmel\test\11629.npy,angry,test
features_logmel\test\11630.npy,angry,test
features_logmel\test\11631.npy,neutral,test
features_logmel\test\11632.npy,neutral,test
features_logmel\test\11633.npy,happy,test
features_logmel\test\11634.npy,sad,test
features_logmel\test\11635.npy,neutral,test
features_logmel\test\11636.npy,sad,test
features_logmel\test\11637.npy,sad,test
features_logmel\test\11638.npy,neutral,test
features_logmel\test\11639.npy,neutral,test
features_logmel\test\11640.npy,neutral,test
features_logmel\test\11641.npy,sad,test
features_logmel\test\11642.npy,sad,test
features_logmel\test\11643.npy,sad,test
features_logmel\test\11644.npy,sad,test
features_logmel\test\11645.npy,angry,test
features_logmel\test\11646.npy,sad,test
features_logmel\test\11647.npy,happy,test
features_logmel\test\11648.npy,angry,test
features_logmel\test\11649.npy,neutral,test
features_logmel\test\11650.npy,sad,test
features_logmel\test\11651.npy,angry,test
features_logmel\test\11652.npy,happy,test
features_logmel\test\11653.npy,neutral,test
features_logmel\test\11654.npy,sad,test
features_logmel\test\11655.npy,angry,test
features_logmel\test\11656.npy,neutral,test
features_logmel\test\11657.npy,happy,test
features_logmel\test\11658.npy,happy,test
features_logmel\test\11659.npy,neutral,test
features_logmel\test\11660.npy,happy,test
features_logmel\test\11661.npy,neutral,test
features_logmel\test\11662.npy,neutral,test
features_logmel\test\11663.npy,neutral,test
features_logmel\test\11664.npy,neutral,test
features_logmel\test\11665.npy,happy,test
features_logmel\test\11666.npy,happy,test
features_logmel\test\11667.npy,happy,test
features_logmel\test\11668.npy,neutral,test
features_logmel\test\11669.npy,neutral,test
features_logmel\test\11670.npy,neutral,test
features_logmel\test\11671.npy,angry,test
features_logmel\test\11672.npy,happy,test
features_logmel\test\11673.npy,angry,test
features_logmel\test\11674.npy,neutral,test
features_logmel\test\11675.npy,neutral,test
features_logmel\test\11676.npy,neutral,test
features_logmel\test\11677.npy,angry,test
features_logmel\test\11678.npy,neutral,test
features_logmel\test\11679.npy,neutral,test
features_logmel\test\11680.npy,happy,test
features_logmel\test\11681.npy,happy,test
features_logmel\test\11682.npy,angry,test
features_logmel\test\11683.npy,sad,test
features_logmel\test\11684.npy,happy,test
features_logmel\test\11685.npy,sad,test
features_logmel\test\11686.npy,happy,test
features_logmel\test\11687.npy,sad,test
features_logmel\test\11688.npy,angry,test
features_logmel\test\11689.npy,sad,test
features_logmel\test\11690.npy,neutral,test
features_logmel\test\11691.npy,sad,test
features_logmel\test\11692.npy,angry,test
features_logmel\test\11693.npy,sad,test
features_logmel\test\11694.npy,neutral,test
features_logmel\test\11695.npy,happy,test
features_logmel\test\11696.npy,neutral,test
features_logmel\test\11697.npy,neutral,test
features_logmel\test\11698.npy,angry,test
features_logmel\test\11699.npy,angry,test
features_logmel\test\11700.npy,happy,test
features_logmel\test\11701.npy,angry,test
features_logmel\test\11702.npy,happy,test
features_logmel\test\11703.npy,sad,test
features_logmel\test\11704.npy,sad,test
features_logmel\test\11705.npy,neutral,test
features_logmel\test\11706.npy,neutral,test
features_logmel\test\11707.npy,happy,test
features_logmel\test\11708.npy,angry,test
features_logmel\test\11709.npy,angry,test
features_logmel\test\11710.npy,happy,test
features_logmel\test\11711.npy,happy,test
features_logmel\test\11712.npy,happy,test
features_logmel\test\11713.npy,neutral,test
features_logmel\test\11714.npy,sad,test
features_logmel\test\11715.npy,happy,test
features_logmel\test\11716.npy,angry,test
features_logmel\test\11717.npy,angry,test
features_logmel\test\11718.npy,angry,test
features_logmel\test\11719.npy,neutral,test
features_logmel\test\11720.npy,angry,test
features_logmel\test\11721.npy,sad,test
features_logmel\test\11722.npy,angry,test
features_logmel\test\11723.npy,angry,test
features_logmel\test\11724.npy,happy,test
features_logmel\test\11725.npy,neutral,test
features_logmel\test\11726.npy,sad,test
features_logmel\test\11727.npy,happy,test
features_logmel\test\11728.npy,angry,test
features_logmel\test\11729.npy,happy,test
features_logmel\test\11730.npy,neutral,test
features_logmel\test\11731.npy,neutral,test
features_logmel\test\11732.npy,angry,test
features_logmel\test\11733.npy,angry,test
features_logmel\test\11734.npy,angry,test
features_logmel\test\11735.npy,sad,test
features_logmel\test\11736.npy,sad,test
features_logmel\test\11737.npy,angry,test
features_logmel\test\11738.npy,neutral,test
features_logmel\test\11739.npy,neutral,test
features_logmel\test\11740.npy,neutral,test
features_logmel\test\11741.npy,happy,test
features_logmel\test\11742.npy,neutral,test
features_logmel\test\11743.npy,happy,test
features_logmel\test\11744.npy,neutral,test
features_logmel\test\11745.npy,happy,test
features_logmel\test\11746.npy,sad,test
features_logmel\test\11747.npy,happy,test
features_logmel\test\11748.npy,angry,test
features_logmel\test\11749.npy,neutral,test
features_logmel\test\11750.npy,happy,test
features_logmel\test\11751.npy,happy,test
features_logmel\test\11752.npy,neutral,test
features_logmel\test\11753.npy,happy,test
features_logmel\test\11754.npy,happy,test
features_logmel\test\11755.npy,happy,test
features_logmel\test\11756.npy,sad,test
features_logmel\test\11757.npy,sad,test
features_logmel\test\11758.npy,neutral,test
features_logmel\test\11759.npy,angry,test
features_logmel\test\11760.npy,neutral,test
features_logmel\test\11761.npy,neutral,test
features_logmel\test\11762.npy,angry,test
features_logmel\test\11763.npy,neutral,test
features_logmel\test\11764.npy,happy,test
features_logmel\test\11765.npy,happy,test
features_logmel\test\11766.npy,neutral,test
features_logmel\test\11767.npy,angry,test
features_logmel\test\11768.npy,neutral,test
features_logmel\test\11769.npy,happy,test
features_logmel\test\11770.npy,angry,test
features_logmel\test\11771.npy,angry,test
features_logmel\test\11772.npy,neutral,test
features_logmel\test\11773.npy,sad,test
features_logmel\test\11774.npy,sad,test
features_logmel\test\11775.npy,angry,test
features_logmel\test\11776.npy,sad,test
features_logmel\test\11777.npy,neutral,test
features_logmel\test\11778.npy,neutral,test
features_logmel\test\11779.npy,angry,test
features_logmel\test\11780.npy,sad,test
features_logmel\test\11781.npy,angry,test
features_logmel\test\11782.npy,angry,test
features_logmel\test\11783.npy,neutral,test
features_logmel\test\11784.npy,sad,test
features_logmel\test\11785.npy,happy,test
features_logmel\test\11786.npy,angry,test
features_logmel\test\11787.npy,angry,test
features_logmel\test\11788.npy,neutral,test
features_logmel\test\11789.npy,neutral,test
features_logmel\test\11790.npy,angry,test
features_logmel\test\11791.npy,angry,test
features_logmel\test\11792.npy,neutral,test
features_logmel\test\11793.npy,happy,test
features_logmel\test\11794.npy,happy,test
features_logmel\test\11795.npy,sad,test
features_logmel\test\11796.npy,neutral,test
features_logmel\test\11797.npy,sad,test
features_logmel\test\11798.npy,angry,test
features_logmel\test\11799.npy,angry,test
features_logmel\test\11800.npy,happy,test
features_logmel\test\11801.npy,happy,test
features_logmel\test\11802.npy,sad,test
features_logmel\test\11803.npy,neutral,test
features_logmel\test\11804.npy,happy,test
features_logmel\test\11805.npy,happy,test
features_logmel\test\11806.npy,neutral,test
features_logmel\test\11807.npy,happy,test
features_logmel\test\11808.npy,neutral,test
features_logmel\test\11809.npy,sad,test
features_logmel\test\11810.npy,happy,test
features_logmel\test\11811.npy,happy,test
features_logmel\test\11812.npy,happy,test
features_logmel\test\11813.npy,sad,test
features_logmel\test\11814.npy,angry,test
features_logmel\test\11815.npy,neutral,test
features_logmel\test\11816.npy,angry,test
features_logmel\test\11817.npy,angry,test
features_logmel\test\11818.npy,neutral,test
features_logmel\test\11819.npy,happy,test
features_logmel\test\11820.npy,angry,test
features_logmel\test\11821.npy,neutral,test
features_logmel\test\11822.npy,angry,test
features_logmel\test\11823.npy,happy,test
features_logmel\test\11824.npy,happy,test
features_logmel\test\11825.npy,sad,test
features_logmel\test\11826.npy,neutral,test
features_logmel\test\11827.npy,neutral,test
features_logmel\test\11828.npy,happy,test
features_logmel\test\11829.npy,angry,test
features_logmel\test\11830.npy,happy,test
features_logmel\test\11831.npy,sad,test
features_logmel\test\11832.npy,happy,test
features_logmel\test\11833.npy,happy,test
features_logmel\test\11834.npy,happy,test
features_logmel\test\11835.npy,angry,test
features_logmel\test\11836.npy,angry,test
features_logmel\test\11837.npy,happy,test
features_logmel\test\11838.npy,happy,test
features_logmel\test\11839.npy,happy,test
features_logmel\test\11840.npy,neutral,test
features_logmel\test\11841.npy,happy,test
features_logmel\test\11842.npy,sad,test
features_logmel\test\11843.npy,angry,test
features_logmel\test\11844.npy,neutral,test
features_logmel\test\11845.npy,neutral,test
features_logmel\test\11846.npy,neutral,test
features_logmel\test\11847.npy,neutral,test
features_logmel\test\11848.npy,angry,test
features_logmel\test\11849.npy,happy,test
features_logmel\test\11850.npy,sad,test
features_logmel\test\11851.npy,neutral,test
features_logmel\test\11852.npy,happy,test
features_logmel\test\11853.npy,sad,test
features_logmel\test\11854.npy,sad,test
features_logmel\test\11855.npy,happy,test
features_logmel\test\11856.npy,sad,test
features_logmel\test\11857.npy,angry,test
features_logmel\test\11858.npy,happy,test
features_logmel\test\11859.npy,happy,test
features_logmel\test\11860.npy,sad,test
features_logmel\test\11861.npy,angry,test
features_logmel\test\11862.npy,sad,test
features_logmel\test\11863.npy,angry,test
features_logmel\test\11864.npy,neutral,test
features_logmel\test\11865.npy,sad,test
features_logmel\test\11866.npy,happy,test
features_logmel\test\11867.npy,happy,test
features_logmel\test\11868.npy,neutral,test
features_logmel\test\11869.npy,happy,test
features_logmel\test\11870.npy,sad,test
features_logmel\test\11871.npy,angry,test
features_logmel\test\11872.npy,neutral,test
features_logmel\test\11873.npy,sad,test
features_logmel\test\11874.npy,angry,test
features_logmel\test\11875.npy,sad,test
features_logmel\test\11876.npy,neutral,test
features_logmel\test\11877.npy,angry,test
features_logmel\test\11878.npy,angry,test
features_logmel\test\11879.npy,neutral,test
features_logmel\test\11880.npy,happy,test
features_logmel\test\11881.npy,happy,test
features_logmel\test\11882.npy,happy,test
features_logmel\test\11883.npy,neutral,test
features_logmel\test\11884.npy,angry,test
features_logmel\test\11885.npy,happy,test
features_logmel\test\11886.npy,angry,test
features_logmel\test\11887.npy,neutral,test
features_logmel\test\11888.npy,neutral,test
features_logmel\test\11889.npy,happy,test
features_logmel\test\11890.npy,happy,test
features_logmel\test\11891.npy,happy,test
features_logmel\test\11892.npy,neutral,test
features_logmel\test\11893.npy,neutral,test
features_logmel\test\11894.npy,neutral,test
features_logmel\test\11895.npy,happy,test
features_logmel\test\11896.npy,sad,test
features_logmel\test\11897.npy,neutral,test
features_logmel\test\11898.npy,sad,test
features_logmel\test\11899.npy,sad,test
features_logmel\test\11900.npy,sad,test
features_logmel\test\11901.npy,happy,test
features_logmel\test\11902.npy,angry,test
features_logmel\test\11903.npy,neutral,test
features_logmel\test\11904.npy,happy,test
features_logmel\test\11905.npy,happy,test
features_logmel\test\11906.npy,happy,test
features_logmel\test\11907.npy,angry,test
features_logmel\test\11908.npy,happy,test
features_logmel\test\11909.npy,neutral,test
features_logmel\test\11910.npy,sad,test
features_logmel\test\11911.npy,sad,test
features_logmel\test\11912.npy,neutral,test
features_logmel\test\11913.npy,sad,test
features_logmel\test\11914.npy,neutral,test
features_logmel\test\11915.npy,angry,test
features_logmel\test\11916.npy,angry,test
features_logmel\test\11917.npy,sad,test
features_logmel\test\11918.npy,neutral,test
features_logmel\test\11919.npy,angry,test
features_logmel\test\11920.npy,happy,test
features_logmel\test\11921.npy,happy,test
features_logmel\test\11922.npy,angry,test
features_logmel\test\11923.npy,sad,test
features_logmel\test\11924.npy,neutral,test
features_logmel\test\11925.npy,neutral,test
features_logmel\test\11926.npy,happy,test
features_logmel\test\11927.npy,angry,test
features_logmel\test\11928.npy,happy,test
features_logmel\test\11929.npy,neutral,test
features_logmel\test\11930.npy,neutral,test
features_logmel\test\11931.npy,neutral,test
features_logmel\test\11932.npy,happy,test
features_logmel\test\11933.npy,happy,test
features_logmel\test\11934.npy,sad,test
features_logmel\test\11935.npy,happy,test
features_logmel\test\11936.npy,happy,test
features_logmel\test\11937.npy,sad,test
features_logmel\test\11938.npy,neutral,test
features_logmel\test\11939.npy,angry,test
features_logmel\test\11940.npy,happy,test
features_logmel\test\11941.npy,neutral,test
features_logmel\test\11942.npy,sad,test
features_logmel\test\11943.npy,neutral,test
features_logmel\test\11944.npy,angry,test
features_logmel\test\11945.npy,happy,test
features_logmel\test\11946.npy,happy,test
features_logmel\test\11947.npy,sad,test
features_logmel\test\11948.npy,sad,test
features_logmel\test\11949.npy,sad,test
features_logmel\test\11950.npy,neutral,test
features_logmel\test\11951.npy,happy,test
features_logmel\test\11952.npy,sad,test
features_logmel\test\11953.npy,neutral,test
features_logmel\test\11954.npy,happy,test
features_logmel\test\11955.npy,neutral,test
features_logmel\test\11956.npy,angry,test
features_logmel\test\11957.npy,happy,test
features_logmel\test\11958.npy,neutral,test
features_logmel\test\11959.npy,neutral,test
features_logmel\test\11960.npy,happy,test
features_logmel\test\11961.npy,sad,test
features_logmel\test\11962.npy,sad,test
features_logmel\test\11963.npy,happy,test
features_logmel\test\11964.npy,angry,test
features_logmel\test\11965.npy,neutral,test
features_logmel\test\11966.npy,neutral,test
features_logmel\test\11967.npy,neutral,test
features_logmel\test\11968.npy,happy,test
features_logmel\test\11969.npy,happy,test
features_logmel\test\11970.npy,angry,test
features_logmel\test\11971.npy,sad,test
features_logmel\test\11972.npy,neutral,test
features_logmel\test\11973.npy,angry,test
features_logmel\test\11974.npy,angry,test
features_logmel\test\11975.npy,happy,test
features_logmel\test\11976.npy,happy,test
features_logmel\test\11977.npy,angry,test
features_logmel\test\11978.npy,neutral,test
features_logmel\test\11979.npy,neutral,test
features_logmel\test\11980.npy,neutral,test
features_logmel\test\11981.npy,angry,test
features_logmel\test\11982.npy,happy,test
features_logmel\test\11983.npy,neutral,test
features_logmel\test\11984.npy,angry,test
features_logmel\test\11985.npy,angry,test
features_logmel\test\11986.npy,angry,test
features_logmel\test\11987.npy,angry,test
features_logmel\test\11988.npy,angry,test
features_logmel\test\11989.npy,neutral,test
features_logmel\test\11990.npy,sad,test
features_logmel\test\11991.npy,angry,test
features_logmel\test\11992.npy,neutral,test
features_logmel\test\11993.npy,sad,test
features_logmel\test\11994.npy,neutral,test
features_logmel\test\11995.npy,happy,test
features_logmel\test\11996.npy,neutral,test
features_logmel\test\11997.npy,sad,test
features_logmel\test\11998.npy,angry,test
features_logmel\test\11999.npy,angry,test
features_logmel\test\12000.npy,neutral,test
features_logmel\test\12001.npy,happy,test
features_logmel\test\12002.npy,happy,test
features_logmel\test\12003.npy,neutral,test
features_logmel\test\12004.npy,happy,test
features_logmel\test\12005.npy,angry,test
features_logmel\test\12006.npy,sad,test
features_logmel\test\12007.npy,sad,test
features_logmel\test\12008.npy,happy,test
features_logmel\test\12009.npy,happy,test
features_logmel\test\12010.npy,neutral,test
features_logmel\test\12011.npy,neutral,test
features_logmel\test\12012.npy,angry,test
features_logmel\test\12013.npy,sad,test
features_logmel\test\12014.npy,happy,test
features_logmel\test\12015.npy,neutral,test
features_logmel\test\12016.npy,sad,test
features_logmel\test\12017.npy,neutral,test
features_logmel\test\12018.npy,angry,test
features_logmel\test\12019.npy,neutral,test
features_logmel\test\12020.npy,neutral,test
features_logmel\test\12021.npy,angry,test
features_logmel\test\12022.npy,happy,test
features_logmel\test\12023.npy,neutral,test
features_logmel\test\12024.npy,sad,test
features_logmel\test\12025.npy,neutral,test
features_logmel\test\12026.npy,happy,test
features_logmel\test\12027.npy,sad,test
features_logmel\test\12028.npy,neutral,test
features_logmel\test\12029.npy,happy,test
features_logmel\test\12030.npy,neutral,test
features_logmel\test\12031.npy,neutral,test
features_logmel\test\12032.npy,happy,test
features_logmel\test\12033.npy,happy,test
features_logmel\test\12034.npy,angry,test
features_logmel\test\12035.npy,happy,test
features_logmel\test\12036.npy,sad,test
features_logmel\test\12037.npy,happy,test
features_logmel\test\12038.npy,angry,test
features_logmel\test\12039.npy,happy,test
features_logmel\test\12040.npy,angry,test
features_logmel\test\12041.npy,neutral,test
features_logmel\test\12042.npy,neutral,test
features_logmel\test\12043.npy,neutral,test
features_logmel\test\12044.npy,neutral,test
features_logmel\test\12045.npy,sad,test
features_logmel\test\12046.npy,angry,test
features_logmel\test\12047.npy,neutral,test
features_logmel\test\12048.npy,neutral,test
features_logmel\test\12049.npy,happy,test
features_logmel\test\12050.npy,happy,test
features_logmel\test\12051.npy,angry,test
features_logmel\test\12052.npy,sad,test
features_logmel\test\12053.npy,angry,test
features_logmel\test\12054.npy,neutral,test
features_logmel\test\12055.npy,neutral,test
features_logmel\test\12056.npy,angry,test
features_logmel\test\12057.npy,angry,test
features_logmel\test\12058.npy,angry,test
features_logmel\test\12059.npy,neutral,test
features_logmel\test\12060.npy,happy,test
features_logmel\test\12061.npy,happy,test
features_logmel\test\12062.npy,sad,test
features_logmel\test\12063.npy,sad,test
features_logmel\test\12064.npy,angry,test
features_logmel\test\12065.npy,angry,test
features_logmel\test\12066.npy,happy,test
features_logmel\test\12067.npy,neutral,test
features_logmel\test\12068.npy,neutral,test
features_logmel\test\12069.npy,neutral,test
features_logmel\test\12070.npy,neutral,test
features_logmel\test\12071.npy,neutral,test
features_logmel\test\12072.npy,neutral,test
features_logmel\test\12073.npy,angry,test
features_logmel\test\12074.npy,sad,test
features_logmel\test\12075.npy,neutral,test
features_logmel\test\12076.npy,sad,test
features_logmel\test\12077.npy,sad,test
features_logmel\test\12078.npy,neutral,test
features_logmel\test\12079.npy,happy,test
features_logmel\test\12080.npy,happy,test
features_logmel\test\12081.npy,happy,test
features_logmel\test\12082.npy,happy,test
features_logmel\test\12083.npy,angry,test
features_logmel\test\12084.npy,happy,test
features_logmel\test\12085.npy,neutral,test
features_logmel\test\12086.npy,angry,test
features_logmel\test\12087.npy,happy,test
features_logmel\test\12088.npy,angry,test
features_logmel\test\12089.npy,neutral,test
features_logmel\test\12090.npy,angry,test
features_logmel\test\12091.npy,sad,test
features_logmel\test\12092.npy,angry,test
features_logmel\test\12093.npy,angry,test
features_logmel\test\12094.npy,happy,test
features_logmel\test\12095.npy,neutral,test
features_logmel\test\12096.npy,happy,test
features_logmel\test\12097.npy,happy,test
features_logmel\test\12098.npy,neutral,test
features_logmel\test\12099.npy,angry,test
features_logmel\test\12100.npy,happy,test
features_logmel\test\12101.npy,angry,test
features_logmel\test\12102.npy,happy,test
features_logmel\test\12103.npy,sad,test
features_logmel\test\12104.npy,happy,test
features_logmel\test\12105.npy,neutral,test
features_logmel\test\12106.npy,neutral,test
features_logmel\test\12107.npy,sad,test
features_logmel\test\12108.npy,angry,test
features_logmel\test\12109.npy,angry,test
features_logmel\test\12110.npy,angry,test
features_logmel\test\12111.npy,angry,test
features_logmel\test\12112.npy,happy,test
features_logmel\test\12113.npy,happy,test
features_logmel\test\12114.npy,neutral,test
features_logmel\test\12115.npy,neutral,test
features_logmel\test\12116.npy,angry,test
features_logmel\test\12117.npy,happy,test
features_logmel\test\12118.npy,angry,test
features_logmel\test\12119.npy,neutral,test
features_logmel\test\12120.npy,happy,test
features_logmel\test\12121.npy,sad,test
features_logmel\test\12122.npy,sad,test
features_logmel\test\12123.npy,angry,test
features_logmel\test\12124.npy,happy,test
features_logmel\test\12125.npy,neutral,test
features_logmel\test\12126.npy,neutral,test
features_logmel\test\12127.npy,angry,test
features_logmel\test\12128.npy,neutral,test
features_logmel\test\12129.npy,happy,test
features_logmel\test\12130.npy,angry,test
features_logmel\test\12131.npy,happy,test
features_logmel\test\12132.npy,angry,test
features_logmel\test\12133.npy,sad,test
features_logmel\test\12134.npy,happy,test
features_logmel\test\12135.npy,sad,test
features_logmel\test\12136.npy,sad,test
features_logmel\test\12137.npy,happy,test
features_logmel\test\12138.npy,happy,test
features_logmel\test\12139.npy,happy,test
features_logmel\test\12140.npy,neutral,test
features_logmel\test\12141.npy,angry,test
features_logmel\test\12142.npy,sad,test
features_logmel\test\12143.npy,sad,test
features_logmel\test\12144.npy,sad,test
features_logmel\test\12145.npy,angry,test
features_logmel\test\12146.npy,sad,test
features_logmel\test\12147.npy,sad,test
features_logmel\test\12148.npy,angry,test
features_logmel\test\12149.npy,angry,test
features_logmel\test\12150.npy,neutral,test
features_logmel\test\12151.npy,neutral,test
features_logmel\test\12152.npy,neutral,test
features_logmel\test\12153.npy,happy,test
features_logmel\test\12154.npy,angry,test
features_logmel\test\12155.npy,happy,test
features_logmel\test\12156.npy,neutral,test
features_logmel\test\12157.npy,sad,test
features_logmel\test\12158.npy,neutral,test
